-- phpMyAdmin SQL Dump
-- version 4.8.5
-- https://www.phpmyadmin.net/
--
-- Host: 127.0.0.1
-- Generation Time: Nov 06, 2019 at 10:39 AM
-- Server version: 10.1.39-MariaDB
-- PHP Version: 7.3.5

SET SQL_MODE = "NO_AUTO_VALUE_ON_ZERO";
SET AUTOCOMMIT = 0;
START TRANSACTION;
SET time_zone = "+00:00";


/*!40101 SET @OLD_CHARACTER_SET_CLIENT=@@CHARACTER_SET_CLIENT */;
/*!40101 SET @OLD_CHARACTER_SET_RESULTS=@@CHARACTER_SET_RESULTS */;
/*!40101 SET @OLD_COLLATION_CONNECTION=@@COLLATION_CONNECTION */;
/*!40101 SET NAMES utf8mb4 */;

--
-- Database: `cakephp2`
--

-- --------------------------------------------------------

--
-- Table structure for table `comments`
--

CREATE TABLE `comments` (
  `id` int(11) NOT NULL,
  `user_id` int(11) NOT NULL,
  `post_id` int(255) NOT NULL,
  `comment_id` int(255) DEFAULT NULL,
  `comment` varchar(255) NOT NULL,
  `comment_count` int(128) DEFAULT '0',
  `created` datetime DEFAULT NULL,
  `modified` datetime DEFAULT NULL,
  `deleted` tinyint(1) DEFAULT '0',
  `deleted_date` datetime DEFAULT NULL
) ENGINE=InnoDB DEFAULT CHARSET=latin1;

--
-- Dumping data for table `comments`
--

INSERT INTO `comments` (`id`, `user_id`, `post_id`, `comment_id`, `comment`, `comment_count`, `created`, `modified`, `deleted`, `deleted_date`) VALUES
(38, 9, 16, NULL, 'Test', 1, '2019-10-23 18:13:06', '2019-10-23 18:13:28', 1, '2019-10-23 18:13:28'),
(39, 9, 16, 38, 'Again!', 0, '2019-10-23 18:13:25', '2019-10-23 18:13:25', 1, '2019-10-23 18:13:28'),
(40, 9, 16, NULL, 'Test', 1, '2019-10-23 18:13:59', '2019-10-23 18:14:54', 1, '2019-10-23 18:14:54'),
(41, 9, 16, 40, 'hey', 0, '2019-10-23 18:14:19', '2019-10-23 18:14:19', 1, '2019-10-23 18:14:54'),
(42, 9, 16, NULL, 'Again', 1, '2019-10-23 18:14:25', '2019-10-23 18:14:39', 1, '2019-10-23 18:14:39'),
(43, 9, 16, 42, 'Nooo', 0, '2019-10-23 18:14:30', '2019-10-23 18:14:30', 1, '2019-10-23 18:14:39'),
(44, 9, 16, NULL, 'Test', 1, '2019-10-23 18:16:39', '2019-10-28 17:25:04', 1, '2019-10-28 17:25:04'),
(45, 9, 16, 44, 'Try', 0, '2019-10-23 18:20:07', '2019-10-23 18:20:07', 1, '2019-10-28 17:25:04'),
(46, 9, 16, NULL, 'Try', 1, '2019-10-23 18:22:26', '2019-10-28 17:25:02', 1, '2019-10-28 17:25:02'),
(47, 9, 16, 46, 'Lets goo!', 0, '2019-10-23 18:22:32', '2019-10-24 17:44:58', 1, '2019-10-28 17:25:02'),
(48, 9, 17, NULL, 'Bug', 0, '2019-10-23 18:24:03', '2019-10-24 09:48:14', 1, '2019-10-24 09:48:14'),
(49, 9, 43, NULL, 'test', 0, '2019-10-24 09:15:30', '2019-10-24 09:16:58', 1, '2019-10-24 09:16:58'),
(50, 9, 43, NULL, 'Test', 0, '2019-10-24 09:17:05', '2019-10-24 09:17:29', 1, '2019-10-24 09:17:29'),
(51, 9, 43, NULL, 'test', 0, '2019-10-24 09:18:01', '2019-10-24 09:19:51', 1, '2019-10-24 09:19:51'),
(52, 9, 43, NULL, 'Hey', 2, '2019-10-24 09:19:57', '2019-10-24 09:20:15', 1, '2019-10-24 09:20:15'),
(53, 9, 43, 52, 'I just met you', 0, '2019-10-24 09:20:03', '2019-10-24 09:20:03', 1, '2019-10-24 09:20:15'),
(54, 9, 43, 52, 'Here my number', 0, '2019-10-24 09:20:10', '2019-10-24 09:20:10', 1, '2019-10-24 09:20:15'),
(55, 9, 43, NULL, 'jas', 1, '2019-10-24 09:20:26', '2019-10-24 09:20:48', 1, '2019-10-24 09:20:48'),
(56, 9, 43, 55, 'ffffffffffffffffffffffffffffffffffffffffffffffffffffffffffffffffffffffffffffffffffffffffffffffffffffffffffffffffffffffffffffffffffffffffffff', 0, '2019-10-24 09:20:34', '2019-10-24 09:20:34', 1, '2019-10-24 09:20:48'),
(57, 9, 17, NULL, 'Try', 0, '2019-10-24 09:48:21', '2019-10-24 09:51:16', 1, '2019-10-24 09:51:16'),
(58, 9, 17, NULL, 'Try again', 2, '2019-10-24 09:51:24', '2019-10-24 10:39:06', 1, '2019-10-24 10:39:06'),
(59, 9, 17, 58, 'test', 0, '2019-10-24 09:56:57', '2019-10-24 09:56:57', 1, '2019-10-24 10:39:06'),
(60, 9, 17, NULL, 'Try?', 0, '2019-10-24 09:59:57', '2019-10-24 10:39:10', 1, '2019-10-24 10:39:10'),
(61, 9, 17, NULL, 'Again', 0, '2019-10-24 10:01:07', '2019-10-24 10:01:25', 1, '2019-10-24 10:01:25'),
(62, 9, 17, 58, 'Test?', 0, '2019-10-24 10:03:54', '2019-10-24 10:03:54', 1, '2019-10-24 10:39:06'),
(70, 9, 17, NULL, 'Again!', 1, '2019-10-24 10:38:41', '2019-10-24 10:39:03', 1, '2019-10-24 10:39:03'),
(71, 9, 17, 70, 'Cool', 0, '2019-10-24 10:38:49', '2019-10-24 10:38:49', 1, '2019-10-24 10:39:03'),
(72, 9, 17, NULL, 'Test', 1, '2019-10-24 10:39:21', '2019-10-24 10:42:11', 1, '2019-10-24 10:42:11'),
(73, 9, 17, 72, 'Test', 0, '2019-10-24 10:39:26', '2019-10-24 10:39:26', 1, '2019-10-24 10:42:11'),
(74, 8, 17, NULL, 'Edit meee! Agaaain!!! Grr!! Argghhh! Ahhhhhhhhhhhhh eyo', 0, '2019-10-24 10:43:06', '2019-10-24 13:17:21', 0, NULL),
(75, 9, 17, 74, 'And again!', 0, '2019-10-24 10:43:22', '2019-10-25 16:25:32', 1, '2019-10-25 16:25:32'),
(76, 9, 17, NULL, 'Crazy! Am I right! Lets goo! Again!!', 0, '2019-10-24 11:46:22', '2019-10-24 12:55:48', 0, NULL),
(77, 9, 17, NULL, 'LETS GOO', 0, '2019-10-24 13:07:58', '2019-10-24 13:57:03', 1, '2019-10-24 13:57:03'),
(78, 9, 17, NULL, 'Try?', 0, '2019-10-24 13:09:00', '2019-10-24 13:16:28', 1, '2019-10-24 13:16:28'),
(79, 9, 17, NULL, 'h', 0, '2019-10-24 13:10:21', '2019-10-24 13:16:27', 1, '2019-10-24 13:16:27'),
(80, 9, 17, 74, 'Try again?', 0, '2019-10-24 13:14:12', '2019-10-25 16:29:02', 1, '2019-10-25 16:29:02'),
(81, 8, 17, NULL, 'Hey there', 1, '2019-10-24 13:17:28', '2019-10-24 13:17:28', 0, NULL),
(82, 9, 17, 81, 'Test!', 0, '2019-10-24 13:47:28', '2019-10-25 16:18:41', 1, '2019-10-25 16:18:41'),
(83, 9, 17, NULL, 'Again!', 0, '2019-10-24 13:47:34', '2019-10-25 16:18:33', 1, '2019-10-25 16:18:33'),
(84, 9, 17, NULL, 'Again?', 0, '2019-10-24 13:56:06', '2019-10-24 13:56:11', 1, '2019-10-24 13:56:11'),
(85, 9, 17, 81, 'Reply here', 0, '2019-10-24 13:56:37', '2019-10-25 16:26:02', 1, '2019-10-25 16:26:02'),
(86, 9, 17, NULL, 'Test me again', 0, '2019-10-24 16:22:23', '2019-10-25 16:25:28', 1, '2019-10-25 16:25:28'),
(87, 9, 18, NULL, 'Try', 0, '2019-10-24 17:36:56', '2019-10-24 17:36:56', 0, NULL),
(88, 9, 16, NULL, 'More than 3?', 0, '2019-10-25 11:44:30', '2019-10-28 17:25:06', 1, '2019-10-28 17:25:06'),
(89, 9, 16, NULL, 'Again?', 0, '2019-10-25 11:45:01', '2019-10-28 17:24:59', 1, '2019-10-28 17:24:59'),
(90, 9, 43, NULL, 'dddd', 0, '2019-10-25 11:45:34', '2019-10-28 16:54:05', 1, '2019-10-28 16:54:05'),
(91, 9, 7, NULL, 'Try', 0, '2019-10-25 13:28:00', '2019-10-25 13:28:00', 0, NULL),
(92, 9, 17, NULL, 'Sup!', 0, '2019-10-25 13:34:34', '2019-10-25 16:25:25', 1, '2019-10-25 16:25:25'),
(93, 9, 17, 92, 'Eyoo!', 0, '2019-10-25 13:37:24', '2019-10-25 14:40:26', 1, '2019-10-25 16:25:25'),
(94, 9, 17, NULL, 'Test', 0, '2019-10-25 13:50:56', '2019-10-25 15:51:13', 1, '2019-10-25 15:51:13'),
(95, 9, 17, NULL, 'Again!', 0, '2019-10-25 13:51:06', '2019-10-25 15:50:54', 1, '2019-10-25 15:50:54'),
(96, 9, 17, NULL, 'Again??', 0, '2019-10-25 13:52:24', '2019-10-25 15:48:18', 1, '2019-10-25 15:48:18'),
(97, 9, 17, NULL, 'Here?', 0, '2019-10-25 13:52:32', '2019-10-25 15:48:17', 1, '2019-10-25 15:48:17'),
(98, 9, 17, NULL, 'Test me agaain!', 0, '2019-10-25 13:57:10', '2019-10-25 15:48:16', 1, '2019-10-25 15:48:16'),
(99, 9, 17, NULL, 'And again!', 0, '2019-10-25 13:57:33', '2019-10-25 15:48:15', 1, '2019-10-25 15:48:15'),
(100, 9, 17, NULL, 'Test?', 0, '2019-10-25 14:01:44', '2019-10-25 15:47:31', 1, '2019-10-25 15:47:31'),
(101, 9, 17, NULL, 'Again!', 0, '2019-10-25 14:05:29', '2019-10-25 15:48:14', 1, '2019-10-25 15:48:14'),
(102, 9, 17, NULL, 'Try me', 0, '2019-10-25 14:06:19', '2019-10-25 15:48:12', 1, '2019-10-25 15:48:12'),
(103, 9, 17, NULL, 'Again', 0, '2019-10-25 14:07:39', '2019-10-25 15:47:04', 1, '2019-10-25 15:47:04'),
(104, 9, 17, NULL, 'AgainAgain?', 0, '2019-10-25 14:07:46', '2019-10-25 15:39:18', 1, '2019-10-25 15:39:18'),
(105, 9, 17, NULL, 'LETS GO', 0, '2019-10-25 14:07:53', '2019-10-25 15:48:11', 1, '2019-10-25 15:48:11'),
(106, 9, 17, NULL, 'test?', 0, '2019-10-25 14:09:03', '2019-10-25 15:39:10', 1, '2019-10-25 15:39:10'),
(107, 9, 17, NULL, 'Again?', 0, '2019-10-25 14:24:00', '2019-10-25 15:39:08', 1, '2019-10-25 15:39:08'),
(108, 9, 17, NULL, 'te', 0, '2019-10-25 14:24:58', '2019-10-25 14:37:28', 1, '2019-10-25 14:37:28'),
(109, 9, 17, NULL, 'again?', 0, '2019-10-25 14:30:31', '2019-10-25 14:37:26', 1, '2019-10-25 14:37:26'),
(110, 9, 17, NULL, 'test', 0, '2019-10-25 14:37:33', '2019-10-25 15:39:05', 1, '2019-10-25 15:39:05'),
(111, 9, 17, NULL, 'hey there', 1, '2019-10-25 14:39:13', '2019-10-25 15:14:07', 1, '2019-10-25 15:14:07'),
(112, 9, 17, 92, 'Again?', 0, '2019-10-25 14:40:32', '2019-10-25 16:24:01', 1, '2019-10-25 16:25:25'),
(113, 9, 17, 111, 'test', 0, '2019-10-25 14:41:14', '2019-10-25 14:41:14', 1, '2019-10-25 15:14:07'),
(114, 9, 17, NULL, 'Try me', 0, '2019-10-25 14:44:43', '2019-10-25 15:39:02', 1, '2019-10-25 15:39:02'),
(115, 9, 17, NULL, 'again?', 0, '2019-10-25 14:48:53', '2019-10-25 15:38:28', 1, '2019-10-25 15:38:28'),
(116, 9, 17, NULL, 'test', 0, '2019-10-25 14:51:23', '2019-10-25 15:38:07', 1, '2019-10-25 15:38:07'),
(117, 9, 17, NULL, 'and again', 2, '2019-10-25 14:51:30', '2019-10-25 15:05:01', 1, '2019-10-25 15:05:01'),
(118, 9, 17, NULL, 'test here', 0, '2019-10-25 14:51:37', '2019-10-25 15:48:10', 1, '2019-10-25 15:48:10'),
(119, 9, 17, NULL, 'hehe', 0, '2019-10-25 14:52:06', '2019-10-25 14:52:09', 1, '2019-10-25 14:52:09'),
(120, 9, 17, 117, 'Test?', 0, '2019-10-25 14:52:50', '2019-10-25 15:04:54', 1, '2019-10-25 15:05:01'),
(121, 9, 17, 117, 'test?', 0, '2019-10-25 14:55:32', '2019-10-25 15:04:50', 1, '2019-10-25 15:05:01'),
(122, 9, 17, NULL, 'g', 2, '2019-10-25 15:00:53', '2019-10-25 15:04:27', 1, '2019-10-25 15:04:27'),
(123, 9, 17, 117, 'eyo', 0, '2019-10-25 15:00:59', '2019-10-25 15:04:57', 1, '2019-10-25 15:05:01'),
(124, 9, 17, 117, 'again', 0, '2019-10-25 15:03:20', '2019-10-25 15:03:20', 1, '2019-10-25 15:05:01'),
(125, 9, 17, 117, 'Again', 0, '2019-10-25 15:03:48', '2019-10-25 15:03:48', 1, '2019-10-25 15:05:01'),
(126, 9, 17, NULL, 'LEts goo', 0, '2019-10-25 15:03:57', '2019-10-25 15:05:23', 1, '2019-10-25 15:05:23'),
(127, 9, 17, 122, 'g', 0, '2019-10-25 15:04:05', '2019-10-25 15:04:05', 1, '2019-10-25 15:04:27'),
(128, 9, 17, 122, 'g', 0, '2019-10-25 15:04:08', '2019-10-25 15:04:08', 1, '2019-10-25 15:04:27'),
(129, 9, 17, NULL, 'hey', 0, '2019-10-25 15:04:11', '2019-10-25 15:05:25', 1, '2019-10-25 15:05:25'),
(130, 9, 17, NULL, 'hey', 0, '2019-10-25 15:04:20', '2019-10-25 15:05:36', 1, '2019-10-25 15:05:36'),
(131, 9, 17, NULL, 'test again?', 1, '2019-10-25 15:13:39', '2019-10-25 15:13:47', 1, '2019-10-25 15:13:47'),
(132, 9, 17, 131, 'test me here', 0, '2019-10-25 15:13:45', '2019-10-25 15:13:45', 1, '2019-10-25 15:13:47'),
(133, 9, 17, NULL, 'lets go here', 0, '2019-10-25 15:13:59', '2019-10-25 15:39:12', 1, '2019-10-25 15:39:12'),
(134, 9, 17, NULL, 'test', 0, '2019-10-25 15:47:28', '2019-10-25 15:48:08', 1, '2019-10-25 15:48:08'),
(135, 9, 28, NULL, 'test', 0, '2019-10-25 15:49:02', '2019-10-25 15:49:21', 1, '2019-10-25 15:49:21'),
(136, 9, 28, NULL, 'again', 0, '2019-10-25 15:49:05', '2019-10-25 15:49:18', 1, '2019-10-25 15:49:18'),
(137, 9, 28, NULL, 'here', 0, '2019-10-25 15:49:09', '2019-10-25 15:49:17', 1, '2019-10-25 15:49:17'),
(138, 9, 28, NULL, 'here', 0, '2019-10-25 15:49:12', '2019-10-25 15:49:16', 1, '2019-10-25 15:49:16'),
(139, 9, 17, NULL, 'Test', 0, '2019-10-25 15:50:59', '2019-10-25 15:51:11', 1, '2019-10-25 15:51:11'),
(140, 9, 17, 92, 'HEllo', 0, '2019-10-25 15:51:27', '2019-10-25 16:19:03', 1, '2019-10-25 16:25:25'),
(141, 9, 44, NULL, 'Hi!', 0, '2019-10-25 16:17:50', '2019-10-25 16:17:50', 0, NULL),
(142, 9, 17, 76, 'Test me?', 0, '2019-10-25 16:25:43', '2019-10-25 16:25:46', 1, '2019-10-25 16:25:46'),
(143, 9, 17, 76, 'LETS GOO', 0, '2019-10-25 16:25:56', '2019-10-25 16:25:58', 1, '2019-10-25 16:25:58'),
(144, 9, 17, 81, 'Hey there too!', 0, '2019-10-25 16:26:09', '2019-10-25 16:28:46', 0, NULL),
(145, 9, 17, NULL, 'Lets go', 0, '2019-10-25 16:28:56', '2019-10-25 17:07:20', 1, '2019-10-25 17:07:20'),
(146, 9, 17, 74, 'Hey', 0, '2019-10-25 16:29:29', '2019-10-25 16:37:31', 1, '2019-10-25 16:37:31'),
(147, 9, 17, 74, 'test again', 0, '2019-10-25 16:41:34', '2019-10-25 16:42:43', 1, '2019-10-25 16:42:43'),
(148, 9, 17, 74, 'Try', 0, '2019-10-25 16:46:01', '2019-10-25 16:46:13', 1, '2019-10-25 16:46:13'),
(149, 9, 17, 74, 'Try', 0, '2019-10-25 17:04:31', '2019-10-25 17:04:38', 1, '2019-10-25 17:04:38'),
(150, 9, 17, NULL, 'Again', 0, '2019-10-25 17:07:28', '2019-10-28 17:24:41', 1, '2019-10-28 17:24:41'),
(151, 9, 17, 74, 'Lets go', 0, '2019-10-25 17:09:34', '2019-10-25 17:09:36', 1, '2019-10-25 17:09:36'),
(152, 9, 17, 74, 'Try?', 0, '2019-10-25 17:27:44', '2019-10-25 17:27:51', 1, '2019-10-25 17:27:51'),
(153, 9, 17, 74, 'Try', 0, '2019-10-25 17:29:44', '2019-10-25 17:29:46', 1, '2019-10-25 17:29:46'),
(154, 9, 17, 74, 'Try again', 0, '2019-10-25 17:30:04', '2019-10-25 17:30:11', 1, '2019-10-25 17:30:11'),
(155, 9, 17, NULL, 'Try mee next', 0, '2019-10-25 17:30:25', '2019-10-25 17:37:11', 1, '2019-10-25 17:37:11'),
(156, 9, 17, NULL, 'Test', 0, '2019-10-25 17:31:09', '2019-10-25 17:36:26', 1, '2019-10-25 17:36:26'),
(157, 9, 17, NULL, 'Again', 0, '2019-10-25 17:31:52', '2019-10-25 17:37:09', 1, '2019-10-25 17:37:09'),
(158, 9, 17, NULL, 'try mee', 0, '2019-10-25 17:33:15', '2019-10-28 17:24:39', 1, '2019-10-28 17:24:39'),
(159, 9, 17, NULL, 'again', 0, '2019-10-25 17:33:31', '2019-10-28 17:24:38', 1, '2019-10-28 17:24:38'),
(160, 9, 17, NULL, 'again', 0, '2019-10-25 17:33:38', '2019-10-25 17:42:09', 1, '2019-10-25 17:42:09'),
(161, 9, 17, NULL, 'test', 0, '2019-10-25 17:34:21', '2019-10-25 17:36:55', 1, '2019-10-25 17:36:55'),
(162, 9, 17, NULL, 'test', 0, '2019-10-25 17:35:12', '2019-10-25 17:36:20', 1, '2019-10-25 17:36:20'),
(163, 9, 17, NULL, 'tl', 0, '2019-10-25 17:35:51', '2019-10-25 17:36:16', 1, '2019-10-25 17:36:16'),
(164, 9, 17, 157, 'hey', 0, '2019-10-25 17:37:05', '2019-10-25 17:37:06', 1, '2019-10-25 17:37:09'),
(165, 9, 43, NULL, 'Hey', 0, '2019-10-28 09:03:03', '2019-10-28 16:54:03', 1, '2019-10-28 16:54:03'),
(166, 9, 40, NULL, 'Test', 0, '2019-10-28 09:24:43', '2019-10-28 09:40:38', 1, '2019-10-28 09:40:38'),
(167, 9, 40, NULL, 'Again', 0, '2019-10-28 09:25:20', '2019-10-28 09:40:36', 1, '2019-10-28 09:40:36'),
(168, 9, 40, NULL, 'Again?', 0, '2019-10-28 09:25:54', '2019-10-28 09:40:34', 1, '2019-10-28 09:40:34'),
(169, 9, 40, NULL, 'Test?', 0, '2019-10-28 09:27:08', '2019-10-28 09:40:30', 1, '2019-10-28 09:40:30'),
(170, 9, 40, NULL, 'Hey', 0, '2019-10-28 09:27:59', '2019-10-28 09:40:28', 1, '2019-10-28 09:40:28'),
(171, 9, 40, NULL, 'Hey', 0, '2019-10-28 09:28:22', '2019-10-28 09:40:27', 1, '2019-10-28 09:40:27'),
(172, 9, 40, NULL, 'Try', 0, '2019-10-28 09:28:49', '2019-10-28 09:40:26', 1, '2019-10-28 09:40:26'),
(173, 9, 40, NULL, 'Hey', 0, '2019-10-28 09:29:33', '2019-10-28 09:40:20', 1, '2019-10-28 09:40:20'),
(174, 9, 40, NULL, 'Test?', 0, '2019-10-28 09:30:19', '2019-10-28 09:40:16', 1, '2019-10-28 09:40:15'),
(175, 9, 40, NULL, 'try', 0, '2019-10-28 09:31:21', '2019-10-28 09:40:24', 1, '2019-10-28 09:40:24'),
(176, 9, 40, NULL, 'Hey?', 0, '2019-10-28 09:31:41', '2019-10-28 09:40:09', 1, '2019-10-28 09:40:09'),
(177, 9, 40, NULL, 'hey', 0, '2019-10-28 09:31:58', '2019-10-28 09:40:23', 1, '2019-10-28 09:40:23'),
(178, 9, 40, NULL, 'try', 0, '2019-10-28 09:32:21', '2019-10-28 09:40:21', 1, '2019-10-28 09:40:21'),
(179, 9, 40, NULL, 'try', 0, '2019-10-28 09:33:46', '2019-10-28 09:40:11', 1, '2019-10-28 09:40:11'),
(180, 9, 40, NULL, 'again', 0, '2019-10-28 09:33:59', '2019-10-28 09:40:05', 1, '2019-10-28 09:40:05'),
(181, 9, 40, NULL, 'again', 0, '2019-10-28 09:35:15', '2019-10-28 09:40:04', 1, '2019-10-28 09:40:04'),
(182, 9, 40, NULL, 'and again', 0, '2019-10-28 09:35:39', '2019-10-28 09:38:05', 1, '2019-10-28 09:38:05'),
(183, 9, 40, NULL, 'Hi?', 1, '2019-10-28 09:35:45', '2019-10-28 09:36:46', 1, '2019-10-28 09:36:46'),
(184, 9, 40, 183, 'Test?', 0, '2019-10-28 09:35:52', '2019-10-28 09:35:52', 1, '2019-10-28 09:36:46'),
(185, 9, 40, NULL, 'Try me', 0, '2019-10-28 09:38:12', '2019-10-28 09:40:00', 1, '2019-10-28 09:40:00'),
(186, 9, 40, NULL, 'Again?', 0, '2019-10-28 09:38:16', '2019-10-28 09:39:54', 1, '2019-10-28 09:39:54'),
(187, 9, 40, NULL, 'test', 0, '2019-10-28 09:38:58', '2019-10-28 09:39:05', 1, '2019-10-28 09:39:05'),
(188, 9, 40, NULL, 'again', 0, '2019-10-28 09:39:02', '2019-10-28 09:39:03', 1, '2019-10-28 09:39:03'),
(189, 11, 47, NULL, 'Hello!', 1, '2019-10-28 11:20:19', '2019-10-28 11:20:49', 1, '2019-10-28 11:20:49'),
(190, 11, 47, 189, 'Hi! There!', 0, '2019-10-28 11:20:26', '2019-10-28 11:20:34', 1, '2019-10-28 11:20:49'),
(191, 9, 51, NULL, 'Okay bruh', 0, '2019-10-29 09:31:06', '2019-10-29 09:31:06', 0, NULL),
(192, 9, 17, NULL, 'Test', 0, '2019-10-29 10:43:39', '2019-10-29 13:09:07', 0, NULL),
(193, 9, 17, NULL, 'Sigma and Orisa OP indeed', 4, '2019-10-29 10:44:58', '2019-10-29 10:44:58', 0, NULL),
(194, 9, 17, 193, 'Yup its true!', 0, '2019-10-29 10:45:06', '2019-10-29 10:45:06', 0, NULL),
(195, 9, 17, 193, 'Nah', 0, '2019-10-29 10:45:12', '2019-10-29 10:45:12', 0, NULL),
(196, 9, 49, NULL, 'Really!', 0, '2019-10-29 13:27:23', '2019-10-29 13:29:21', 1, '2019-10-29 13:29:21'),
(197, 9, 17, 193, 'Orisa is the worse', 0, '2019-10-29 13:35:17', '2019-10-29 13:35:17', 0, NULL),
(198, 9, 17, 193, 'LETS GO DOOD', 0, '2019-10-29 13:35:27', '2019-10-29 13:35:27', 0, NULL),
(199, 9, 17, 193, 'Minecrafter', 0, '2019-10-29 13:35:37', '2019-10-29 13:41:48', 1, '2019-10-29 13:41:48'),
(200, 8, 48, NULL, 'Test here!', 0, '2019-10-29 14:21:54', '2019-10-29 14:21:54', 0, NULL),
(201, 8, 46, NULL, 'Test mee', 0, '2019-10-29 14:28:30', '2019-10-29 14:28:30', 0, NULL),
(202, 9, 60, NULL, 'Hey', 0, '2019-10-30 16:17:59', '2019-10-30 16:17:59', 0, NULL),
(203, 1020, 127, NULL, 'Test', 0, '2019-11-06 17:11:58', '2019-11-06 17:11:58', 0, NULL),
(204, 1020, 162, NULL, 'Test', 0, '2019-11-06 17:20:10', '2019-11-06 17:20:10', 0, NULL),
(205, 1020, 162, NULL, 'test', 0, '2019-11-06 17:20:13', '2019-11-06 17:20:13', 0, NULL),
(206, 1020, 162, NULL, 'test', 0, '2019-11-06 17:20:16', '2019-11-06 17:20:16', 0, NULL),
(207, 1020, 162, NULL, 'test', 1, '2019-11-06 17:20:19', '2019-11-06 17:20:19', 0, NULL),
(208, 1020, 162, 207, 'Rep', 0, '2019-11-06 17:20:24', '2019-11-06 17:20:24', 0, NULL);

-- --------------------------------------------------------

--
-- Table structure for table `followers`
--

CREATE TABLE `followers` (
  `id` int(11) NOT NULL,
  `user_follower_id` int(11) NOT NULL,
  `user_followee_id` int(11) NOT NULL,
  `accepted` tinyint(1) DEFAULT '0',
  `created` datetime DEFAULT NULL,
  `modified` datetime DEFAULT NULL,
  `deleted` tinyint(1) DEFAULT '0',
  `deleted_date` datetime DEFAULT NULL
) ENGINE=InnoDB DEFAULT CHARSET=latin1;

--
-- Dumping data for table `followers`
--

INSERT INTO `followers` (`id`, `user_follower_id`, `user_followee_id`, `accepted`, `created`, `modified`, `deleted`, `deleted_date`) VALUES
(38, 9, 11, 0, '2019-10-21 15:58:29', '2019-10-21 15:58:29', 0, NULL),
(49, 11, 8, 1, '2019-10-28 13:05:25', '2019-11-06 15:46:33', 0, NULL),
(77, 8, 9, 1, '2019-11-06 14:24:32', '2019-11-06 14:24:38', 0, NULL),
(79, 9, 8, 1, '2019-11-06 15:46:20', '2019-11-06 15:46:29', 0, NULL);

-- --------------------------------------------------------

--
-- Table structure for table `likes`
--

CREATE TABLE `likes` (
  `id` int(255) NOT NULL,
  `user_id` int(11) NOT NULL,
  `post_id` int(255) NOT NULL,
  `created` datetime DEFAULT NULL,
  `modified` datetime DEFAULT NULL,
  `deleted` tinyint(1) DEFAULT '0',
  `deleted_date` datetime DEFAULT NULL
) ENGINE=InnoDB DEFAULT CHARSET=latin1;

--
-- Dumping data for table `likes`
--

INSERT INTO `likes` (`id`, `user_id`, `post_id`, `created`, `modified`, `deleted`, `deleted_date`) VALUES
(24, 11, 18, '2019-10-18 10:04:33', '2019-10-18 10:04:33', 0, NULL),
(27, 9, 15, '2019-10-18 10:16:18', '2019-10-18 10:16:18', 0, NULL),
(28, 9, 13, '2019-10-18 10:18:13', '2019-10-18 10:18:13', 0, NULL),
(29, 9, 14, '2019-10-18 10:22:23', '2019-10-18 10:22:23', 0, NULL),
(30, 9, 12, '2019-10-18 10:22:52', '2019-10-18 10:22:52', 0, NULL),
(31, 9, 11, '2019-10-18 10:44:05', '2019-10-18 10:44:05', 0, NULL),
(33, 9, 10, '2019-10-18 10:49:24', '2019-10-18 10:49:24', 0, NULL),
(34, 11, 27, '2019-10-18 10:49:49', '2019-10-18 10:49:49', 0, NULL),
(39, 9, 18, '2019-10-18 11:23:38', '2019-10-18 11:23:38', 0, NULL),
(43, 9, 31, '2019-10-18 17:48:53', '2019-10-18 17:48:53', 0, NULL),
(48, 9, 40, '2019-10-23 09:23:09', '2019-10-23 09:23:09', 0, NULL),
(49, 9, 41, '2019-10-23 09:23:43', '2019-10-23 09:23:43', 0, NULL),
(51, 9, 16, '2019-10-24 09:14:25', '2019-10-24 09:14:25', 0, NULL),
(62, 9, 17, '2019-10-24 10:04:19', '2019-10-24 10:04:19', 0, NULL),
(63, 9, 44, '2019-10-25 16:17:51', '2019-10-25 16:17:51', 0, NULL),
(65, 11, 47, '2019-10-28 11:20:36', '2019-10-28 11:20:36', 0, NULL),
(75, 9, 51, '2019-10-29 09:31:12', '2019-10-29 09:31:12', 0, NULL),
(84, 18, 29, '2019-10-29 10:18:51', '2019-10-29 10:18:51', 0, NULL),
(86, 9, 49, '2019-10-29 11:41:35', '2019-10-29 11:41:35', 0, NULL),
(87, 9, 29, '2019-10-29 11:41:41', '2019-10-29 11:41:41', 0, NULL),
(97, 9, 93, '2019-11-04 15:04:29', '2019-11-04 15:04:29', 0, NULL),
(110, 9, 96, '2019-11-04 16:10:51', '2019-11-04 16:10:51', 0, NULL),
(171, 9, 95, '2019-11-04 17:05:46', '2019-11-04 17:05:46', 0, NULL),
(175, 9, 109, '2019-11-05 09:22:53', '2019-11-05 09:22:53', 0, NULL),
(181, 9, 111, '2019-11-05 09:23:14', '2019-11-05 09:23:14', 0, NULL),
(186, 9, 112, '2019-11-05 09:25:14', '2019-11-05 09:25:14', 0, NULL),
(187, 9, 113, '2019-11-05 09:25:17', '2019-11-05 09:25:17', 0, NULL);

-- --------------------------------------------------------

--
-- Table structure for table `notifications`
--

CREATE TABLE `notifications` (
  `id` int(11) NOT NULL,
  `user_id` int(11) NOT NULL,
  `message` varchar(255) NOT NULL,
  `created` datetime DEFAULT NULL,
  `modified` datetime DEFAULT NULL,
  `deleted` tinyint(1) DEFAULT '0',
  `deleted_date` datetime DEFAULT NULL
) ENGINE=InnoDB DEFAULT CHARSET=latin1;

-- --------------------------------------------------------

--
-- Table structure for table `posts`
--

CREATE TABLE `posts` (
  `id` int(255) NOT NULL,
  `user_id` int(11) NOT NULL,
  `body` varchar(255) NOT NULL,
  `image` varchar(128) DEFAULT NULL,
  `image_dir` varchar(128) DEFAULT NULL,
  `visibility` tinyint(2) NOT NULL,
  `user_share_id` int(11) DEFAULT NULL,
  `post_id` int(255) DEFAULT NULL,
  `like_count` int(128) DEFAULT '0',
  `post_count` int(128) DEFAULT '0',
  `comment_count` int(128) DEFAULT '0',
  `created` datetime DEFAULT NULL,
  `modified` datetime DEFAULT NULL,
  `deleted` tinyint(1) DEFAULT '0',
  `deleted_date` datetime DEFAULT NULL
) ENGINE=InnoDB DEFAULT CHARSET=latin1;

--
-- Dumping data for table `posts`
--

INSERT INTO `posts` (`id`, `user_id`, `body`, `image`, `image_dir`, `visibility`, `user_share_id`, `post_id`, `like_count`, `post_count`, `comment_count`, `created`, `modified`, `deleted`, `deleted_date`) VALUES
(3, 9, 'Body', NULL, NULL, 1, NULL, NULL, 0, 0, 0, '2019-10-14 10:00:34', '2019-10-14 10:00:34', 0, NULL),
(4, 9, 'Body 2', NULL, NULL, 1, NULL, NULL, 0, 0, 0, '2019-10-14 10:09:13', '2019-10-14 10:09:13', 0, NULL),
(5, 9, 'Cute dogs come in a variety of shapes and sizes. Some cute dogs are cute for their adorable faces, others for their tiny stature, and even others for their massive size.', NULL, NULL, 0, NULL, NULL, 0, 0, 0, '2019-10-14 10:12:31', '2019-10-14 10:12:31', 0, NULL),
(6, 9, 'Body 4', NULL, NULL, 1, NULL, NULL, 0, 0, 0, '2019-10-14 10:13:36', '2019-10-28 17:25:19', 1, '2019-10-28 17:25:19'),
(7, 8, 'Cute dogs come in a variety of shapes and sizes. Some cute dogs are cute for their adorable faces, others for their tiny stature, and even others for their massive size.', NULL, NULL, 1, NULL, NULL, 0, 0, 1, '2019-10-14 10:34:37', '2019-10-28 09:22:53', 1, '2019-10-28 09:22:53'),
(8, 9, 'Justice rains from above', NULL, NULL, 1, NULL, NULL, 0, 0, 0, '2019-10-15 03:43:10', '2019-10-15 03:43:10', 0, NULL),
(9, 9, 'Play nice. Play Pharah.', NULL, NULL, 1, NULL, NULL, 0, 0, 0, '2019-10-15 01:52:56', '2019-10-15 01:52:56', 0, NULL),
(10, 9, 'Try me.', NULL, NULL, 2, NULL, NULL, 1, 0, 0, '2019-10-15 03:53:47', '2019-10-30 17:23:43', 0, NULL),
(11, 9, 'LETS GOOOOOO', NULL, NULL, 1, NULL, NULL, 1, 0, 0, '2019-10-15 03:55:17', '2019-10-15 03:55:17', 0, NULL),
(12, 9, 'SAN FRANCISCO SHOCK!', NULL, NULL, 1, NULL, NULL, 1, 0, 0, '2019-10-15 09:57:01', '2019-10-15 09:57:01', 0, NULL),
(13, 9, 'Vancouver Titans GG #SFS', NULL, NULL, 1, NULL, NULL, 1, 0, 0, '2019-10-15 09:57:37', '2019-10-15 09:57:37', 0, NULL),
(14, 9, 'Atlanta Reign?', 'zenyatta.jpg', '14', 1, NULL, NULL, 1, 0, 0, '2019-10-15 10:17:06', '2019-10-15 10:17:06', 0, NULL),
(15, 9, 'Windmill Turbine', 'Banner-Batterien-Windrder2-web_bd5cb0f721881d106522f6b9cc8f5be6.jpg', '15', 1, NULL, NULL, 1, 0, 0, '2019-10-15 10:28:48', '2019-10-15 10:28:48', 0, NULL),
(16, 9, 'Nature', 'photo-1509225770129-fbcf8a696c0b.jpg', '16', 1, NULL, NULL, 1, 1, 0, '2019-10-15 10:29:40', '2019-10-15 10:29:40', 0, NULL),
(17, 9, 'Curse you Double Barrier Meta!', 'overwatch.png', '17', 0, NULL, NULL, 1, 1, 10, '2019-10-15 10:33:09', '2019-10-29 10:44:17', 0, NULL),
(18, 9, 'Visibility Test: Public', NULL, NULL, 0, NULL, NULL, 2, 0, 1, '2019-10-15 10:33:38', '2019-10-15 10:33:38', 0, NULL),
(23, 9, 'Remove mee', NULL, NULL, 1, NULL, NULL, 0, 0, 0, '2019-10-15 13:02:26', '2019-10-15 13:09:22', 1, '2019-10-15 13:09:22'),
(24, 9, 'TEST ME AGAIN', NULL, NULL, 1, NULL, NULL, 0, 0, 0, '2019-10-15 13:09:48', '2019-10-15 13:09:55', 1, '2019-10-15 13:09:55'),
(25, 9, 'Another test delete', NULL, NULL, 1, NULL, NULL, 0, 0, 0, '2019-10-15 15:41:36', '2019-10-15 15:41:42', 1, '2019-10-15 15:41:42'),
(26, 9, 'Test', NULL, NULL, 1, NULL, NULL, 0, 0, 0, '2019-10-15 16:04:50', '2019-10-15 16:04:56', 1, '2019-10-15 16:04:56'),
(27, 11, 'How\'s it going bros!', NULL, NULL, 1, NULL, NULL, 1, 2, 0, '2019-10-16 11:26:17', '2019-10-16 11:26:17', 0, NULL),
(28, 8, 'New York Excelsior', NULL, NULL, 1, NULL, NULL, 0, 0, 0, '2019-10-18 14:16:51', '2019-10-18 14:16:51', 0, NULL),
(29, 9, 'Zenyatta Dabbing', 'zenyatta.jpg', '29', 0, NULL, NULL, 2, 1, 0, '2019-10-18 15:01:13', '2019-10-18 15:01:13', 0, NULL),
(30, 9, 'Test share!', NULL, NULL, 1, 9, 29, 0, 1, 0, '2019-10-18 15:05:47', '2019-10-28 17:24:29', 1, '2019-10-28 17:24:29'),
(31, 9, 'Test Share Level 2!', NULL, NULL, 1, 9, 30, 1, 0, 0, '2019-10-18 16:59:00', '2019-10-21 09:26:11', 1, '2019-10-21 09:26:11'),
(32, 9, 'Test Share Level 3!', NULL, NULL, 1, 9, 31, 0, 1, 0, '2019-10-21 09:23:49', '2019-10-22 11:36:59', 1, '2019-10-22 11:36:59'),
(33, 9, 'Test Share Count', NULL, NULL, 1, 11, 27, 0, 0, 0, '2019-10-21 10:04:02', '2019-10-21 10:08:25', 1, '2019-10-21 10:08:25'),
(34, 9, 'Test Share Count 2', NULL, NULL, 1, 11, 27, 0, 1, 0, '2019-10-21 10:05:58', '2019-10-21 10:09:55', 1, '2019-10-21 10:09:55'),
(35, 9, 'Share shared post', NULL, NULL, 1, 9, 34, 0, 0, 0, '2019-10-21 10:06:32', '2019-10-22 11:37:17', 1, '2019-10-22 11:37:17'),
(36, 9, 'Another test share', NULL, NULL, 1, 9, 32, 0, 0, 0, '2019-10-21 10:11:47', '2019-10-28 17:24:20', 1, '2019-10-28 17:24:20'),
(37, 9, 'Share', NULL, NULL, 1, 9, 29, 0, 0, 0, '2019-10-22 11:21:48', '2019-10-22 11:36:40', 1, '2019-10-22 11:36:40'),
(38, 9, 'share by selin', NULL, NULL, 1, 9, 30, 0, 0, 0, '2019-10-22 11:23:03', '2019-10-28 17:24:11', 1, '2019-10-28 17:24:11'),
(39, 9, 'Test share inside', NULL, NULL, 1, 9, 16, 0, 0, 0, '2019-10-22 15:51:22', '2019-10-22 15:51:35', 1, '2019-10-22 15:51:35'),
(40, 9, 'nl2br test\r\n.\r\nLooks good\r\n.\r\nAwesome', NULL, NULL, 1, NULL, NULL, 1, 1, 0, '2019-10-23 09:21:39', '2019-10-29 11:29:44', 0, NULL),
(41, 9, 'Share mee', NULL, NULL, 1, 9, 40, 1, 0, 0, '2019-10-23 09:23:23', '2019-10-23 09:24:04', 1, '2019-10-23 09:24:04'),
(42, 9, 'Lets gooooooooooooooooooooooooooooooooooooooooooooooooooooo', NULL, NULL, 1, 9, 17, 0, 0, 0, '2019-10-23 18:22:55', '2019-10-23 18:23:51', 1, '2019-10-23 18:23:51'),
(43, 9, 'dddddddddddddddddddddddddddddddddddddddddddddddddddddddddddddddddddddddddddddddddddddddddddddddddddddddddddddddddddddddddddddddddddddddddddd', NULL, NULL, 1, NULL, NULL, 0, 0, 0, '2019-10-23 18:28:27', '2019-10-28 17:24:03', 1, '2019-10-28 17:24:03'),
(44, 9, 'Hello', NULL, NULL, 1, NULL, NULL, 1, 1, 1, '2019-10-25 16:17:40', '2019-10-25 16:18:26', 1, '2019-10-25 16:18:26'),
(45, 9, 'Hi!', NULL, NULL, 1, 9, 44, 0, 0, 0, '2019-10-25 16:17:59', '2019-10-25 16:18:08', 1, '2019-10-25 16:18:08'),
(46, 8, 'Cute dogs come in a variety of shapes and sizes. Some cute dogs are cute for their adorable faces, others for their tiny stature.', NULL, NULL, 1, NULL, NULL, 0, 1, 1, '2019-10-28 09:23:21', '2019-10-28 13:06:06', 0, NULL),
(47, 9, 'Visibility Test: Public', NULL, NULL, 0, NULL, NULL, 1, 0, 0, '2019-10-28 10:06:25', '2019-10-28 10:06:48', 0, NULL),
(48, 9, 'Visibility Test: Followers', NULL, NULL, 1, NULL, NULL, 0, 0, 1, '2019-10-28 10:07:02', '2019-10-28 10:07:10', 0, NULL),
(49, 9, 'Visibility Test: Only me', NULL, NULL, 2, NULL, NULL, 1, 1, 0, '2019-10-28 10:07:24', '2019-10-30 17:14:09', 0, NULL),
(50, 11, 'try', NULL, NULL, 1, 8, 46, 0, 0, 0, '2019-10-28 14:07:31', '2019-10-28 14:07:47', 1, '2019-10-28 14:07:47'),
(51, 9, 'Delete me!', NULL, NULL, 1, NULL, NULL, 1, 0, 1, '2019-10-29 09:28:53', '2019-10-29 09:31:18', 1, '2019-10-29 09:31:18'),
(52, 9, 'Grr!', NULL, NULL, 1, 9, 40, 0, 0, 0, '2019-10-29 10:57:59', '2019-10-29 11:41:10', 1, '2019-10-29 11:41:10'),
(53, 9, 'Again, wut indeed!!', NULL, NULL, 1, 9, 29, 0, 1, 0, '2019-10-29 11:50:45', '2019-10-29 12:58:22', 1, '2019-10-29 12:58:22'),
(54, 9, 'Nani?', NULL, NULL, 1, 9, 53, 0, 0, 0, '2019-10-29 11:55:21', '2019-10-29 12:58:15', 1, '2019-10-29 12:58:15'),
(55, 9, 'sup', NULL, NULL, 1, NULL, NULL, 0, 0, 0, '2019-10-29 13:49:13', '2019-10-29 13:49:45', 1, '2019-10-29 13:49:45'),
(56, 9, 'Hey', NULL, NULL, 1, NULL, NULL, 0, 0, 0, '2019-10-29 13:49:56', '2019-10-29 13:50:36', 1, '2019-10-29 13:50:36'),
(57, 8, 'Test', NULL, NULL, 1, 9, 49, 0, 1, 0, '2019-10-29 15:17:37', '2019-10-29 15:18:30', 1, '2019-10-29 15:18:30'),
(58, 8, 'Share!', NULL, NULL, 1, 8, 57, 0, 0, 0, '2019-10-29 15:18:20', '2019-10-29 15:18:20', 0, NULL),
(59, 8, 'Test', '25a5aae24b32d915d5653dc5d4bb4979.png', '59', 2, NULL, NULL, 0, 0, 0, '2019-10-29 15:20:32', '2019-10-30 17:07:47', 0, NULL),
(60, 9, 'Hey', NULL, NULL, 2, NULL, NULL, 0, 0, 1, '2019-10-29 17:27:50', '2019-10-31 11:26:00', 1, '2019-10-31 11:26:00'),
(61, 9, 'Hey', NULL, NULL, 1, NULL, NULL, 0, 0, 0, '2019-10-30 16:18:07', '2019-10-30 16:20:15', 1, '2019-10-30 16:20:15'),
(62, 9, 'Hey', NULL, NULL, 1, NULL, NULL, 0, 0, 0, '2019-10-30 16:18:15', '2019-10-30 16:20:08', 1, '2019-10-30 16:20:08'),
(63, 9, 'Hey', NULL, NULL, 1, NULL, NULL, 0, 0, 0, '2019-10-30 16:18:25', '2019-10-30 16:20:03', 1, '2019-10-30 16:20:03'),
(64, 9, 'Test me', NULL, NULL, 1, NULL, NULL, 0, 0, 0, '2019-10-30 16:24:35', '2019-10-30 16:24:49', 1, '2019-10-30 16:24:49'),
(65, 9, 'Yo?', NULL, NULL, 1, NULL, NULL, 0, 0, 0, '2019-10-31 11:19:37', '2019-10-31 11:20:26', 1, '2019-10-31 11:20:26'),
(66, 9, 'Yo', NULL, NULL, 1, NULL, NULL, 0, 0, 0, '2019-10-31 11:20:01', '2019-10-31 11:20:07', 1, '2019-10-31 11:20:07'),
(67, 9, 'test', NULL, NULL, 1, NULL, NULL, 0, 0, 0, '2019-10-31 11:22:48', '2019-10-31 11:25:52', 1, '2019-10-31 11:25:52'),
(68, 9, 'Yeah!', NULL, NULL, 1, NULL, NULL, 0, 0, 0, '2019-10-31 11:24:39', '2019-10-31 11:25:46', 1, '2019-10-31 11:25:46'),
(69, 9, 'Yooooooooooooooooooooooooooooooooooooooooooooooooooooooooooooooooooooooooooooooooooooooooooooooooooooooooooooooooooooooooooooooooooooooooooo', NULL, NULL, 1, NULL, NULL, 0, 0, 0, '2019-10-31 11:26:18', '2019-10-31 11:26:32', 1, '2019-10-31 11:26:32'),
(70, 9, 'Hey!', NULL, NULL, 1, NULL, NULL, 0, 0, 0, '2019-10-31 11:33:30', '2019-10-31 15:35:51', 1, '2019-10-31 15:35:51'),
(71, 9, 'Hey', NULL, NULL, 1, NULL, NULL, 0, 0, 0, '2019-10-31 14:52:49', '2019-10-31 15:36:37', 1, '2019-10-31 15:36:37'),
(72, 9, 'Hey Great?', NULL, NULL, 1, NULL, NULL, 0, 0, 0, '2019-10-31 14:53:10', '2019-10-31 15:38:37', 1, '2019-10-31 15:38:37'),
(73, 9, 'Post me?', '78645097-grunge-texture-summer-colors-background-hd-photo-light-earth-concept.jpg', '73', 1, NULL, NULL, 0, 0, 0, '2019-10-31 14:53:38', '2019-10-31 14:53:38', 0, NULL),
(74, 9, 'This is cool actually', NULL, NULL, 1, NULL, NULL, 0, 0, 0, '2019-10-31 14:54:28', '2019-10-31 15:38:03', 1, '2019-10-31 15:38:03'),
(75, 9, 'Remove the public', NULL, NULL, 1, NULL, NULL, 0, 0, 0, '2019-10-31 14:54:53', '2019-10-31 15:37:50', 1, '2019-10-31 15:37:50'),
(76, 9, 'EYoo', NULL, NULL, 1, NULL, NULL, 0, 0, 0, '2019-10-31 14:55:16', '2019-10-31 14:55:56', 1, '2019-10-31 14:55:56'),
(77, 9, 'Eyoo?', NULL, NULL, 1, NULL, NULL, 0, 0, 0, '2019-10-31 14:58:24', '2019-10-31 15:37:44', 1, '2019-10-31 15:37:44'),
(78, 9, 'LEts go', NULL, NULL, 1, NULL, NULL, 0, 0, 0, '2019-10-31 15:01:32', '2019-10-31 15:37:38', 1, '2019-10-31 15:37:38'),
(79, 9, 'test', NULL, NULL, 1, NULL, NULL, 0, 0, 0, '2019-10-31 15:06:44', '2019-10-31 15:27:08', 1, '2019-10-31 15:27:08'),
(80, 9, 'Posting!', NULL, NULL, 1, NULL, NULL, 0, 1, 0, '2019-10-31 15:07:08', '2019-10-31 15:26:55', 1, '2019-10-31 15:26:55'),
(81, 9, 'hey', NULL, NULL, 1, 9, 80, 0, 1, 0, '2019-10-31 15:07:50', '2019-10-31 15:26:37', 1, '2019-10-31 15:26:37'),
(82, 9, 'test', NULL, NULL, 1, 9, 81, 0, 0, 0, '2019-10-31 15:09:27', '2019-10-31 15:09:50', 1, '2019-10-31 15:09:50'),
(83, 9, 'Test', NULL, NULL, 1, 9, 81, 0, 0, 0, '2019-10-31 15:14:04', '2019-10-31 15:26:48', 1, '2019-10-31 15:26:48'),
(84, 9, 'Try me?', NULL, NULL, 1, NULL, NULL, 0, 0, 0, '2019-10-31 15:17:39', '2019-10-31 15:26:07', 1, '2019-10-31 15:26:07'),
(85, 9, 'Lets do this!', NULL, NULL, 0, NULL, NULL, 0, 0, 0, '2019-10-31 15:35:36', '2019-10-31 15:37:32', 1, '2019-10-31 15:37:32'),
(86, 9, 'Try me', NULL, NULL, 1, NULL, NULL, 0, 0, 0, '2019-10-31 15:36:04', '2019-10-31 15:36:25', 1, '2019-10-31 15:36:25'),
(87, 9, 'Hey!', NULL, NULL, 1, NULL, NULL, 0, 0, 0, '2019-10-31 15:36:47', '2019-10-31 15:37:27', 1, '2019-10-31 15:37:27'),
(88, 9, 'Push me down!', NULL, NULL, 1, NULL, NULL, 0, 0, 0, '2019-10-31 15:37:14', '2019-10-31 15:37:22', 1, '2019-10-31 15:37:22'),
(89, 9, 'Dadadadadadada', NULL, NULL, 1, NULL, NULL, 0, 0, 0, '2019-10-31 15:39:13', '2019-10-31 15:39:13', 0, NULL),
(90, 9, 'dadadadad\r\n\r\n\r\n', NULL, NULL, 1, NULL, NULL, 0, 0, 0, '2019-10-31 15:39:19', '2019-10-31 15:39:57', 1, '2019-10-31 15:39:57'),
(91, 9, '\r\n\r\n\r\n\r\n\r\n\r\n\r\n\r\n\r\n\r\n\r\n\r\n\r\n\r\n\r\n\r\n\r\n\r\n\r\n\r\n\r\n\r\n\r\n\r\n\r\ndad', NULL, NULL, 1, NULL, NULL, 0, 0, 0, '2019-10-31 15:39:25', '2019-10-31 15:39:34', 1, '2019-10-31 15:39:34'),
(92, 9, 'Hey!', NULL, NULL, 1, NULL, NULL, 0, 0, 0, '2019-10-31 15:42:51', '2019-10-31 15:42:51', 0, NULL),
(93, 9, 'Hey!', NULL, NULL, 1, NULL, NULL, 1, 0, 0, '2019-10-31 15:52:59', '2019-10-31 15:52:59', 0, NULL),
(94, 9, 'Again!?', NULL, NULL, 1, NULL, NULL, 0, 0, 0, '2019-10-31 15:53:32', '2019-10-31 15:53:32', 0, NULL),
(95, 9, 'Eyo!', NULL, NULL, 1, NULL, NULL, 1, 0, 0, '2019-10-31 15:53:57', '2019-10-31 15:53:57', 0, NULL),
(96, 9, 'Grrrr', NULL, NULL, 1, NULL, NULL, 1, 0, 0, '2019-10-31 15:54:25', '2019-11-04 15:32:04', 1, '2019-11-04 15:32:04'),
(97, 9, 'Hello!!!', NULL, NULL, 1, NULL, NULL, 0, 0, 0, '2019-10-31 15:55:20', '2019-11-04 16:07:44', 0, NULL),
(98, 9, 'Try me', NULL, NULL, 1, NULL, NULL, 0, 0, 0, '2019-10-31 15:56:34', '2019-11-04 10:37:18', 1, '2019-11-04 10:37:18'),
(99, 9, 'Try', NULL, NULL, 1, NULL, NULL, 0, 0, 0, '2019-10-31 15:57:08', '2019-11-04 09:42:06', 1, '2019-11-04 09:42:06'),
(100, 9, 'Lets go', NULL, NULL, 1, NULL, NULL, 0, 0, 0, '2019-10-31 15:59:20', '2019-11-04 09:41:57', 1, '2019-11-04 09:41:57'),
(101, 9, 'Test', NULL, NULL, 1, NULL, NULL, 0, 0, 0, '2019-11-04 10:36:15', '2019-11-04 10:37:11', 1, '2019-11-04 10:37:11'),
(102, 9, 'Test', NULL, NULL, 1, NULL, NULL, 0, 0, 0, '2019-11-04 10:36:16', '2019-11-04 10:37:05', 1, '2019-11-04 10:37:05'),
(103, 9, 'Test', NULL, NULL, 1, NULL, NULL, 0, 0, 0, '2019-11-04 10:36:16', '2019-11-04 10:36:59', 1, '2019-11-04 10:36:59'),
(104, 9, 'Test', NULL, NULL, 1, NULL, NULL, 0, 0, 0, '2019-11-04 10:36:16', '2019-11-04 10:36:54', 1, '2019-11-04 10:36:54'),
(105, 9, 'Test', NULL, NULL, 1, NULL, NULL, 0, 0, 0, '2019-11-04 10:36:16', '2019-11-04 10:36:39', 1, '2019-11-04 10:36:39'),
(106, 9, 'Test', NULL, NULL, 1, NULL, NULL, 0, 0, 0, '2019-11-04 10:36:17', '2019-11-04 10:36:34', 1, '2019-11-04 10:36:34'),
(107, 9, 'Test', NULL, NULL, 1, NULL, NULL, 0, 0, 0, '2019-11-04 10:36:17', '2019-11-04 10:36:29', 1, '2019-11-04 10:36:29'),
(108, 9, 'Public me! Again!', NULL, NULL, 0, NULL, NULL, 0, 0, 0, '2019-11-04 17:14:30', '2019-11-04 17:32:15', 0, NULL),
(109, 9, 'What\'s up!', NULL, NULL, 0, NULL, NULL, 1, 0, 0, '2019-11-05 09:21:44', '2019-11-05 09:21:44', 0, NULL),
(110, 9, 'Try?', NULL, NULL, 1, NULL, NULL, 0, 0, 0, '2019-11-05 09:22:56', '2019-11-05 09:22:56', 0, NULL),
(111, 9, 'Again?', NULL, NULL, 1, NULL, NULL, 1, 0, 0, '2019-11-05 09:23:11', '2019-11-06 09:58:49', 1, '2019-11-06 09:58:49'),
(112, 9, 'Hey?', NULL, NULL, 1, NULL, NULL, 1, 0, 0, '2019-11-05 09:23:26', '2019-11-05 09:23:26', 0, NULL),
(113, 9, 'Grr!', NULL, NULL, 0, NULL, NULL, 1, 0, 0, '2019-11-05 09:25:03', '2019-11-05 09:35:17', 0, NULL),
(114, 9, 'Test me! Grr', NULL, NULL, 2, NULL, NULL, 0, 1, 0, '2019-11-05 09:36:18', '2019-11-06 09:58:29', 1, '2019-11-06 09:58:29'),
(115, 9, 'Test?', NULL, NULL, 1, 9, 114, 0, 0, 0, '2019-11-05 09:37:20', '2019-11-05 09:37:20', 0, NULL),
(116, 9, 'Test', NULL, NULL, 1, NULL, NULL, 0, 0, 0, '2019-11-05 09:53:38', '2019-11-06 09:58:16', 1, '2019-11-06 09:58:16'),
(117, 9, 'Test', NULL, NULL, 1, NULL, NULL, 0, 0, 0, '2019-11-05 09:54:04', '2019-11-05 09:54:04', 0, NULL),
(118, 9, 'Test!', '78645097-grunge-texture-summer-colors-background-hd-photo-light-earth-concept.jpg', '118', 1, NULL, NULL, 0, 2, 0, '2019-11-05 09:54:26', '2019-11-05 10:06:10', 0, NULL),
(119, 9, 'Test me!', NULL, NULL, 1, NULL, NULL, 0, 0, 0, '2019-11-05 10:36:25', '2019-11-06 09:49:40', 1, '2019-11-06 09:49:40'),
(120, 9, 'Again?', NULL, NULL, 1, NULL, NULL, 0, 0, 0, '2019-11-05 10:36:55', '2019-11-06 09:50:22', 1, '2019-11-06 09:50:22'),
(121, 9, 'Test', NULL, NULL, 1, NULL, NULL, 0, 0, 0, '2019-11-05 11:19:22', '2019-11-05 11:25:57', 1, '2019-11-05 11:25:57'),
(122, 9, 'taGAL', NULL, NULL, 1, NULL, NULL, 0, 0, 0, '2019-11-05 11:19:29', '2019-11-05 11:25:24', 1, '2019-11-05 11:25:24'),
(123, 9, 'wut', NULL, NULL, 1, NULL, NULL, 0, 0, 0, '2019-11-05 11:19:35', '2019-11-05 11:25:19', 1, '2019-11-05 11:25:19'),
(124, 9, 'Try me', NULL, NULL, 1, NULL, NULL, 0, 0, 0, '2019-11-05 11:25:30', '2019-11-05 11:25:39', 1, '2019-11-05 11:25:39'),
(125, 9, 'Test', NULL, NULL, 1, NULL, NULL, 0, 0, 0, '2019-11-05 11:26:04', '2019-11-05 11:35:39', 1, '2019-11-05 11:35:39'),
(126, 9, 'Body', NULL, NULL, 1, NULL, NULL, 0, 0, 0, '2019-11-05 11:34:43', '2019-11-05 11:35:32', 1, '2019-11-05 11:35:32'),
(127, 9, 'Hanzo of the Shimada Clan', '25a5aae24b32d915d5653dc5d4bb4979.png', '127', 1, NULL, NULL, 0, 2, 1, '2019-11-05 11:35:07', '2019-11-05 11:42:43', 0, NULL),
(128, 9, 'Where is Genji?', NULL, NULL, 1, 9, 127, 0, 1, 0, '2019-11-05 11:43:05', '2019-11-05 11:43:05', 0, NULL),
(129, 9, 'Heyo', NULL, NULL, 1, 9, 118, 0, 1, 0, '2019-11-05 11:50:05', '2019-11-05 13:09:32', 1, '2019-11-05 13:09:32'),
(130, 9, 'Again!', NULL, NULL, 1, 9, 129, 0, 0, 0, '2019-11-05 11:50:41', '2019-11-05 11:51:03', 1, '2019-11-05 11:51:03'),
(131, 9, 'Genji??', NULL, NULL, 1, 9, 127, 0, 0, 0, '2019-11-05 11:51:28', '2019-11-05 11:53:10', 1, '2019-11-05 11:53:10'),
(132, 9, 'Ensaymada?', NULL, NULL, 1, 9, 127, 0, 0, 0, '2019-11-05 11:53:47', '2019-11-05 11:54:33', 1, '2019-11-05 11:54:33'),
(133, 9, 'Again!', NULL, NULL, 1, 9, 127, 0, 1, 0, '2019-11-05 11:56:35', '2019-11-05 11:56:35', 0, NULL),
(134, 9, 'Share', NULL, NULL, 1, 9, 133, 0, 0, 0, '2019-11-05 11:56:51', '2019-11-05 11:56:58', 1, '2019-11-05 11:56:58'),
(135, 9, 'Share mee', NULL, NULL, 1, 9, 133, 0, 0, 0, '2019-11-05 12:02:23', '2019-11-05 13:00:52', 1, '2019-11-05 13:00:52'),
(136, 9, 'Sharee', NULL, NULL, 1, 9, 128, 0, 0, 0, '2019-11-05 12:03:41', '2019-11-05 13:00:46', 1, '2019-11-05 13:00:46'),
(137, 9, 'Share dis!', NULL, NULL, 1, 9, 133, 0, 0, 0, '2019-11-05 13:01:02', '2019-11-05 13:03:05', 1, '2019-11-05 13:03:05'),
(138, 9, 'RAwr', NULL, NULL, 1, 9, 133, 0, 0, 0, '2019-11-05 13:03:13', '2019-11-05 13:05:06', 1, '2019-11-05 13:05:06'),
(139, 9, 'Sharee', NULL, NULL, 1, 9, 118, 0, 1, 0, '2019-11-05 13:03:23', '2019-11-05 13:03:23', 0, NULL),
(140, 9, 'Hey', NULL, NULL, 1, NULL, NULL, 0, 0, 0, '2019-11-05 13:04:39', '2019-11-05 13:04:54', 1, '2019-11-05 13:04:54'),
(141, 9, 'Share?', NULL, NULL, 1, 9, 139, 0, 0, 0, '2019-11-05 13:05:24', '2019-11-05 13:07:57', 1, '2019-11-05 13:07:57'),
(142, 9, 'Grr share', NULL, NULL, 1, 9, 139, 0, 0, 0, '2019-11-05 13:05:41', '2019-11-05 13:07:49', 1, '2019-11-05 13:07:49'),
(143, 9, 'Shhh', NULL, NULL, 1, 9, 139, 0, 0, 0, '2019-11-05 13:08:10', '2019-11-05 13:09:21', 1, '2019-11-05 13:09:21'),
(144, 9, 'yuyu', NULL, NULL, 1, 9, 139, 0, 0, 0, '2019-11-05 13:12:15', '2019-11-05 13:12:23', 1, '2019-11-05 13:12:23'),
(145, 9, 'post\r\n', NULL, NULL, 1, NULL, NULL, 0, 0, 0, '2019-11-05 13:12:30', '2019-11-05 13:12:52', 1, '2019-11-05 13:12:52'),
(146, 9, 'post?', NULL, NULL, 1, NULL, NULL, 0, 0, 0, '2019-11-05 13:14:42', '2019-11-05 13:22:15', 1, '2019-11-05 13:22:15'),
(147, 9, 'Try', NULL, NULL, 1, NULL, NULL, 0, 0, 0, '2019-11-05 14:13:03', '2019-11-05 14:14:01', 1, '2019-11-05 14:14:01'),
(148, 9, 'Try', NULL, NULL, 1, NULL, NULL, 0, 0, 0, '2019-11-05 14:13:49', '2019-11-05 14:13:56', 1, '2019-11-05 14:13:56'),
(149, 9, 'wut', '25a5aae24b32d915d5653dc5d4bb4979.png', '149', 1, NULL, NULL, 0, 0, 0, '2019-11-05 14:15:54', '2019-11-05 14:31:14', 0, NULL),
(150, 9, 'Grr', NULL, NULL, 1, NULL, NULL, 0, 1, 0, '2019-11-05 14:21:48', '2019-11-05 14:21:48', 0, NULL),
(151, 9, 'dis', NULL, NULL, 1, 9, 139, 0, 1, 0, '2019-11-05 14:22:04', '2019-11-05 14:23:21', 1, '2019-11-05 14:23:21'),
(152, 9, 'again', NULL, NULL, 1, 9, 151, 0, 0, 0, '2019-11-05 14:22:52', '2019-11-05 14:23:15', 1, '2019-11-05 14:23:15'),
(153, 9, 'Rawr', NULL, NULL, 1, 9, 150, 0, 0, 0, '2019-11-05 14:23:39', '2019-11-06 09:46:55', 1, '2019-11-06 09:46:55'),
(154, 9, 'Hey!', NULL, NULL, 2, NULL, NULL, 0, 1, 0, '2019-11-05 14:37:12', '2019-11-06 09:41:51', 1, '2019-11-06 09:41:51'),
(155, 9, 'Share only me!', NULL, NULL, 1, 9, 154, 0, 1, 0, '2019-11-05 15:04:20', '2019-11-06 09:56:35', 1, '2019-11-06 09:56:35'),
(156, 9, 'Share again!', NULL, NULL, 1, 9, 155, 0, 1, 0, '2019-11-05 15:43:45', '2019-11-06 09:32:48', 1, '2019-11-06 09:32:48'),
(157, 9, 'Okay', NULL, NULL, 1, 9, 156, 0, 1, 0, '2019-11-05 15:45:45', '2019-11-06 09:55:41', 1, '2019-11-06 09:55:41'),
(158, 9, 'Hey?', NULL, NULL, 0, 9, 157, 0, 0, 0, '2019-11-05 15:46:10', '2019-11-06 09:30:14', 1, '2019-11-06 09:30:14'),
(159, 8, 'Hihi post grr', NULL, NULL, 1, NULL, NULL, 0, 0, 0, '2019-11-06 13:46:35', '2019-11-06 13:46:35', 0, NULL),
(160, 8, 'PUBLIC!', NULL, NULL, 0, NULL, NULL, 0, 0, 0, '2019-11-06 14:06:06', '2019-11-06 14:06:06', 0, NULL),
(161, 1020, 'g', NULL, NULL, 1, NULL, NULL, 0, 1, 0, '2019-11-06 17:11:40', '2019-11-06 17:22:37', 1, '2019-11-06 17:22:37'),
(162, 1020, 'ey', NULL, NULL, 1, NULL, NULL, 0, 0, 5, '2019-11-06 17:14:05', '2019-11-06 17:14:05', 0, NULL),
(163, 1020, 'r', NULL, NULL, 1, 1020, 161, 0, 0, 0, '2019-11-06 17:22:29', '2019-11-06 17:22:29', 0, NULL),
(164, 1020, 'Ey', NULL, NULL, 1, NULL, NULL, 0, 0, 0, '2019-11-06 17:25:45', '2019-11-06 17:25:45', 0, NULL);

-- --------------------------------------------------------

--
-- Table structure for table `users`
--

CREATE TABLE `users` (
  `id` int(11) NOT NULL,
  `username` varchar(32) NOT NULL,
  `first_name` varchar(64) NOT NULL,
  `last_name` varchar(64) NOT NULL,
  `gender` tinyint(2) NOT NULL,
  `address` varchar(128) DEFAULT NULL,
  `birth_date` date NOT NULL,
  `mobile_no` varchar(16) DEFAULT NULL,
  `email` varchar(64) NOT NULL,
  `password` varchar(64) NOT NULL,
  `profile_picture` varchar(128) DEFAULT NULL,
  `profile_picture_dir` varchar(128) DEFAULT NULL,
  `follower_count` int(128) DEFAULT '0',
  `following_count` int(128) DEFAULT '0',
  `follow_request_count` int(128) DEFAULT '0',
  `activated` tinyint(1) DEFAULT NULL,
  `activation_code` varchar(64) NOT NULL,
  `created` datetime DEFAULT NULL,
  `modified` datetime DEFAULT NULL,
  `deleted` tinyint(1) DEFAULT '0',
  `deleted_date` datetime DEFAULT NULL
) ENGINE=InnoDB DEFAULT CHARSET=latin1;

--
-- Dumping data for table `users`
--

INSERT INTO `users` (`id`, `username`, `first_name`, `last_name`, `gender`, `address`, `birth_date`, `mobile_no`, `email`, `password`, `profile_picture`, `profile_picture_dir`, `follower_count`, `following_count`, `follow_request_count`, `activated`, `activation_code`, `created`, `modified`, `deleted`, `deleted_date`) VALUES
(3, 'Sparky1', 'Jimmy Jake', 'Jimenez', 0, NULL, '2019-10-10', '09275748828', 'jimmyjakejimenez3@gmail.com', '$2a$10$PFodUsHtkeKcyQzknqjcEeMEhTAsZl2cpKquPmpn2PvGKykGW5cFS', 'overwatch.png', '3', 0, 0, 0, NULL, '', '2019-10-09 07:22:23', '2019-10-09 07:22:23', 0, NULL),
(4, 'Sparky3', 'Jimmy Jake', 'Jimenez', 1, NULL, '2019-10-25', '0927-574-8828', 'jimmyjakejimenez4@gmail.com', '$2a$10$PFodUsHtkeKcyQzknqjcEeMEhTAsZl2cpKquPmpn2PvGKykGW5cFS', NULL, NULL, 0, 0, 0, NULL, '', '2019-10-09 07:29:05', '2019-10-09 07:29:05', 0, NULL),
(5, 'test1', 'Jimmy Jake', 'J', 1, NULL, '2019-10-25', '0927-574-8828', 'jimmyjakejimenez5@gmail.com', '$2a$10$PFodUsHtkeKcyQzknqjcEeMEhTAsZl2cpKquPmpn2PvGKykGW5cFS', 'hammond.jpg', '5', 0, 0, 0, NULL, '', '2019-10-09 07:30:14', '2019-10-09 07:30:14', 0, NULL),
(6, 'Sparky14', 'Jimmy Jake', 'Jimenez', 0, NULL, '2019-10-11', '0927-574-8823', 'jimmyjakejimenez14@gmail.com', '$2a$10$PFodUsHtkeKcyQzknqjcEeMEhTAsZl2cpKquPmpn2PvGKykGW5cFS', NULL, NULL, 0, 0, 0, NULL, '', '2019-10-09 07:58:39', '2019-10-09 07:58:39', 0, NULL),
(7, 'Sparky15', 'Jimmy Jake', 'Jimenez', 1, NULL, '2019-10-10', '0927-574-8828', 'jimmyjakejimenez15@gmail.com', '$2a$10$O7wnT0WIFcGfHfqUeGDiiOOW5SYn.lvoRK8EH4UPuJ4WENrEvkrlm', 'zenyatta.jpg', '7', 0, 0, 0, NULL, 'c09509ce0719007fce6484cff32d62ad', '2019-10-09 09:39:02', '2019-10-09 09:39:02', 0, NULL),
(8, 'Jimmy', 'Sparky', 'Lightning', 0, NULL, '2019-10-25', '0927-574-8828', 'jimenez.jimmyjake1@gmail.com', '$2a$10$O7wnT0WIFcGfHfqUeGDiiOOW5SYn.lvoRK8EH4UPuJ4WENrEvkrlm', 'zenyatta.jpg', '8', 2, 1, 0, 1, '2f0b63fbab76cf3816ae7e4aa361e465', '2019-10-09 09:52:40', '2019-10-21 14:25:06', 0, NULL),
(9, 'Sparky', 'Jimmy Jake', 'Jimenez', 0, 'Mandaluyong City, 1550', '2019-10-15', '0927-574-8828', 'jimenez.jimmyjake@gmail.com', '$2a$10$jvjg3MK8TT913IbR6zClwuDIcYh91nJ/A2QT9/6xIu0QRaLsWQa2i', 'hammond.jpg', '9', 1, 1, 0, 1, '05cbb331a40f1240c50a956e2fbed0ec', '2019-10-10 09:10:06', '2019-11-05 17:37:12', 0, NULL),
(10, 'Test123', 'Test', 'Test', 0, NULL, '2019-10-15', '0927-574-8828', 'thisisnotphasors1@gmail.com', '$2a$10$pgNHOL9P.pC.KZoxmKuoK.ZbTVf00paKaDHQbN1E0MahKKNkCz8ya', 'zenyatta.jpg', '10', 0, 0, 0, NULL, '524e5a9a0207afe678cf3c167db7950c', '2019-10-14 03:48:12', '2019-10-14 03:48:13', 0, NULL),
(11, 'Sparky16', 'Phasors', 'Thevenize', 1, NULL, '2019-10-01', '09275748828', 'thisisnotphasors@gmail.com', '$2a$10$yMbixDtiwRU1AJTkpMUQM.Ml9deS8JosDoRJFG41cSVaaerLR7IAa', 'pachimari.png', '11', 0, 1, 0, 1, '0749a7dc67b9654f90c98b74e5dff77c', '2019-10-14 05:53:12', '2019-10-21 14:25:46', 0, NULL),
(12, 'Sparky17', 'Jimmy Jake', 'Jimenez II', 0, NULL, '2019-10-17', '0927-574-8828', 'thisisnotphasors2@gmail.com', '$2a$10$IwgyDA08y/rdEcGuTu1qHu9mTq8kRiIJGQADeylG5deKWcMHd7XaO', NULL, NULL, 0, 0, 0, NULL, '09d31dba2309f16b852841638c6423de', '2019-10-14 06:00:34', '2019-10-14 06:00:34', 0, NULL),
(13, 'Sparky18', 'Jimmy Jake', 'Jimenez', 0, NULL, '2019-10-04', '0927-574-8828', 'thisisnotphasors3@gmail.com', '$2a$10$gQPDPB36V7N9sbOI6WBIYOIC5lv4Z/.Zgenj0ZEpIo.pHlrCGlKl6', NULL, NULL, 0, 0, 0, NULL, 'a3e6043c6d92d01255f3d2f63ea1b2e3', '2019-10-14 06:32:30', '2019-10-14 06:32:30', 0, NULL),
(14, 'Sparky20', 'Jimmy Jake', 'Jimenez II', 0, 'Mandaluyong City', '2019-10-25', '0927-574-8828', 'jimmyjakejimenez10@gmail.com', '$2a$10$sHu6nlC.vmq9e.UpLtARtOeYiTo6cqWkOuDMsskKyum3v0xzqMEH.', NULL, NULL, 0, 0, 0, NULL, 'cd3aea072d2407234d6c9aa4c528c377', '2019-10-14 08:25:14', '2019-10-14 08:25:14', 0, NULL),
(15, 'Sparky21', 'Jimmy Jake', 'Jimenez', 0, 'Test', '2019-10-01', '0927-574-8828', 'jimenez.jimmyjake5@gmail.com', '$2a$10$rWXmMGQk06b9jfVXN9H7HeMkzSEh4gFnl/U2I1Qfvh0JBj9po42Tq', NULL, NULL, 0, 0, 0, NULL, '4ed6f411612588b3c4c41dec69799ef0', '2019-10-28 12:42:21', '2019-10-28 12:42:21', 0, NULL),
(16, 'Thevenize', 'Sammy', 'Damao', 0, 'Mandaluyong', '2019-10-31', '0927-574-8828', 'jimenez.jimmyjake1@gmail.com', '$2a$10$PYfK4rj4O8A1XEHknz37j.Hvwc1ARjMv4qN9zVHRThDZTBY6E6YuG', '25a5aae24b32d915d5653dc5d4bb4979.png', '16', 0, 0, 0, NULL, '3d8427e18a01c7f8cb35c39d07c92bf3', '2019-10-28 15:37:51', '2019-10-28 15:37:51', 0, NULL),
(17, 'Tristesse', 'Michelle Anne', 'Sayson', 0, 'Mandaluyong', '2019-10-17', '0927-574-8828', 'jimenez.jimmyjake2@gmail.com', '$2a$10$RQ13fT/Qh8pI3.GDJ6oKquO/j5BuTLTXGVfajQ2P8uogZe2nt5bsK', NULL, NULL, 0, 0, 0, NULL, 'feb2e2ccb24e511d9686bea9b521b053', '2019-10-28 17:06:17', '2019-10-28 17:06:17', 0, NULL),
(18, 'BKStar', 'Keith Andrew', 'Pacio', 0, 'Mandaluyong City', '2019-10-02', '0927-574-8828', 'jimenez.jimmyjak3e@gmail.com', '$2a$10$oittYqJWqbau4KMfSKiGROCSkA6Noj75QSFphjwTDUECASSalLz2.', '25a5aae24b32d915d5653dc5d4bb4979.png', '18', 0, 0, 0, 1, 'a5b037eefdd3a1b0dcea4e71beea98a4', '2019-10-29 10:12:02', '2019-10-29 10:20:25', 0, NULL),
(19, 'Pimsy', 'Franklin', 'Nicolas', 0, 'Mandaluyong', '2019-10-01', '0927-574-8828', 'jimenez.jimmyjake@gmail.com', '$2a$10$BaJqbKnzoA18oVtH9DQHuuKmUTkXtSAlbY5C8BJYZtwU.Azd7qhJ2', NULL, NULL, 0, 0, 0, 1, 'ad609d0195e2d7fb12ad3f22620215e5', '2019-10-29 10:35:11', '2019-10-29 10:35:31', 0, NULL),
(20, 'ihansman0', 'Isak', 'Hansman', 0, '402 Barnett Court', '1979-04-23', '0976659-7846', 'ihansman0@symantec.com', 'uyxB5Rm6O', NULL, NULL, 0, 0, 0, 1, 'a720f791589d9d8e83654cea38844032', '2019-10-23 13:26:34', '2019-05-09 00:58:08', 0, NULL),
(21, 'sserraillier1', 'Selia', 'Serraillier', 2, '80880 3rd Terrace', '1970-02-06', '0966816-0590', 'sserraillier1@jigsy.com', 'kqEB9YPNu1tZ', NULL, NULL, 0, 0, 0, 1, '5aea0c86553b92422f5a0256069ea832', '2019-05-09 02:40:06', '2018-11-13 18:26:04', 0, NULL),
(22, 'asurcombe2', 'Anni', 'Surcombe', 0, '388 Shopko Way', '1989-06-30', '0990-8942966', 'asurcombe2@weather.com', 'qZLlh0', NULL, NULL, 0, 0, 0, 1, '2690ed97ab7d1d1ae743a6923f950d77', '2019-04-15 04:58:15', '2019-01-12 18:10:15', 0, NULL),
(23, 'rdungey3', 'Reinaldos', 'Dungey', 1, '8 Little Fleur Point', '2009-08-08', '0926273-7826', 'rdungey3@feedburner.com', 'qQXtKezu8XT', NULL, NULL, 0, 0, 0, 1, '5d859ac2d5225b121b7dccfbba2a94c9', '2019-04-08 18:50:33', '2019-08-09 23:27:42', 0, NULL),
(24, 'ahalegarth4', 'Alberik', 'Halegarth', 1, '52095 Maple Plaza', '1970-10-31', '09613171435', 'ahalegarth4@godaddy.com', 'KUqJC7K', NULL, NULL, 0, 0, 0, 1, '64a34cb0af3c14f4559f51be78c988b4', '2018-12-08 19:45:21', '2019-05-07 03:45:24', 0, NULL),
(25, 'fmourant5', 'Fionna', 'Mourant', 1, '94 Roxbury Avenue', '1985-06-24', '0997-6291036', 'fmourant5@blogs.com', 'MvayGlJHj', NULL, NULL, 0, 0, 0, 1, '506c2f074f3ae59002c7bf9913588a84', '2019-02-22 06:46:54', '2019-08-23 00:59:37', 0, NULL),
(26, 'tgutcher6', 'Ted', 'Gutcher', 0, '89 Pawling Hill', '1986-12-24', '09181569171', 'tgutcher6@hp.com', 'gqxNhatx2mu', NULL, NULL, 0, 0, 0, 1, 'cb5f319f1f87938d72c4f44c78e4fb4d', '2018-11-23 02:13:58', '2019-03-22 16:46:15', 0, NULL),
(27, 'tnockells7', 'Taddeo', 'Nockells', 2, '86473 North Lane', '1972-09-13', '09669784821', 'tnockells7@wikipedia.org', 'N0OpaohHSO', NULL, NULL, 0, 0, 0, 1, '0d66a8f8325fd6c08802fc46acd2517e', '2018-12-06 14:33:46', '2019-09-21 01:33:56', 0, NULL),
(28, 'jzoppie8', 'Jess', 'Zoppie', 1, '38 Fisk Street', '1997-05-20', '09040576984', 'jzoppie8@patch.com', 'QZNYDS', NULL, NULL, 0, 0, 0, 1, 'dab205a2716045ce8d2a3ef1809490ba', '2019-06-03 01:09:33', '2019-04-27 22:25:21', 0, NULL),
(29, 'cbertin9', 'Chelsey', 'Bertin', 0, '705 Oakridge Way', '1984-02-02', '0933290-2618', 'cbertin9@usatoday.com', '5V4BeD8LB', NULL, NULL, 0, 0, 0, 1, '36a620d22e47ac771270bae97157b737', '2019-02-26 20:25:37', '2019-08-04 22:18:31', 0, NULL),
(30, 'rquineya', 'Riane', 'Quiney', 0, '68 Petterle Drive', '1988-02-14', '0926608-5051', 'rquineya@cornell.edu', 'yJV4Uh', NULL, NULL, 0, 0, 0, 1, 'ac6956e0608388ca454329ad37f66edd', '2019-02-20 08:21:25', '2018-11-29 12:54:20', 0, NULL),
(31, 'lbrayshayb', 'Lauree', 'Brayshay', 2, '535 Waywood Avenue', '2011-02-16', '0953370-1485', 'lbrayshayb@amazon.de', 'oHsBkHfoGg', NULL, NULL, 0, 0, 0, 1, '67d8bc3955111ff872ad5de75d88b1b4', '2019-08-13 23:53:46', '2019-01-26 11:54:56', 0, NULL),
(32, 'dsherwellc', 'Devan', 'Sherwell', 2, '1440 Debs Center', '2016-04-16', '0916-8370540', 'dsherwellc@wisc.edu', 'Bt9pk8zILn3', NULL, NULL, 0, 0, 0, 1, 'd1f47025670543c8446565f7c662aa97', '2019-02-22 02:05:02', '2019-10-01 01:43:36', 0, NULL),
(33, 'rsootd', 'Robin', 'Soot', 0, '10 1st Crossing', '1986-04-21', '09906910112', 'rsootd@stumbleupon.com', 'tT9cWb', NULL, NULL, 0, 0, 0, 1, '8a21ef5ea7d56e3be678b955840d4b61', '2019-02-27 07:54:40', '2018-12-22 11:47:02', 0, NULL),
(34, 'bcoolbeare', 'Berkly', 'Coolbear', 0, '88703 American Ash Crossing', '2019-07-15', '0998-537-3269', 'bcoolbeare@cornell.edu', 'Ku4W7ukz56', NULL, NULL, 0, 0, 0, 1, '10689c92994c3b1ea6bdec6d124a70f5', '2019-08-15 23:39:25', '2019-09-11 15:56:32', 0, NULL),
(35, 'csellorf', 'Carin', 'Sellor', 2, '9876 Eagle Crest Court', '1988-04-28', '09765417928', 'csellorf@imageshack.us', 'VLYOif', NULL, NULL, 0, 0, 0, 1, '710567cef70fb9b2fcd502a159060bcd', '2019-10-03 02:25:05', '2018-12-18 08:32:48', 0, NULL),
(36, 'ggraithg', 'Georgianne', 'Graith', 0, '11 Mockingbird Street', '1986-01-25', '0916146-4134', 'ggraithg@hp.com', 'omBhkW', NULL, NULL, 0, 0, 0, 1, 'd23e55d5d2622094543aa3064d7fe4ab', '2019-06-11 14:08:08', '2019-08-22 05:23:37', 0, NULL),
(37, 'moflanneryh', 'Mace', 'O\'Flannery', 0, '1521 Kings Alley', '1971-01-12', '0978-896-6245', 'moflanneryh@google.de', 'KF0oEg8', NULL, NULL, 0, 0, 0, 1, 'f07836fc1478eda54ddd88b70074c436', '2019-07-22 14:45:45', '2019-09-20 20:45:16', 0, NULL),
(38, 'nnannettii', 'Nessi', 'Nannetti', 2, '12 Red Cloud Center', '1997-12-20', '09159919013', 'nnannettii@state.tx.us', 'K2RqMjcnpywT', NULL, NULL, 0, 0, 0, 1, '28ed03bb6c164f91f0c9eb721e2f5bdd', '2019-01-13 03:18:15', '2019-09-22 15:37:15', 0, NULL),
(39, 'qchargej', 'Quint', 'Charge', 0, '11 Bay Plaza', '2010-12-12', '0933-342-8776', 'qchargej@vinaora.com', 'KXNgXbY', NULL, NULL, 0, 0, 0, 1, '001aaa563bd010a6818e75561b44c793', '2019-02-15 10:24:01', '2019-07-01 14:27:39', 0, NULL),
(40, 'sorderk', 'Sholom', 'Order', 2, '7882 Fairfield Place', '2006-10-17', '0961924-4277', 'sorderk@smh.com.au', 'eHfT2ydpU', NULL, NULL, 0, 0, 0, 1, '5119d7d468ba2c9aae088ceb793ab8ae', '2019-03-05 15:41:00', '2018-12-22 00:21:44', 0, NULL),
(41, 'wdesimonel', 'Winnah', 'De Simone', 0, '37 Lunder Terrace', '2019-07-10', '09887953766', 'wdesimonel@japanpost.jp', 'QzDPyEI', NULL, NULL, 0, 0, 0, 1, '6aa384df85db02afade33b978ebf0bac', '2019-08-12 00:22:51', '2019-09-09 23:01:06', 0, NULL),
(42, 'abenboughm', 'Avigdor', 'Benbough', 1, '557 Carioca Court', '1972-07-13', '09706653044', 'abenboughm@163.com', 'upkgOqmdM', NULL, NULL, 0, 0, 0, 1, '38b243ff243b873f4dd954ce378d8640', '2019-05-16 20:59:52', '2018-11-10 08:43:04', 0, NULL),
(43, 'mdannettn', 'Maximilianus', 'Dannett', 2, '5513 Manufacturers Hill', '1967-12-30', '09757214138', 'mdannettn@shop-pro.jp', 'BuGyhrW2B9V', NULL, NULL, 0, 0, 0, 1, '643c2db080300d9dffd4f9c897a14ded', '2019-03-22 22:02:01', '2019-02-11 07:08:22', 0, NULL),
(44, 'nmulvennao', 'Norean', 'Mulvenna', 1, '02724 Annamark Junction', '2017-08-25', '09356685095', 'nmulvennao@webeden.co.uk', '9HDIDc2JE', NULL, NULL, 0, 0, 0, 1, '604c28a6872b07fa3b0ca2559963f18c', '2018-12-16 12:54:34', '2019-02-24 03:02:45', 0, NULL),
(45, 'bbowichp', 'Barron', 'Bowich', 1, '07 Schlimgen Street', '1998-07-20', '0968-7143055', 'bbowichp@usda.gov', '0Z3qPNsKuswQ', NULL, NULL, 0, 0, 0, 1, '88c50f999fd11142d06abfdc9f5413f6', '2019-06-24 00:43:31', '2019-02-01 04:34:32', 0, NULL),
(46, 'vbeazleighq', 'Van', 'Beazleigh', 2, '19 Old Gate Park', '1972-12-17', '0953-227-0101', 'vbeazleighq@kickstarter.com', 'QQYNYyWbi8vW', NULL, NULL, 0, 0, 0, 1, '0a8706046aa506603385d3eaf5278695', '2019-07-27 23:05:25', '2019-05-07 11:29:58', 0, NULL),
(47, 'tfollinr', 'Tate', 'Follin', 0, '6 Dorton Place', '1974-08-14', '09510386430', 'tfollinr@e-recht24.de', 'LmlAF7', NULL, NULL, 0, 0, 0, 1, '314131e501b58ad2ea90e56842d50879', '2019-01-23 06:49:29', '2019-03-25 18:03:06', 0, NULL),
(48, 'chabbons', 'Crawford', 'Habbon', 0, '973 Pine View Plaza', '1998-07-14', '0926-329-3228', 'chabbons@linkedin.com', 'BUBxat', NULL, NULL, 0, 0, 0, 1, '15cd4403c2b7389720dcc2385cc0f4fa', '2019-09-10 20:32:12', '2019-04-02 14:57:12', 0, NULL),
(49, 'fpursglovet', 'Fina', 'Pursglove', 2, '88 Shopko Drive', '1993-02-05', '0935-482-7943', 'fpursglovet@elegantthemes.com', 'hzuX3t', NULL, NULL, 0, 0, 0, 1, 'bb0a55a7c34d344256800a88ab5cc756', '2019-07-08 09:20:03', '2019-04-07 20:52:24', 0, NULL),
(50, 'qgawthropu', 'Quinlan', 'Gawthrop', 0, '7338 Dryden Junction', '2014-08-03', '0966-0140744', 'qgawthropu@washington.edu', '8ml9NiTxs', NULL, NULL, 0, 0, 0, 1, '825076b187c8efaa7109cc91e4ccca21', '2019-09-08 22:51:25', '2018-11-29 20:02:05', 0, NULL),
(51, 'sopiev', 'Stefanie', 'Opie', 0, '40 Bluestem Circle', '1975-09-04', '0987741-0994', 'sopiev@google.ca', '51XcdyPfu', NULL, NULL, 0, 0, 0, 1, 'a1e50d16a03ed2e35118a2c18f615907', '2019-07-07 18:53:41', '2019-02-21 05:10:52', 0, NULL),
(52, 'rborthramw', 'Rani', 'Borthram', 0, '630 Bunker Hill Parkway', '1983-08-19', '0966-539-9927', 'rborthramw@acquirethisname.com', '3btL7ZCrgXh', NULL, NULL, 0, 0, 0, 1, '5cb39113b43e4acdbe53dcb491e51e20', '2019-08-12 21:55:31', '2019-05-31 02:46:15', 0, NULL),
(53, 'rmcfaterx', 'Roderich', 'McFater', 2, '1 Twin Pines Junction', '1999-01-15', '0939591-3553', 'rmcfaterx@ustream.tv', '9i5MjJ', NULL, NULL, 0, 0, 0, 1, '806e04573614a491dfa4194658673ca9', '2019-08-29 18:09:55', '2019-10-24 03:06:09', 0, NULL),
(54, 'kebertzy', 'Kristyn', 'Ebertz', 0, '078 Homewood Drive', '1966-11-24', '0913615-7652', 'kebertzy@businesswire.com', 'P3FerrVFVExF', NULL, NULL, 0, 0, 0, 1, 'f0a7919361cadb1c7b80e0be08110044', '2019-02-04 21:24:42', '2019-02-08 10:54:04', 0, NULL),
(55, 'cboostz', 'Catlin', 'Boost', 0, '339 Evergreen Parkway', '2016-01-29', '0921-1799147', 'cboostz@samsung.com', 'XkT5pt', NULL, NULL, 0, 0, 0, 1, '7de9e43a4172a1ddb5462fd0054c5127', '2019-09-09 00:43:22', '2019-06-16 15:47:32', 0, NULL),
(56, 'vlawrey10', 'Vikki', 'Lawrey', 0, '01189 Golf Alley', '2013-04-12', '09116302020', 'vlawrey10@booking.com', 'PsP3T84H', NULL, NULL, 0, 0, 0, 1, 'cb3cae3ba82b3c1868298844fc3290b7', '2019-04-12 16:58:51', '2019-01-17 22:29:54', 0, NULL),
(57, 'easeef11', 'Erminia', 'Aseef', 2, '43 Shopko Terrace', '1993-04-03', '0901-361-7560', 'easeef11@desdev.cn', 'PxmrjNk', NULL, NULL, 0, 0, 0, 1, '03b5afb2a1d56e93d8c71315e7f35708', '2019-06-11 03:36:02', '2019-01-12 12:32:01', 0, NULL),
(58, 'lreddel12', 'Leonidas', 'Reddel', 2, '339 Sutteridge Park', '2007-08-04', '09187925387', 'lreddel12@altervista.org', '8OlHblCba9w', NULL, NULL, 0, 0, 0, 1, '0cb7d28d41e21b81ea53e872e5e9120a', '2019-01-23 02:17:17', '2018-12-13 15:09:57', 0, NULL),
(59, 'kbick13', 'Kial', 'Bick', 1, '6 Lakeland Trail', '1995-03-26', '09001860710', 'kbick13@amazon.co.uk', 'aGarYZah1ynk', NULL, NULL, 0, 0, 0, 1, '7292a936cd6d1e834892b0a40ce2dcc5', '2019-08-13 08:41:55', '2018-11-23 21:51:13', 0, NULL),
(60, 'gsantostefano14', 'Gonzalo', 'Santostefano.', 0, '38813 Service Park', '1994-01-01', '0910610-7331', 'gsantostefano14@spotify.com', 'IRpgP0KU', NULL, NULL, 0, 0, 0, 1, '72e41a464f12a9454173f25a207af838', '2018-12-06 13:01:34', '2019-01-01 20:45:34', 0, NULL),
(61, 'ewearing15', 'Elly', 'Wearing', 1, '03016 Forest Run Way', '2014-10-17', '0923-8699855', 'ewearing15@howstuffworks.com', 'vaxjuEKcd0F', NULL, NULL, 0, 0, 0, 1, '93cea2883a577812384d7a5014b99f34', '2019-08-06 05:11:12', '2019-03-10 21:56:37', 0, NULL),
(62, 'cmusson16', 'Carline', 'Musson', 2, '8916 Summit Court', '2013-11-26', '0991369-6644', 'cmusson16@thetimes.co.uk', 'VI2nJFA', NULL, NULL, 0, 0, 0, 1, 'b3427cfcb959645bcdefef72508cf602', '2018-12-04 10:59:50', '2018-12-20 09:35:30', 0, NULL),
(63, 'afrankiewicz17', 'Adara', 'Frankiewicz', 0, '81 Bunker Hill Center', '1994-03-30', '0920-911-3375', 'afrankiewicz17@pagesperso-orange.fr', 'E6RSMaR3', NULL, NULL, 0, 0, 0, 1, '67f83b7773eb81a41ad4ecdb7f813fa1', '2019-10-20 03:46:53', '2019-09-14 17:47:14', 0, NULL),
(64, 'ldoggrell18', 'Lauree', 'Doggrell', 1, '67083 Logan Hill', '1998-04-04', '09739987862', 'ldoggrell18@bravesites.com', 'Ae6KhbJJx', NULL, NULL, 0, 0, 0, 1, 'c80b09bcb9972db1dde49066cc6910e7', '2018-12-06 20:32:51', '2019-04-10 16:21:46', 0, NULL),
(65, 'malvarado19', 'Mirna', 'Alvarado', 0, '4 Utah Place', '1995-06-04', '0922-022-6716', 'malvarado19@github.com', 'c1JxOAFl', NULL, NULL, 0, 0, 0, 1, '15abbcb8142782652ea2ada96d2635ba', '2018-11-26 22:21:25', '2019-09-22 14:25:17', 0, NULL),
(66, 'lpeevor1a', 'Lind', 'Peevor', 2, '09317 Clarendon Parkway', '2012-01-24', '0956-860-4079', 'lpeevor1a@sohu.com', 'ZY8q7Bp1xa', NULL, NULL, 0, 0, 0, 1, '46f71b2fc7db81bcac9d4f395abdece1', '2019-01-13 14:25:04', '2019-08-10 10:12:57', 0, NULL),
(67, 'dlemerle1b', 'Desirae', 'Lemerle', 2, '3 Merrick Lane', '1981-06-03', '0986-630-1632', 'dlemerle1b@so-net.ne.jp', 'dcdDnOjQx', NULL, NULL, 0, 0, 0, 1, 'd4c4ace4f51c3eba2ba02315f96faa44', '2019-05-09 22:28:01', '2018-11-25 23:19:30', 0, NULL),
(68, 'ngenery1c', 'Norean', 'Genery', 0, '9 Calypso Alley', '2014-10-03', '0982-2890106', 'ngenery1c@independent.co.uk', 'X4viw7h8g', NULL, NULL, 0, 0, 0, 1, '36222456b27ea2bbc427d8faf3fe71f8', '2019-09-09 14:24:17', '2019-08-31 15:18:40', 0, NULL),
(69, 'aisaksson1d', 'Adams', 'Isaksson', 1, '7 Elka Alley', '2003-01-02', '09976008697', 'aisaksson1d@dailymail.co.uk', 'AkI5dR5n', NULL, NULL, 0, 0, 0, 1, '801f168fcce77b89aa2d2e57105c949e', '2019-09-11 05:14:58', '2018-12-07 23:18:09', 0, NULL),
(70, 'lbindon1e', 'Lyn', 'Bindon', 1, '25 Kings Plaza', '1984-05-28', '0915-3881328', 'lbindon1e@51.la', 'uSPGMGOzKN', NULL, NULL, 0, 0, 0, 1, 'df0c7013caaaa082236b81ec7718ef0d', '2019-06-11 22:36:16', '2019-03-05 12:24:18', 0, NULL),
(71, 'kslight1f', 'Kassi', 'Slight', 2, '3 Crest Line Lane', '2003-05-23', '0973-480-3486', 'kslight1f@a8.net', 'sItYwuzlokYa', NULL, NULL, 0, 0, 0, 1, 'fab1824c261799487afc24d000d3044f', '2019-03-09 10:27:02', '2018-11-03 14:20:30', 0, NULL),
(72, 'dtatnell1g', 'Dalila', 'Tatnell', 1, '37567 Boyd Crossing', '1977-05-17', '0935-696-0397', 'dtatnell1g@amazon.de', 'OMW7Km', NULL, NULL, 0, 0, 0, 1, '3f738f05cb45ac2312b721c74789cab8', '2019-07-01 19:16:40', '2019-04-04 16:11:39', 0, NULL),
(73, 'jowers1h', 'Johny', 'Owers', 0, '7393 Lien Crossing', '2005-05-11', '0983-8092175', 'jowers1h@army.mil', '2Kc2crmcR', NULL, NULL, 0, 0, 0, 1, '862c1dc20e9c18fc939f3d0e4fc6e4ab', '2018-11-28 22:51:13', '2019-07-29 06:58:51', 0, NULL),
(74, 'astlouis1i', 'Alikee', 'St. Louis', 0, '652 Eliot Junction', '1973-06-21', '09219983739', 'astlouis1i@boston.com', '3Bf4rQu', NULL, NULL, 0, 0, 0, 1, '592ad23ac4b086d77ce9ec6302da703c', '2018-12-31 19:22:10', '2019-02-17 02:29:55', 0, NULL),
(75, 'dbuckland1j', 'Dalila', 'Buckland', 2, '875 Lerdahl Point', '2011-05-17', '0916-4670134', 'dbuckland1j@sphinn.com', '55KHOUC', NULL, NULL, 0, 0, 0, 1, '8c97be5a850379adde54e3b74547a5bc', '2019-03-05 20:35:48', '2018-12-19 01:13:10', 0, NULL),
(76, 'thavard1k', 'Torrence', 'Havard', 2, '9 Melvin Place', '1997-01-15', '0967586-0141', 'thavard1k@slideshare.net', 'E0zkO4r', NULL, NULL, 0, 0, 0, 1, '44fcc111df1645bc7fd04c789b4d9484', '2018-12-23 23:34:43', '2019-09-26 05:50:55', 0, NULL),
(77, 'vbecke1l', 'Vivianne', 'Becke', 0, '782 Thompson Park', '1975-11-26', '0968-210-1711', 'vbecke1l@wikipedia.org', 'EmzQLLDn', NULL, NULL, 0, 0, 0, 1, '65fb04a625ffdbb7696194ae7ca3ef00', '2019-02-14 08:22:27', '2019-08-10 23:48:59', 0, NULL),
(78, 'mrivel1m', 'Melonie', 'Rivel', 2, '01951 Charing Cross Plaza', '1985-04-18', '0952-451-1323', 'mrivel1m@xrea.com', 'tSxL6zw5x0FR', NULL, NULL, 0, 0, 0, 1, 'd213c72a49361097df005fd886480918', '2019-04-02 04:14:31', '2019-06-22 11:58:32', 0, NULL),
(79, 'rfawthrop1n', 'Revkah', 'Fawthrop', 0, '2714 Meadow Valley Road', '1976-09-07', '0983-971-4849', 'rfawthrop1n@baidu.com', '7pDETWJ', NULL, NULL, 0, 0, 0, 1, 'ac9db3ac6d52b19e0246a8d199afefcf', '2019-09-22 18:49:18', '2019-08-02 16:57:15', 0, NULL),
(80, 'gpaolone1o', 'Griffy', 'Paolone', 2, '64485 Monterey Plaza', '2001-04-18', '0933-771-1314', 'gpaolone1o@facebook.com', 'r61kS5', NULL, NULL, 0, 0, 0, 1, 'be2231d7e62ce0730b018de8f43d4a76', '2019-01-16 13:34:30', '2019-02-22 17:54:19', 0, NULL),
(81, 'ejeandillou1p', 'Elbert', 'Jeandillou', 2, '99963 Upham Alley', '1997-11-06', '09230136654', 'ejeandillou1p@census.gov', 'GBtg92QINPg', NULL, NULL, 0, 0, 0, 1, '3e7a9d818484ffa427276c86cd7ff4b1', '2019-10-08 08:34:25', '2019-03-19 03:42:12', 0, NULL),
(82, 'afranzolini1q', 'Anabel', 'Franzolini', 1, '0329 Washington Terrace', '1978-07-02', '0969-0413645', 'afranzolini1q@timesonline.co.uk', 'lbZJIbRBU3', NULL, NULL, 0, 0, 0, 1, 'ff35dfea9af82eeb7f207571eef8491c', '2019-01-22 04:45:29', '2019-02-02 08:52:59', 0, NULL),
(83, 'jmordy1r', 'Jeffrey', 'Mordy', 0, '9176 Rockefeller Street', '1973-06-25', '09017864947', 'jmordy1r@google.ca', 'IX60SNsC3', NULL, NULL, 0, 0, 0, 1, '409f36c33bc740fb387868705b4bc90c', '2019-09-21 06:15:03', '2019-09-02 11:59:44', 0, NULL),
(84, 'gbruffell1s', 'Gabie', 'Bruffell', 1, '9 Thompson Park', '1987-05-22', '0982125-1951', 'gbruffell1s@jugem.jp', 'DuukWeBswW1', NULL, NULL, 0, 0, 0, 1, 'c9bff48a71e4b32025efa2cb38ae12e9', '2019-09-07 06:09:56', '2019-04-20 13:41:22', 0, NULL),
(85, 'jwraith1t', 'Joshua', 'Wraith', 1, '33 Prairieview Pass', '2016-03-08', '0991595-8122', 'jwraith1t@weibo.com', 'IA3Dtjdx', NULL, NULL, 0, 0, 0, 1, '2c3688b33dc15a2b17ac9f74bc1063cc', '2019-08-15 09:01:00', '2018-11-06 19:18:26', 0, NULL),
(86, 'jdulanty1u', 'Joyan', 'Dulanty', 1, '0 Summit Drive', '1997-09-09', '09983525311', 'jdulanty1u@reuters.com', 'XQXesFc', NULL, NULL, 0, 0, 0, 1, 'd027ae2d41ddcdcf9d3435de21f6f263', '2019-02-26 05:05:30', '2019-04-21 23:22:19', 0, NULL),
(87, 'cblundan1v', 'Cherice', 'Blundan', 0, '6 Nelson Crossing', '1994-06-23', '0912-094-8480', 'cblundan1v@salon.com', 'squhB4WjsDmz', NULL, NULL, 0, 0, 0, 1, '9ebcd6ab21694b2208f92baf46beacb5', '2019-02-11 03:14:06', '2019-09-06 23:04:27', 0, NULL),
(88, 'mmusso1w', 'Murry', 'Musso', 0, '9444 Northport Way', '2009-07-12', '09673802896', 'mmusso1w@epa.gov', 'RrbvvPCBn', NULL, NULL, 0, 0, 0, 1, 'd11b35eca6dd38d369293f2096f9de6b', '2019-05-30 02:52:46', '2019-02-12 02:11:52', 0, NULL),
(89, 'tcanfield1x', 'Taddeusz', 'Canfield', 1, '2336 Knutson Junction', '2009-01-29', '09727892310', 'tcanfield1x@umn.edu', 'va4Np1r', NULL, NULL, 0, 0, 0, 1, '1eb4d1b9fbabfd0d016e4c70d4c68e41', '2019-09-02 06:19:30', '2019-04-04 20:35:47', 0, NULL),
(90, 'eweitzel1y', 'Etta', 'Weitzel', 1, '8 Weeping Birch Drive', '2012-02-06', '0943108-6322', 'eweitzel1y@freewebs.com', 'u0chZy', NULL, NULL, 0, 0, 0, 1, '86c90e19fd545ddead3824799693d5e4', '2019-10-10 16:49:26', '2018-12-09 20:54:58', 0, NULL),
(91, 'etuson1z', 'Esta', 'Tuson', 0, '00395 Clarendon Street', '1978-10-20', '0910368-4464', 'etuson1z@webnode.com', 'P9y8UcQc08cn', NULL, NULL, 0, 0, 0, 1, '79bfaa7047db1129df96bedbbd100a71', '2019-10-09 04:14:47', '2019-04-28 12:31:38', 0, NULL),
(92, 'mshutler20', 'Mariana', 'Shutler', 1, '751 Bluestem Park', '1987-12-31', '0922916-9900', 'mshutler20@bbc.co.uk', 'VZtDLm82', NULL, NULL, 0, 0, 0, 1, 'fc5f2fa836312604b381792ea0e2554a', '2019-09-28 15:47:13', '2019-03-27 16:59:49', 0, NULL),
(93, 'kgummer21', 'Killie', 'Gummer', 2, '7 Corry Pass', '1999-07-11', '0957-2510084', 'kgummer21@economist.com', 'MATGcfGGZb6', NULL, NULL, 0, 0, 0, 1, 'b0768a84df1fe59b185edb77fd8f5657', '2019-02-09 00:14:41', '2019-07-11 10:34:07', 0, NULL),
(94, 'tmccoveney22', 'Tallia', 'McCoveney', 0, '9249 Welch Place', '1981-04-09', '0980-063-7865', 'tmccoveney22@istockphoto.com', 'uS9FPPRK', NULL, NULL, 0, 0, 0, 1, '2acdf55aa0ef2cc6c419b185bc6a4232', '2019-06-17 04:21:19', '2019-06-12 13:57:44', 0, NULL),
(95, 'cfoddy23', 'Chris', 'Foddy', 1, '02262 Porter Crossing', '1981-06-27', '09578342003', 'cfoddy23@kickstarter.com', 'ezPUeVz5', NULL, NULL, 0, 0, 0, 1, 'dd530612b9511f640e119aff1aac79a8', '2018-11-19 19:36:23', '2019-03-26 19:05:44', 0, NULL),
(96, 'mgegg24', 'Margit', 'Gegg', 1, '19670 Bellgrove Circle', '1971-02-21', '0986437-2969', 'mgegg24@domainmarket.com', '2KIrXeWJr', NULL, NULL, 0, 0, 0, 1, 'ccefe957c19ab5f2421d994bdfc3f7e1', '2019-06-08 02:08:29', '2019-05-25 18:57:41', 0, NULL),
(97, 'hcolbertson25', 'Hedwig', 'Colbertson', 0, '4055 Welch Court', '1967-05-13', '09972334144', 'hcolbertson25@nih.gov', 'hURrBxwKf', NULL, NULL, 0, 0, 0, 1, '4ca6dc8d1b609d11bea1fd756493abc2', '2019-06-21 06:27:21', '2018-11-24 13:30:08', 0, NULL),
(98, 'eroj26', 'Euphemia', 'Roj', 2, '437 Service Hill', '2003-12-10', '0902-571-3140', 'eroj26@engadget.com', 'f7vnbqobF', NULL, NULL, 0, 0, 0, 1, 'ff2eda9e5b3f2e5e89d3eeeabe146f04', '2018-12-22 16:18:42', '2019-04-23 21:48:03', 0, NULL),
(99, 'echilds27', 'Elise', 'Childs', 2, '11 Golden Leaf Court', '2015-10-16', '09410554904', 'echilds27@amazon.co.uk', '0FIaX6', NULL, NULL, 0, 0, 0, 1, '4d4fb21bdee7d692f4372d1010a3c40c', '2019-03-21 02:35:31', '2019-09-12 05:56:30', 0, NULL),
(100, 'rgoosnell28', 'Roderick', 'Goosnell', 2, '502 Reindahl Point', '1971-03-06', '09043129332', 'rgoosnell28@1und1.de', 'VTFC7vEgzHv', NULL, NULL, 0, 0, 0, 1, '54dedc08efcb930dd36cb9de1cc4bd59', '2018-12-04 19:51:59', '2019-10-08 05:51:51', 0, NULL),
(101, 'ytrengrouse29', 'Yancy', 'Trengrouse', 1, '8749 Pankratz Terrace', '1976-09-23', '0993889-0612', 'ytrengrouse29@cdbaby.com', 'YxPRH0PRE', NULL, NULL, 0, 0, 0, 1, '76eeeeeb88c45514c76beab0ee490f06', '2019-08-14 16:51:25', '2019-10-14 07:00:10', 0, NULL),
(102, 'wreuben2a', 'Woodrow', 'Reuben', 0, '055 Sunbrook Way', '1974-12-15', '09866892504', 'wreuben2a@squarespace.com', 'EUHSSwH26', NULL, NULL, 0, 0, 0, 1, '81276ef44abd2577edab6ed8abf9afce', '2018-12-11 12:28:04', '2018-12-04 13:32:43', 0, NULL),
(103, 'gpedri2b', 'Grantley', 'Pedri', 2, '972 Golf Court', '2010-11-10', '0966-459-9059', 'gpedri2b@ustream.tv', 'iVw69F', NULL, NULL, 0, 0, 0, 1, 'd76c31a2edb7d85e19b4ecebf4102f65', '2019-02-21 12:39:51', '2019-01-16 06:45:16', 0, NULL),
(104, 'ijacqueminot2c', 'Ilsa', 'Jacqueminot', 2, '0 Debra Drive', '1999-09-21', '0903586-6064', 'ijacqueminot2c@ox.ac.uk', 'jl2vPM', NULL, NULL, 0, 0, 0, 1, '146cf893b1ccd176efe6c91864dff1f3', '2019-02-04 22:59:51', '2019-08-26 11:14:44', 0, NULL),
(105, 'ashillum2d', 'Abraham', 'Shillum', 1, '849 Old Shore Circle', '2012-02-16', '0934-9086619', 'ashillum2d@diigo.com', 'MX7e9G', NULL, NULL, 0, 0, 0, 1, '0fa9f057adee3143ca929e024b67a265', '2019-05-02 14:01:26', '2019-10-17 21:06:32', 0, NULL),
(106, 'rabramamovh2e', 'Rania', 'Abramamovh', 2, '4 Farragut Parkway', '1991-11-11', '09132184758', 'rabramamovh2e@twitpic.com', '7BAzhHimMN', NULL, NULL, 0, 0, 0, 1, '49269da599dc21df8466a93326713fd6', '2019-09-03 01:32:21', '2019-04-08 22:24:49', 0, NULL),
(107, 'gpignon2f', 'Granville', 'Pignon', 1, '535 Sullivan Parkway', '1996-11-29', '0929-775-9360', 'gpignon2f@google.com.au', '53FNmvs5A', NULL, NULL, 0, 0, 0, 1, 'b6f21085dfbc0d06370a857e21c1ae1b', '2019-10-12 16:16:58', '2019-01-07 18:24:33', 0, NULL),
(108, 'asurby2g', 'Alli', 'Surby', 2, '44854 Green Crossing', '1974-03-13', '0931-455-6750', 'asurby2g@ed.gov', 'F17CAKUzNvM', NULL, NULL, 0, 0, 0, 1, '2802d66687df6aecfe3de542bc6a1c7e', '2019-01-13 13:09:41', '2019-05-14 10:39:59', 0, NULL),
(109, 'barends2h', 'Berti', 'Arends', 1, '0118 Butternut Hill', '2009-12-07', '0951-9499976', 'barends2h@sciencedaily.com', 'qYlfDgcbsFcX', NULL, NULL, 0, 0, 0, 1, 'baffeeb1922740c52c178419ec7785e0', '2019-08-30 21:07:58', '2019-06-06 14:27:26', 0, NULL),
(110, 'jmacgiany2i', 'Jemie', 'Mac Giany', 1, '9 Granby Parkway', '1969-09-15', '0955-296-6747', 'jmacgiany2i@go.com', '1YENiB', NULL, NULL, 0, 0, 0, 1, '7f0191df9878b04f3661a4ce2fcc04c1', '2018-12-14 07:59:41', '2019-10-11 17:30:54', 0, NULL),
(111, 'maiers2j', 'Michaeline', 'Aiers', 0, '09709 Marcy Plaza', '1974-09-04', '09880285648', 'maiers2j@macromedia.com', 'c3wM8hunXOp', NULL, NULL, 0, 0, 0, 1, 'e6fbe1fe3eec149e17286ca100c70083', '2019-06-25 04:59:56', '2018-12-18 22:00:16', 0, NULL),
(112, 'evina2k', 'Eden', 'Vina', 0, '5206 Oak Trail', '2015-07-10', '0945-971-0806', 'evina2k@narod.ru', 'hFwYgBz', NULL, NULL, 0, 0, 0, 1, '73d05162681f2bca636c8bde4d594ff4', '2019-07-30 13:49:32', '2019-08-03 02:41:40', 0, NULL),
(113, 'rdiment2l', 'Rheba', 'Diment', 0, '89612 1st Park', '1988-05-17', '0988-6504680', 'rdiment2l@fc2.com', '0seqAbLH', NULL, NULL, 0, 0, 0, 1, '3ba0aef98f635abfe8eaa9242cb07543', '2018-12-21 05:49:50', '2019-05-02 19:29:22', 0, NULL),
(114, 'emogg2m', 'Elsi', 'Mogg', 0, '96 Bowman Crossing', '2008-09-24', '0985412-9127', 'emogg2m@behance.net', 'L8XOrngP34Ik', NULL, NULL, 0, 0, 0, 1, '5f55ec262011943a53e8ab91a4b62f5f', '2019-05-11 10:27:59', '2019-06-18 15:08:14', 0, NULL),
(115, 'rcosgrave2n', 'Randie', 'Cosgrave', 1, '3 Judy Hill', '2006-05-06', '0955-600-4475', 'rcosgrave2n@latimes.com', 'ULMvrc', NULL, NULL, 0, 0, 0, 1, '0c1c58d08a3988b23ed0ddc4054651ed', '2018-11-19 14:40:24', '2019-02-10 02:27:02', 0, NULL),
(116, 'cciciotti2o', 'Corrianne', 'Ciciotti', 1, '3 Maywood Alley', '1973-01-09', '09968305903', 'cciciotti2o@home.pl', '61Ul2sOsHJAA', NULL, NULL, 0, 0, 0, 1, 'd862242d656ba8b47e07c70e31be8fc1', '2019-07-28 06:15:54', '2019-04-16 20:00:58', 0, NULL),
(117, 'sjagson2p', 'Salim', 'Jagson', 1, '19 Coleman Junction', '1974-06-30', '0937-3751424', 'sjagson2p@hostgator.com', '1vpTfVN1PxWC', NULL, NULL, 0, 0, 0, 1, 'd1c6c2bae051394c6482075e28ca49dd', '2019-10-12 17:44:31', '2019-01-30 06:14:26', 0, NULL),
(118, 'dboddie2q', 'Dulcy', 'Boddie', 1, '952 Rockefeller Parkway', '1999-06-03', '0986-5324718', 'dboddie2q@archive.org', 'c95Wh9pF', NULL, NULL, 0, 0, 0, 1, 'cd18cf830ce77ce7f65806adceab492a', '2018-11-14 00:41:46', '2018-12-25 20:52:08', 0, NULL),
(119, 'jmcleese2r', 'Jeffy', 'McLeese', 0, '77 Havey Terrace', '2010-02-05', '0931-3562416', 'jmcleese2r@wikimedia.org', 'DJtHYB', NULL, NULL, 0, 0, 0, 1, '139d23b97700aa182f3bb906f9296733', '2019-05-05 03:51:06', '2019-09-03 15:38:46', 0, NULL),
(120, 'rsiehard2s', 'Rodrigo', 'Siehard', 1, '3175 Westridge Place', '1973-01-09', '0911-482-4369', 'rsiehard2s@liveinternet.ru', 'KNRKIgVU9', NULL, NULL, 0, 0, 0, 1, 'f08ff4431a7b953348df4006db54587c', '2018-10-29 04:46:56', '2018-11-02 16:05:02', 0, NULL),
(121, 'lfrapwell2t', 'Lonny', 'Frapwell', 1, '31402 Killdeer Alley', '1988-02-10', '0921-000-9372', 'lfrapwell2t@howstuffworks.com', 'F3OULjpCk8S', NULL, NULL, 0, 0, 0, 1, 'c0db8ece5ca44c67e81926a9b93c7d87', '2019-06-01 08:55:24', '2019-02-09 01:25:00', 0, NULL),
(122, 'gdumpleton2u', 'Gallard', 'Dumpleton', 2, '25 Toban Point', '1993-10-31', '0947-9362325', 'gdumpleton2u@state.gov', 'RRcZMnlo', NULL, NULL, 0, 0, 0, 1, '09fc4eba7fed446d3267b84e6fd463ab', '2019-04-04 05:42:27', '2018-12-24 06:12:09', 0, NULL),
(123, 'hwakeling2v', 'Hollyanne', 'Wakeling', 1, '75 John Wall Lane', '1992-01-30', '09095223955', 'hwakeling2v@un.org', 's7MxZW03Cv', NULL, NULL, 0, 0, 0, 1, '3bdcb79d40f919dafdce6397043883d1', '2019-10-21 19:55:46', '2019-08-24 17:34:43', 0, NULL),
(124, 'hdrohane2w', 'Harvey', 'Drohane', 1, '43966 Birchwood Crossing', '1977-04-05', '0999181-8224', 'hdrohane2w@geocities.com', 'q44iiYThlQ', NULL, NULL, 0, 0, 0, 1, 'ffbb2104f230113d612280b0afa27941', '2019-03-21 07:17:11', '2019-07-14 06:37:17', 0, NULL),
(125, 'gwallage2x', 'Gypsy', 'Wallage', 1, '98158 Summer Ridge Lane', '1995-01-19', '0906-0840412', 'gwallage2x@gnu.org', 'eGZxRJm', NULL, NULL, 0, 0, 0, 1, 'cc9fd8a08c8043eeebefea4b78d72cd5', '2019-06-01 06:37:25', '2019-05-29 23:32:10', 0, NULL),
(126, 'kdragon2y', 'Kenton', 'Dragon', 2, '17211 Pleasure Road', '1985-08-16', '0975-158-2321', 'kdragon2y@eepurl.com', 'pzo13tGIwz5L', NULL, NULL, 0, 0, 0, 1, '9ea25ebc8d02ef5f8a49013458a832e2', '2019-03-17 08:29:30', '2019-03-13 11:39:20', 0, NULL),
(127, 'dtargett2z', 'Dana', 'Targett', 2, '3515 Ronald Regan Junction', '1977-10-14', '0905585-0227', 'dtargett2z@webs.com', 'ma4GANvcVZj', NULL, NULL, 0, 0, 0, 1, '1eeb091b9794d5fbd6c93c8494aa8e56', '2019-08-10 03:15:17', '2018-11-21 06:15:01', 0, NULL),
(128, 'eprangnell30', 'Elliot', 'Prangnell', 0, '97073 2nd Drive', '2014-05-15', '09398637716', 'eprangnell30@jiathis.com', 'FNShqJCKD', NULL, NULL, 0, 0, 0, 1, '8e08dddfc5a282b51d3ab11abb91bc01', '2019-07-06 23:45:53', '2018-12-10 17:19:30', 0, NULL),
(129, 'bdalrymple31', 'Bobby', 'Dalrymple', 2, '35801 Service Point', '2010-02-02', '0966-9167003', 'bdalrymple31@gizmodo.com', 'EQ4CTLfB', NULL, NULL, 0, 0, 0, 1, '28c90249148ebec1e90fe705c9987462', '2019-04-26 21:37:51', '2019-02-06 00:15:37', 0, NULL),
(130, 'bpache32', 'Brianne', 'Pache', 1, '825 Quincy Road', '2012-02-12', '0985-2327975', 'bpache32@engadget.com', 'Cz6owcMyOY', NULL, NULL, 0, 0, 0, 1, '8de4fccf877fcbccceb5c972a8482db7', '2018-12-18 14:16:20', '2019-05-09 00:29:41', 0, NULL),
(131, 'bdesantos33', 'Barbaraanne', 'De Santos', 1, '8 Surrey Drive', '1981-11-01', '0928494-4065', 'bdesantos33@shutterfly.com', 'iCEUlzq53za', NULL, NULL, 0, 0, 0, 1, '060b5b66943b6a7cc778cfcb744dbe54', '2018-11-09 23:30:13', '2019-06-21 00:29:38', 0, NULL),
(132, 'stroillet34', 'Stanislaus', 'Troillet', 1, '4 Carioca Place', '1988-11-20', '0931-6823891', 'stroillet34@vk.com', 'FZF6GdaDSxvB', NULL, NULL, 0, 0, 0, 1, '3236e012c0ddd45fd6f67649f956b3db', '2018-12-03 21:01:21', '2019-01-30 20:14:40', 0, NULL),
(133, 'lfuzzens35', 'Loydie', 'Fuzzens', 2, '71861 Acker Terrace', '1989-08-06', '0961-5953238', 'lfuzzens35@yahoo.co.jp', 'Rj0vxE', NULL, NULL, 0, 0, 0, 1, 'a329383836908965144df2953a6d7b75', '2019-10-10 01:59:07', '2019-06-13 04:04:23', 0, NULL),
(134, 'dbasillon36', 'Duke', 'Basillon', 0, '77824 Evergreen Court', '1992-09-25', '0923-069-1803', 'dbasillon36@quantcast.com', 'XvUm0FLSQhz', NULL, NULL, 0, 0, 0, 1, '6b997d93835a7b41c349034ca0248cfb', '2019-04-25 01:54:24', '2019-04-16 05:52:48', 0, NULL),
(135, 'poswell37', 'Pall', 'Oswell', 0, '49521 Ryan Trail', '1978-09-15', '0917-6634677', 'poswell37@squidoo.com', 'nmWblUG6', NULL, NULL, 0, 0, 0, 1, 'a853597bb88fc60504b4d53ab533b144', '2019-07-31 11:09:38', '2019-04-24 10:57:47', 0, NULL),
(136, 'pflageul38', 'Pauly', 'Flageul', 0, '28 Sherman Place', '1970-11-01', '09891633255', 'pflageul38@hibu.com', 'n11jkoy', NULL, NULL, 0, 0, 0, 1, 'ce5710fe3516c82e1f5282178a57387f', '2019-08-23 18:52:03', '2019-02-20 15:05:09', 0, NULL),
(137, 'jstollery39', 'Joly', 'Stollery', 1, '87204 Comanche Street', '2006-06-13', '09879027746', 'jstollery39@dailymail.co.uk', 'BeymySDEPcpQ', NULL, NULL, 0, 0, 0, 1, '2e925251ae652e22ae65c096f86f4711', '2019-09-03 18:09:26', '2019-10-16 21:21:20', 0, NULL),
(138, 'bbogey3a', 'Berti', 'Bogey', 1, '62 Barby Center', '1985-06-18', '0935623-4137', 'bbogey3a@techcrunch.com', 'hIA5Zyec', NULL, NULL, 0, 0, 0, 1, '1e5aa70b997e8b106fa96fe2e35ebd37', '2018-12-29 18:20:50', '2018-11-19 12:55:27', 0, NULL),
(139, 'aanthona3b', 'Ardyce', 'Anthona', 1, '49 Schurz Trail', '2008-04-10', '0920373-4674', 'aanthona3b@php.net', 'cpCGlsZxj', NULL, NULL, 0, 0, 0, 1, '91e12e6b01d04b2b38518cec006fdf4b', '2019-05-30 17:46:23', '2019-07-06 08:53:25', 0, NULL),
(140, 'rpollastrone3c', 'Rodrick', 'Pollastrone', 1, '783 Fordem Point', '1998-11-20', '0952814-3982', 'rpollastrone3c@sakura.ne.jp', 'xXYGlo', NULL, NULL, 0, 0, 0, 1, 'e888935f08e41a64f029ddc178124194', '2019-08-29 14:59:48', '2019-06-01 23:32:40', 0, NULL),
(141, 'tkiltie3d', 'Tadd', 'Kiltie', 0, '6 Sloan Park', '2019-09-26', '0998-7952086', 'tkiltie3d@trellian.com', '3vRm1T5TZwP', NULL, NULL, 0, 0, 0, 1, '357574ffacad64e6423b94a31803eebe', '2019-09-22 03:18:52', '2019-08-24 01:16:00', 0, NULL),
(142, 'hshovelin3e', 'Helen-elizabeth', 'Shovelin', 1, '1372 Jenifer Street', '1993-10-08', '0931764-1306', 'hshovelin3e@1688.com', 'z4BaeR', NULL, NULL, 0, 0, 0, 1, 'ea112817ac40dedc1a17f84783b627ea', '2018-11-10 19:40:18', '2018-12-08 19:35:43', 0, NULL),
(143, 'fpetlyura3f', 'Finley', 'Petlyura', 2, '99700 Killdeer Way', '2007-03-11', '0915911-6637', 'fpetlyura3f@amazonaws.com', 'lkF9T7OtMnp', NULL, NULL, 0, 0, 0, 1, 'bbbf45811e54d0c09810b4ef5babd067', '2018-12-13 23:29:47', '2018-12-23 16:41:32', 0, NULL),
(144, 'cturbitt3g', 'Carri', 'Turbitt', 2, '555 Waxwing Street', '2010-08-16', '0982-064-8290', 'cturbitt3g@free.fr', 'A0KwAM', NULL, NULL, 0, 0, 0, 1, 'ab6228281a33d84230cb610fa05b9d8c', '2019-06-16 20:51:58', '2019-07-02 09:13:42', 0, NULL),
(145, 'bdcruze3h', 'Bruce', 'D\'Cruze', 2, '8 Eastwood Parkway', '2019-08-05', '09472887205', 'bdcruze3h@gov.uk', 'OjamEYqD', NULL, NULL, 0, 0, 0, 1, 'b9e57ccb074000cd0ac79b8b8a81b58e', '2018-12-17 15:38:32', '2019-06-24 03:27:00', 0, NULL),
(146, 'wginley3i', 'Wally', 'Ginley', 2, '26343 Vahlen Drive', '2015-11-22', '0927775-2350', 'wginley3i@java.com', 'YVrQNL', NULL, NULL, 0, 0, 0, 1, '9f8328089c1db267958b65ab3d1d4cc7', '2019-10-19 04:25:11', '2018-12-16 04:04:49', 0, NULL),
(147, 'jclemitt3j', 'Juditha', 'Clemitt', 2, '508 Charing Cross Parkway', '2003-07-25', '0907-312-0476', 'jclemitt3j@boston.com', 'pqC4mkL', NULL, NULL, 0, 0, 0, 1, '57a7ad0252e492b0ac56db9adbb53500', '2019-03-10 06:35:45', '2019-03-08 19:05:27', 0, NULL),
(148, 'fcampe3k', 'Ford', 'Campe', 1, '2 Claremont Drive', '2009-08-20', '0966-868-9115', 'fcampe3k@wufoo.com', 'Uvp4QSHAEbzl', NULL, NULL, 0, 0, 0, 1, 'b07632de06043a5da201ecc10d1be512', '2019-10-06 08:03:02', '2019-09-15 09:06:36', 0, NULL),
(149, 'rtrazzi3l', 'Rufe', 'Trazzi', 0, '300 Mallory Court', '1968-03-21', '0957082-8484', 'rtrazzi3l@irs.gov', 'DJx1S2L', NULL, NULL, 0, 0, 0, 1, 'f5ed210db7beebd33dfc90144b69c5a8', '2019-08-24 23:48:36', '2019-05-01 01:12:56', 0, NULL),
(150, 'mblackshaw3m', 'Marie-ann', 'Blackshaw', 1, '111 Grover Plaza', '1990-08-01', '0959-792-1932', 'mblackshaw3m@purevolume.com', 'YPgWRgtAZbo', NULL, NULL, 0, 0, 0, 1, '8e131207a8b432e90f5f505f6fd0a3af', '2019-01-08 18:16:09', '2018-12-16 07:01:41', 0, NULL),
(151, 'clatus3n', 'Caria', 'Latus', 1, '900 Cardinal Point', '2001-03-14', '09030270738', 'clatus3n@miibeian.gov.cn', 'f5VBwCOc', NULL, NULL, 0, 0, 0, 1, 'c017856751ab56168802059d312697d2', '2019-03-30 20:22:04', '2019-05-10 01:21:45', 0, NULL),
(152, 'prabley3o', 'Pam', 'Rabley', 1, '808 East Hill', '1991-11-20', '09117436422', 'prabley3o@youtube.com', 'mQwYFId', NULL, NULL, 0, 0, 0, 1, 'f03976738b21f72dcc54d0275482d13d', '2019-09-03 15:04:09', '2019-06-15 13:17:04', 0, NULL),
(153, 'gtrunks3p', 'Griffith', 'Trunks', 2, '14769 Warner Terrace', '2007-07-31', '09457367966', 'gtrunks3p@java.com', 'NkmfU2A9B', NULL, NULL, 0, 0, 0, 1, 'a633c49a2b572306c189d51728dc11bc', '2018-11-04 21:32:19', '2019-06-19 13:07:17', 0, NULL),
(154, 'bbrundale3q', 'Brigida', 'Brundale', 1, '23306 Merrick Terrace', '1989-04-21', '09076410455', 'bbrundale3q@vistaprint.com', 'CwlmVQ8R87', NULL, NULL, 0, 0, 0, 1, '4eaf105a9f57439029e9cba170bad978', '2019-04-19 16:42:14', '2019-10-01 16:38:38', 0, NULL),
(155, 'mburnapp3r', 'Magdalene', 'Burnapp', 1, '864 Nobel Pass', '2004-07-20', '0943-5345886', 'mburnapp3r@archive.org', 'GcqbzYAW30', NULL, NULL, 0, 0, 0, 1, '0f9b46e64bc4a73a473ed17f3ae5a900', '2019-08-12 17:37:06', '2019-07-15 09:47:43', 0, NULL),
(156, 'eleathley3s', 'Ellwood', 'Leathley', 1, '82 Hooker Road', '1992-12-26', '0986360-4338', 'eleathley3s@hhs.gov', 'PV6iHxYM1TTz', NULL, NULL, 0, 0, 0, 1, '2bea1f71caac8ae05cdb1a152b87d116', '2019-01-11 23:30:36', '2019-06-11 19:18:38', 0, NULL),
(157, 'jdeminico3t', 'Jobye', 'De Minico', 2, '32 Donald Road', '1988-02-11', '0920-140-1090', 'jdeminico3t@unblog.fr', '87TPLU5tx0q', NULL, NULL, 0, 0, 0, 1, '3312e4e0eaa54b353070b1c24a901ae3', '2019-03-31 13:44:06', '2019-09-13 21:48:07', 0, NULL),
(158, 'mscrivener3u', 'Maximo', 'Scrivener', 2, '8 5th Circle', '1980-08-17', '09866408702', 'mscrivener3u@wix.com', 'C3ksbAhX5', NULL, NULL, 0, 0, 0, 1, '88fc1c54147a88ee511574ec0307ab82', '2018-11-09 05:31:44', '2018-12-13 08:25:07', 0, NULL),
(159, 'htimmons3v', 'Harrie', 'Timmons', 1, '49 Porter Road', '1987-08-24', '0949-9875100', 'htimmons3v@github.com', 'gIG66z2wC', NULL, NULL, 0, 0, 0, 1, '3bbcd1af3723ba70f8975eb025d55220', '2018-12-24 00:30:25', '2019-09-19 01:07:44', 0, NULL),
(160, 'jberrigan3w', 'Johan', 'Berrigan', 2, '26 Merchant Lane', '2017-04-02', '0950-6718349', 'jberrigan3w@tuttocitta.it', '81PuWe0SjEz', NULL, NULL, 0, 0, 0, 1, 'c494509fb780067f2fd7c393994600a6', '2019-07-13 04:38:34', '2019-04-26 17:04:32', 0, NULL),
(161, 'kpeeke3x', 'Kippy', 'Peeke', 0, '7 Pankratz Crossing', '1983-10-18', '0918-2033805', 'kpeeke3x@indiegogo.com', 'JUPVCyYThVl', NULL, NULL, 0, 0, 0, 1, '4ba5a4e82709f5bda7b89a680cdb4618', '2019-05-22 19:47:24', '2019-01-05 22:55:40', 0, NULL),
(162, 'kpiff3y', 'Karia', 'Piff', 0, '07 Butterfield Point', '1992-01-01', '0967-535-1677', 'kpiff3y@telegraph.co.uk', '3N8biT', NULL, NULL, 0, 0, 0, 1, 'c652a7c4d9f5d812775f585cd37d56e0', '2019-01-29 16:20:28', '2019-05-09 23:47:19', 0, NULL),
(163, 'nfarrears3z', 'Nealy', 'Farrears', 1, '68336 Oneill Park', '1981-02-02', '0938-834-3179', 'nfarrears3z@ycombinator.com', '4UpozhkxMOj6', NULL, NULL, 0, 0, 0, 1, '8da4a1d6aa984ddd5f696b3629f40b98', '2018-12-25 19:21:27', '2018-12-22 04:05:51', 0, NULL),
(164, 'msalmond40', 'Melva', 'Salmond', 0, '15434 Darwin Trail', '2004-06-16', '0927-504-6075', 'msalmond40@issuu.com', '8vaGOk0QmVXo', NULL, NULL, 0, 0, 0, 1, 'b58c958c537c4e7fe6c91478df0795fd', '2019-10-06 19:29:35', '2018-12-17 04:39:24', 0, NULL),
(165, 'nlarkin41', 'Nicoline', 'Larkin', 1, '82 Carberry Pass', '1991-07-07', '0960991-0826', 'nlarkin41@japanpost.jp', 'pe1nHgSm', NULL, NULL, 0, 0, 0, 1, 'f747721251fa307affe2bfedd3303c5c', '2019-06-21 20:45:57', '2018-12-21 23:30:24', 0, NULL),
(166, 'eyakuntsov42', 'Eddy', 'Yakuntsov', 1, '876 Tennessee Road', '1991-01-29', '0982-3743524', 'eyakuntsov42@guardian.co.uk', 'k0e1bl1UhDY', NULL, NULL, 0, 0, 0, 1, 'a5b87c48e02dcb9079610031aa02f3fd', '2019-10-10 16:02:41', '2019-05-03 10:52:36', 0, NULL),
(167, 'gplaice43', 'Gipsy', 'Plaice', 0, '2733 Sutherland Plaza', '1973-04-12', '0987-4730587', 'gplaice43@ameblo.jp', 'gQ2Caf5', NULL, NULL, 0, 0, 0, 1, '13b39c3a88709b92f1531ddd2023b2d0', '2019-01-02 06:25:52', '2019-02-09 14:36:59', 0, NULL),
(168, 'nwinslet44', 'Nathalia', 'Winslet', 2, '5269 Cordelia Way', '1989-05-20', '0932-8440353', 'nwinslet44@ftc.gov', 'sY4fzA', NULL, NULL, 0, 0, 0, 1, '89a1838261f05d9dda33dada32d08bf3', '2019-04-20 00:41:32', '2019-05-17 18:16:06', 0, NULL),
(169, 'fsonner45', 'Faulkner', 'Sonner', 0, '38 Shopko Park', '1969-10-18', '0961-8980022', 'fsonner45@hao123.com', '3YKxc7lzxr3', NULL, NULL, 0, 0, 0, 1, '106d8888f43ba8a22262ad466be3e51e', '2018-11-27 23:08:13', '2018-12-20 21:22:16', 0, NULL),
(170, 'byorke46', 'Brandi', 'Yorke', 0, '230 Sage Lane', '2011-10-08', '0986267-3292', 'byorke46@1688.com', 'YtQOBKP', NULL, NULL, 0, 0, 0, 1, '9f620e0b5e5a8fd5fa914f2384a520d6', '2019-06-07 05:29:12', '2019-10-21 16:52:16', 0, NULL),
(171, 'iiddon47', 'Ina', 'Iddon', 2, '7748 Continental Trail', '1999-06-03', '09314549483', 'iiddon47@twitpic.com', '0Dcva2', NULL, NULL, 0, 0, 0, 1, '222c2d4c5cfb56ddfabb547d1fe86e41', '2019-09-13 20:53:02', '2019-08-26 07:30:27', 0, NULL),
(172, 'ydalziel48', 'Yorker', 'Dalziel', 1, '4135 Manufacturers Drive', '2013-05-03', '0911-232-7234', 'ydalziel48@example.com', 'RSQBCIGq', NULL, NULL, 0, 0, 0, 1, '55c2b736b40121bb5af019031a6038a2', '2019-03-24 15:35:06', '2019-02-10 15:44:43', 0, NULL),
(173, 'hbracknall49', 'Heddie', 'Bracknall', 1, '8232 Donald Plaza', '1994-07-06', '0934-5635454', 'hbracknall49@creativecommons.org', 'kvUxeS4qa0L', NULL, NULL, 0, 0, 0, 1, '45ad920ac5b3f3d8c81751fb0957bf45', '2019-07-07 11:50:54', '2019-09-29 16:23:57', 0, NULL),
(174, 'gcisneros4a', 'Gates', 'Cisneros', 1, '3 Corscot Center', '1976-07-07', '0985-281-7238', 'gcisneros4a@guardian.co.uk', 'PVIrlw', NULL, NULL, 0, 0, 0, 1, '68a7ef1490ad0b66e43a8212da45d26d', '2018-12-22 07:15:30', '2018-11-25 15:52:13', 0, NULL),
(175, 'rruddock4b', 'Randie', 'Ruddock', 0, '1 Elka Place', '1994-04-01', '0917-2769838', 'rruddock4b@weather.com', 'Txj2yC8D9', NULL, NULL, 0, 0, 0, 1, '6bbd34ad9a29a13fdbb0e29780c32bb5', '2019-07-25 05:50:11', '2019-07-29 00:47:33', 0, NULL),
(176, 'sottewill4c', 'Sonja', 'Ottewill', 1, '8890 Quincy Circle', '2000-12-21', '0930-8877885', 'sottewill4c@europa.eu', 'yZaOo0', NULL, NULL, 0, 0, 0, 1, '6eaa88d35c5cccb81a024faabb54cb61', '2019-04-24 16:13:30', '2019-04-26 00:39:54', 0, NULL),
(177, 'ecarvill4d', 'Emmit', 'Carvill', 1, '9 Steensland Crossing', '2015-08-12', '0965816-8823', 'ecarvill4d@photobucket.com', 'DovqQB8ew', NULL, NULL, 0, 0, 0, 1, 'b87b46859078387a451ee465e0fcfc33', '2019-03-22 16:55:32', '2019-07-15 15:59:19', 0, NULL),
(178, 'nbertelmot4e', 'Natalie', 'Bertelmot', 2, '390 Mayer Pass', '2003-10-17', '0919-6544571', 'nbertelmot4e@businesswire.com', 'feJq1sKuo6', NULL, NULL, 0, 0, 0, 1, '7a1c3ca3c11de4a9801376c7104225a4', '2019-09-17 12:44:09', '2018-11-28 04:35:07', 0, NULL),
(179, 'rfarquar4f', 'Ranna', 'Farquar', 0, '073 Buhler Junction', '1983-12-31', '0942-3740969', 'rfarquar4f@example.com', 'NcKVEAcbS', NULL, NULL, 0, 0, 0, 1, 'a5c91010b9eb9d1c4b2b9502b149a22a', '2019-03-12 13:47:07', '2019-02-11 23:23:31', 0, NULL),
(180, 'yflegg4g', 'Yevette', 'Flegg', 1, '327 Waywood Place', '2013-03-25', '0913273-2208', 'yflegg4g@mtv.com', 'lHCHUTDeM', NULL, NULL, 0, 0, 0, 1, '4e7e91121dddf8652262d5594884b354', '2019-09-13 07:09:11', '2019-01-13 02:41:22', 0, NULL),
(181, 'freadmire4h', 'Federica', 'Readmire', 1, '474 Warrior Place', '1990-05-15', '0915292-2588', 'freadmire4h@disqus.com', 'rDyHJD59B', NULL, NULL, 0, 0, 0, 1, '052d943fabbab4c4fbd1407df6c3de69', '2019-07-25 15:10:33', '2019-09-27 18:10:29', 0, NULL),
(182, 'wpenson4i', 'Wrennie', 'Penson', 0, '576 Fallview Terrace', '2008-01-01', '09377053617', 'wpenson4i@google.com.au', 'fpmONgyZ', NULL, NULL, 0, 0, 0, 1, '5937ccc7052b46003073ed2f5698c82d', '2018-11-04 04:28:51', '2019-04-16 20:35:45', 0, NULL),
(183, 'ubeacock4j', 'Umeko', 'Beacock', 0, '54865 Rieder Road', '1980-01-03', '0964-810-5527', 'ubeacock4j@diigo.com', 'CeFsipg', NULL, NULL, 0, 0, 0, 1, '0d9c2be5983bd871748961d9271201b7', '2019-02-28 17:39:17', '2019-03-15 05:49:13', 0, NULL),
(184, 'mjannaway4k', 'Mickey', 'Jannaway', 0, '2 Bartillon Road', '2006-04-07', '0929-592-2974', 'mjannaway4k@fc2.com', 'O3rpWN1a3', NULL, NULL, 0, 0, 0, 1, '15ee2597f4e4d3b45fe670e37595144a', '2019-08-20 14:48:32', '2019-05-08 07:45:25', 0, NULL),
(185, 'smalimoe4l', 'Shelba', 'Malimoe', 0, '76033 Mitchell Avenue', '1992-07-21', '0981862-7195', 'smalimoe4l@mysql.com', '8FjfYTQL', NULL, NULL, 0, 0, 0, 1, '0afdafab6cf175e03f0ddf842db17bf1', '2019-01-24 02:19:39', '2019-01-07 14:23:23', 0, NULL),
(186, 'tjoskowicz4m', 'Thadeus', 'Joskowicz', 2, '34815 Tony Court', '1984-07-01', '0991248-9101', 'tjoskowicz4m@nydailynews.com', 'x3TC8b', NULL, NULL, 0, 0, 0, 1, 'c6b1a5916fd47ab77ba718b35ad156df', '2018-12-25 22:58:45', '2019-10-23 08:42:33', 0, NULL),
(187, 'sslopier4n', 'Sibel', 'Slopier', 1, '96 Grim Circle', '2015-06-30', '0917-1771298', 'sslopier4n@vinaora.com', 'SGJHhLO', NULL, NULL, 0, 0, 0, 1, 'e4ff2f3320ed779c699a30216de2d6fc', '2019-08-31 21:56:35', '2018-12-18 21:51:10', 0, NULL),
(188, 'klabastida4o', 'Kristian', 'LaBastida', 0, '36747 Continental Court', '1966-12-01', '0937744-3776', 'klabastida4o@toplist.cz', 'BIPEA8R', NULL, NULL, 0, 0, 0, 1, '24e0c02a31382c2c80ccdc7f5b906b68', '2019-05-25 19:36:40', '2019-07-17 04:10:42', 0, NULL),
(189, 'dspatig4p', 'Dianemarie', 'Spatig', 0, '487 Warbler Hill', '1983-04-04', '0986-992-0327', 'dspatig4p@xing.com', 'tB5gnkedaTS', NULL, NULL, 0, 0, 0, 1, 'd2f563e4caaa1d229d410980e71cbc9c', '2019-02-26 03:19:45', '2019-02-13 03:11:38', 0, NULL),
(190, 'ablannin4q', 'Arty', 'Blannin', 2, '75471 Kingsford Avenue', '2014-12-20', '0923073-1651', 'ablannin4q@china.com.cn', 'WDMWS2', NULL, NULL, 0, 0, 0, 1, 'c757d7b329ddf639117a5dcb292ddeee', '2019-09-19 21:55:38', '2019-05-11 15:57:01', 0, NULL),
(191, 'tyakobovitz4r', 'Tedi', 'Yakobovitz', 2, '218 Monica Trail', '1976-12-12', '0965051-6274', 'tyakobovitz4r@imdb.com', 'FDD6i71g8mpx', NULL, NULL, 0, 0, 0, 1, '1bd4cbefcc30fcc68e83d9d548c93dfc', '2019-08-15 06:53:25', '2019-01-18 19:48:43', 0, NULL),
(192, 'bkaygill4s', 'Bay', 'Kaygill', 1, '82 Calypso Hill', '2001-12-06', '0925-3818080', 'bkaygill4s@cdc.gov', '6bTX3ymoH', NULL, NULL, 0, 0, 0, 1, 'ca3ad108e8d8732c945f10d95444fcc1', '2018-12-20 16:00:18', '2019-05-08 21:03:38', 0, NULL),
(193, 'gstockell4t', 'Gil', 'Stockell', 2, '660 Hagan Plaza', '1992-11-17', '09726213702', 'gstockell4t@godaddy.com', '0cqbvRJrh', NULL, NULL, 0, 0, 0, 1, '340cb5ff4f1f30f801d5de88f16a0953', '2019-10-19 06:15:30', '2019-08-09 02:19:21', 0, NULL),
(194, 'mickovici4u', 'Marney', 'Ickovici', 0, '9750 Ilene Crossing', '1975-01-28', '0959-8808664', 'mickovici4u@sohu.com', 'kFndEaLs', NULL, NULL, 0, 0, 0, 1, '4e7132fffe7f026ce092a5e0009845d1', '2019-05-09 19:33:20', '2019-09-12 12:49:12', 0, NULL),
(195, 'hlampart4v', 'Helene', 'Lampart', 1, '9338 Bartelt Parkway', '1986-12-04', '0928-145-8239', 'hlampart4v@dyndns.org', 'G8QJV4h', NULL, NULL, 0, 0, 0, 1, 'e3608679f15ad96b6caf302a248a567e', '2019-07-04 09:03:33', '2018-11-05 06:46:25', 0, NULL),
(196, 'cmcindrew4w', 'Celene', 'McIndrew', 0, '347 Ridgeway Trail', '2017-04-30', '0957-995-8617', 'cmcindrew4w@com.com', 'C5Y59yFnFfag', NULL, NULL, 0, 0, 0, 1, '1e14cfd2b623cf13323ba154a0fed8be', '2019-10-12 02:56:53', '2019-09-20 20:04:19', 0, NULL),
(197, 'smilthorpe4x', 'Shara', 'Milthorpe', 1, '0459 Algoma Avenue', '1981-11-29', '0975183-2587', 'smilthorpe4x@hexun.com', 'vQrh8UgTzuee', NULL, NULL, 0, 0, 0, 1, '30d8e7cf786eb83c3d1d7a2f6089be50', '2018-11-26 18:22:51', '2018-11-30 18:51:52', 0, NULL),
(198, 'ddarcy4y', 'Dayna', 'd\'Arcy', 0, '4602 Quincy Circle', '1971-07-26', '0959-8108447', 'ddarcy4y@nsw.gov.au', 'PYhq29SQpsz', NULL, NULL, 0, 0, 0, 1, '7175fdcf69295961dd9755905775d3ab', '2019-05-08 19:27:09', '2019-10-26 07:04:31', 0, NULL),
(199, 'cgeane4z', 'Chrissy', 'Geane', 0, '42553 Fordem Road', '1977-08-23', '0904-758-2802', 'cgeane4z@tuttocitta.it', 'B1VclTxJ', NULL, NULL, 0, 0, 0, 1, '805c9e4a648311a42cfc99a080d5acce', '2019-04-12 23:38:54', '2019-04-30 12:35:57', 0, NULL);
INSERT INTO `users` (`id`, `username`, `first_name`, `last_name`, `gender`, `address`, `birth_date`, `mobile_no`, `email`, `password`, `profile_picture`, `profile_picture_dir`, `follower_count`, `following_count`, `follow_request_count`, `activated`, `activation_code`, `created`, `modified`, `deleted`, `deleted_date`) VALUES
(200, 'llorriman50', 'Leoine', 'Lorriman', 1, '8972 Karstens Pass', '1997-02-10', '0991-5922715', 'llorriman50@exblog.jp', '29Ay75', NULL, NULL, 0, 0, 0, 1, 'b6f3434dd473936c992f10653fcc7d2b', '2019-05-05 13:00:02', '2019-05-28 23:07:22', 0, NULL),
(201, 'rgahan51', 'Robby', 'Gahan', 1, '00 Memorial Plaza', '1979-09-06', '09030158304', 'rgahan51@elegantthemes.com', 'NJ1uaWpxYV', NULL, NULL, 0, 0, 0, 1, '78c3d69d76a715c2575272ea4b724e10', '2018-12-11 11:09:48', '2019-08-20 08:54:36', 0, NULL),
(202, 'blindenman52', 'Bambie', 'Lindenman', 0, '0713 East Junction', '2012-02-29', '09359658387', 'blindenman52@cmu.edu', 'oszQbnQlNqwQ', NULL, NULL, 0, 0, 0, 1, '85e2bb1ebbae37c33f82dab1dc2c7c48', '2019-09-30 20:03:31', '2019-03-14 14:36:38', 0, NULL),
(203, 'hvandenhof53', 'Hilliard', 'Van den Hof', 1, '5 Huxley Parkway', '2000-02-23', '09407424894', 'hvandenhof53@google.co.uk', 'fBDxfd3s9', NULL, NULL, 0, 0, 0, 1, '2e2cd9c32b358022f3701d2555a02934', '2018-12-11 14:34:59', '2019-05-28 23:06:46', 0, NULL),
(204, 'hmccloy54', 'Hussein', 'McCloy', 2, '2098 Waubesa Park', '1972-08-04', '09343564483', 'hmccloy54@forbes.com', 'qS0LQZUKLEZS', NULL, NULL, 0, 0, 0, 1, '806519cd1c67093bbcf2408756a7c9d1', '2019-07-23 13:32:05', '2019-05-17 23:50:47', 0, NULL),
(205, 'lhearn55', 'Loutitia', 'Hearn', 0, '3585 Mayfield Way', '2000-04-17', '09811506416', 'lhearn55@eventbrite.com', 'P5VetTMcye4o', NULL, NULL, 0, 0, 0, 1, 'ddbace6d68ab50fabbb7950d775ed182', '2019-02-01 07:49:18', '2019-03-03 07:27:37', 0, NULL),
(206, 'abrunotti56', 'Alasdair', 'Brunotti', 1, '18820 Valley Edge Lane', '2004-02-22', '0921-007-7645', 'abrunotti56@mysql.com', 'nd43LP', NULL, NULL, 0, 0, 0, 1, 'a1f93d205a2200cbae1de3dd9cf61b0e', '2019-10-22 11:52:18', '2019-01-08 01:01:44', 0, NULL),
(207, 'kfleischer57', 'Kinny', 'Fleischer', 0, '73027 Fisk Lane', '2017-01-25', '0962-1012022', 'kfleischer57@aol.com', 'izNa3kdY', NULL, NULL, 0, 0, 0, 1, '88392afe0bdaa1594f950db3ed5a5c87', '2019-08-24 23:33:28', '2019-07-09 09:03:07', 0, NULL),
(208, 'pbetchley58', 'Patsy', 'Betchley', 1, '1 Golf View Terrace', '1974-08-19', '0918-726-4130', 'pbetchley58@pagesperso-orange.fr', 'YCFcFmfWQ0', NULL, NULL, 0, 0, 0, 1, 'de2084802c462d870ff5cd15ffea1915', '2018-12-20 15:08:18', '2019-09-09 19:42:13', 0, NULL),
(209, 'bangrave59', 'Barnabe', 'Angrave', 2, '1 Shoshone Pass', '1974-01-04', '0969067-6766', 'bangrave59@cnet.com', 'rvrqi79v', NULL, NULL, 0, 0, 0, 1, 'cf6a8191fa2636f1260d8f9e123d9756', '2019-09-21 04:02:31', '2019-09-01 12:22:16', 0, NULL),
(210, 'bpires5a', 'Bamby', 'Pires', 1, '410 Debs Street', '1985-05-26', '0910-9063478', 'bpires5a@google.fr', 'ameu09Q', NULL, NULL, 0, 0, 0, 1, '8020996919c9c6dfff278b83a42a5e6a', '2019-03-05 04:42:44', '2019-03-04 16:06:13', 0, NULL),
(211, 'dyakunkin5b', 'Darsey', 'Yakunkin', 2, '2 Bluestem Parkway', '1980-02-21', '0963-3486115', 'dyakunkin5b@spiegel.de', 's7WoFmN', NULL, NULL, 0, 0, 0, 1, '612be516fc7d142216c2827ee55ad2db', '2019-06-23 19:53:15', '2019-07-03 10:45:05', 0, NULL),
(212, 'tskase5c', 'Torrence', 'Skase', 0, '5 Maywood Terrace', '1990-05-21', '0985740-3599', 'tskase5c@liveinternet.ru', 'gctEoV3MH', NULL, NULL, 0, 0, 0, 1, '65f0fe6b6401616eb85f0f101fa2a2ce', '2019-06-20 06:52:15', '2019-06-03 15:32:42', 0, NULL),
(213, 'gvlasyuk5d', 'Georgeanne', 'Vlasyuk', 2, '1 Summerview Trail', '1997-12-31', '09756257277', 'gvlasyuk5d@sohu.com', 'lklKvp9SFBD', NULL, NULL, 0, 0, 0, 1, '2f5ff0ecf26799c3192ed7d98fe89465', '2019-07-15 07:25:48', '2019-05-08 14:42:27', 0, NULL),
(214, 'bnapton5e', 'Bentlee', 'Napton', 2, '6 La Follette Park', '2003-07-30', '0985035-3859', 'bnapton5e@google.ca', '7HY49db24wU', NULL, NULL, 0, 0, 0, 1, '1de8bfd15a5aa397474dd59087a68939', '2019-02-20 18:02:53', '2019-01-29 14:10:13', 0, NULL),
(215, 'cbauer5f', 'Cobbie', 'Bauer', 1, '67 Delladonna Drive', '1976-11-18', '09465676760', 'cbauer5f@cbsnews.com', 'RLnKy2Luv', NULL, NULL, 0, 0, 0, 1, 'f450a1b7917cb2e6466b0a527ad2129b', '2018-11-12 02:28:04', '2019-07-22 18:39:07', 0, NULL),
(216, 'jvallens5g', 'Jaine', 'Vallens', 2, '29621 Sage Plaza', '1999-10-19', '09314024919', 'jvallens5g@msn.com', 'mKomF4i0LwMx', NULL, NULL, 0, 0, 0, 1, 'bf7b42202ede65bcb97e6597d573ed28', '2019-02-04 07:17:04', '2019-05-27 06:19:56', 0, NULL),
(217, 'geckart5h', 'Garret', 'Eckart', 2, '120 Crescent Oaks Street', '1986-01-19', '09127458830', 'geckart5h@skype.com', '3vLChm1N', NULL, NULL, 0, 0, 0, 1, '2210a0b655ec27306c81185136c96a9f', '2019-08-09 10:10:10', '2019-08-13 03:21:14', 0, NULL),
(218, 'qattow5i', 'Quintus', 'Attow', 1, '8823 Elmside Street', '1974-07-12', '0911-712-8386', 'qattow5i@seesaa.net', 'cTVJ8Go', NULL, NULL, 0, 0, 0, 1, '0c333c097357e69b501f5454c6667c16', '2019-05-19 00:25:15', '2018-12-22 13:21:04', 0, NULL),
(219, 'vtorns5j', 'Violet', 'Torns', 2, '5 Sommers Plaza', '1974-09-27', '09683103100', 'vtorns5j@china.com.cn', 'hyxS6eoLGGN8', NULL, NULL, 0, 0, 0, 1, '6d5fcf5e8c3064130ab57de0f38d4d3b', '2019-03-25 19:47:32', '2019-05-19 21:15:26', 0, NULL),
(220, 'crickardes5k', 'Cristionna', 'Rickardes', 0, '31923 Golf Pass', '1966-05-02', '0953-0353602', 'crickardes5k@soundcloud.com', '9iFaXt', NULL, NULL, 0, 0, 0, 1, '01dbcb209fee4b928086db0bc43fea70', '2018-11-15 09:18:36', '2019-04-12 17:06:46', 0, NULL),
(221, 'jwyllie5l', 'Jaquelyn', 'Wyllie', 1, '1987 Valley Edge Point', '1970-11-20', '0964-134-9133', 'jwyllie5l@admin.ch', 'JHGd8w6AlyIf', NULL, NULL, 0, 0, 0, 1, '23aecdf589b9b20030800d6ad69597d1', '2019-03-31 19:09:05', '2019-02-06 02:31:36', 0, NULL),
(222, 'psyvret5m', 'Patti', 'Syvret', 1, '8 Mccormick Drive', '2009-11-01', '0989-293-5114', 'psyvret5m@ehow.com', 'JLY2XGiWC', NULL, NULL, 0, 0, 0, 1, '80d61c738493a8e4865add781193ac77', '2019-08-02 12:04:44', '2019-08-26 10:51:33', 0, NULL),
(223, 'tcarwithen5n', 'Tani', 'Carwithen', 0, '43 Service Alley', '1979-11-10', '09520404929', 'tcarwithen5n@bloglines.com', 'nvbuTk', NULL, NULL, 0, 0, 0, 1, 'c5f27300ea8d0e417a47ee91bdf55c95', '2019-02-05 08:21:00', '2019-09-26 22:23:09', 0, NULL),
(224, 'dlecount5o', 'De witt', 'Le Count', 2, '10344 Delaware Avenue', '1975-10-07', '0956-916-2271', 'dlecount5o@dailymotion.com', 'BceUcj', NULL, NULL, 0, 0, 0, 1, 'ad269e558ce4bf63f1ff5fa6b10be26f', '2018-12-04 20:50:48', '2019-03-15 11:00:58', 0, NULL),
(225, 'shylands5p', 'Sly', 'Hylands', 2, '2 Mallory Avenue', '2004-08-29', '09973564051', 'shylands5p@bandcamp.com', 'FMJ1NBk', NULL, NULL, 0, 0, 0, 1, '22d4508a0c7c3a4cd22d01dc8ca64a8e', '2019-01-26 09:44:14', '2019-01-02 20:57:13', 0, NULL),
(226, 'lcornels5q', 'Lezlie', 'Cornels', 1, '91521 Walton Road', '1986-05-06', '0954-684-4156', 'lcornels5q@ocn.ne.jp', 'j5tGToiHEW', NULL, NULL, 0, 0, 0, 1, 'e1298e8d4ce41234c902270289c151b6', '2019-04-25 03:43:48', '2019-03-11 12:02:46', 0, NULL),
(227, 'smacalroy5r', 'Samson', 'MacAlroy', 2, '773 Maywood Road', '2006-05-18', '0985-8980801', 'smacalroy5r@accuweather.com', 'RmrOjBrBSu', NULL, NULL, 0, 0, 0, 1, 'd386bc9c2e2ca1c09ed8b088be3d6656', '2019-03-27 23:34:07', '2019-10-28 13:41:46', 0, NULL),
(228, 'esiddon5s', 'Ernestine', 'Siddon', 1, '05 Grasskamp Pass', '2001-06-05', '09843950460', 'esiddon5s@squarespace.com', '00wa8fxtdmQ', NULL, NULL, 0, 0, 0, 1, 'bfd0d7aa7e61bd7cfb222335e2e76145', '2019-04-27 02:58:13', '2019-04-10 21:58:02', 0, NULL),
(229, 'zborleace5t', 'Zena', 'Borleace', 1, '41678 Transport Point', '1995-05-20', '09051788215', 'zborleace5t@theatlantic.com', 'IHJIdNJ', NULL, NULL, 0, 0, 0, 1, '10cb0e4ebdbba0f551c37df3b76f369b', '2019-07-18 17:00:49', '2019-04-23 03:55:43', 0, NULL),
(230, 'hdowne5u', 'Holly', 'Downe', 0, '69133 Northridge Court', '1999-12-12', '0942653-5341', 'hdowne5u@mozilla.org', 'I56shzJ', NULL, NULL, 0, 0, 0, 1, '24fd0b9faf313ed62ddf434f42721639', '2018-12-11 13:34:38', '2019-03-02 07:19:31', 0, NULL),
(231, 'ldemeza5v', 'Loralee', 'Demeza', 2, '03 Hallows Parkway', '1991-04-28', '0997150-6768', 'ldemeza5v@facebook.com', 'bLwTsm', NULL, NULL, 0, 0, 0, 1, '5f74684785bcb2098751f33e85f522c9', '2019-08-29 14:40:24', '2019-08-05 04:34:19', 0, NULL),
(232, 'salenin5w', 'Selene', 'Alenin', 2, '37067 Mayfield Way', '2007-05-02', '0932-3411928', 'salenin5w@nih.gov', 'JNPUKLnOVNu', NULL, NULL, 0, 0, 0, 1, '0251ddf3e2e719c62557ba516d117115', '2019-06-14 09:25:19', '2019-01-31 18:52:19', 0, NULL),
(233, 'ceilers5x', 'Chick', 'Eilers', 2, '98 David Way', '2004-05-02', '09891348368', 'ceilers5x@redcross.org', '6eMPSKuZLq', NULL, NULL, 0, 0, 0, 1, '306690d28ae609cbba89974520d8d1a9', '2019-01-24 22:32:50', '2019-09-20 00:13:31', 0, NULL),
(234, 'pchippin5y', 'Paul', 'Chippin', 1, '080 Bashford Park', '1997-04-21', '0987-413-8654', 'pchippin5y@barnesandnoble.com', '8a6A1V', NULL, NULL, 0, 0, 0, 1, '0e8f8ed4f3d37d10291dfa689fb37d92', '2019-09-07 16:26:22', '2019-06-17 20:41:51', 0, NULL),
(235, 'oethridge5z', 'Olin', 'Ethridge', 0, '3 Starling Way', '2014-11-01', '09857279175', 'oethridge5z@cnbc.com', 'AH4IdilHdu', NULL, NULL, 0, 0, 0, 1, '067a3fff6b56996bd19450445fb8aab0', '2019-10-09 01:56:30', '2019-05-20 21:56:13', 0, NULL),
(236, 'mbeadles60', 'Maris', 'Beadles', 0, '9 Evergreen Plaza', '2010-08-16', '0971-678-9911', 'mbeadles60@vinaora.com', 'YfFE9eerNphH', NULL, NULL, 0, 0, 0, 1, '3e9136239b997eafb66a9a9927e09eb8', '2019-03-05 15:52:59', '2019-06-30 10:36:31', 0, NULL),
(237, 'fleggin61', 'Forbes', 'Leggin', 1, '4535 Welch Terrace', '2015-10-25', '09565662547', 'fleggin61@fema.gov', '4u5wrl', NULL, NULL, 0, 0, 0, 1, '1e3dd96136f8ed3850cc6191a9fe44e1', '2019-02-25 23:58:07', '2019-08-23 05:53:33', 0, NULL),
(238, 'ghayhow62', 'Galen', 'Hayhow', 1, '277 Kennedy Point', '1981-06-18', '0956-5944993', 'ghayhow62@ft.com', '2SqqLa', NULL, NULL, 0, 0, 0, 1, '010a0d97cc1a50d539ae9d6d57b6eb03', '2019-04-26 20:31:52', '2019-10-05 07:59:23', 0, NULL),
(239, 'rjaimez63', 'Richart', 'Jaimez', 1, '045 Saint Paul Trail', '2006-03-09', '0911-1736526', 'rjaimez63@aol.com', 'mnBTUzsG5FH', NULL, NULL, 0, 0, 0, 1, '81b21844c47ff8c2e059a50a61d3369a', '2019-09-29 02:19:14', '2019-04-24 11:52:35', 0, NULL),
(240, 'rfrain64', 'Roy', 'Frain', 1, '336 Melby Pass', '1974-10-24', '0927854-9115', 'rfrain64@g.co', 'lUcBOt', NULL, NULL, 0, 0, 0, 1, 'aeaf2233c725a3fa4feed9323d2beaa1', '2019-09-17 20:36:11', '2019-04-10 18:59:47', 0, NULL),
(241, 'vharriman65', 'Virgina', 'Harriman', 2, '6018 Di Loreto Terrace', '2006-02-07', '0970920-2019', 'vharriman65@cbslocal.com', 'hb41dtyP', NULL, NULL, 0, 0, 0, 1, 'a6f477adaa6d958b569167c82ff13145', '2019-09-14 07:41:58', '2019-07-31 09:08:36', 0, NULL),
(242, 'dgerhartz66', 'Dallis', 'Gerhartz', 1, '162 Aberg Trail', '1993-02-13', '0974-103-9780', 'dgerhartz66@ifeng.com', 'jWDVAX', NULL, NULL, 0, 0, 0, 1, 'fa559cfc2e6689382e880b57029b7546', '2019-04-08 01:58:26', '2019-08-17 14:30:01', 0, NULL),
(243, 'washbridge67', 'Waylan', 'Ashbridge', 2, '11 Sherman Road', '1984-12-26', '0951-1273776', 'washbridge67@china.com.cn', 'wiv2Gh2', NULL, NULL, 0, 0, 0, 1, 'eee9d2f0aff3a7e2d3b7ccbcf281a721', '2019-03-11 18:39:41', '2019-08-18 02:54:55', 0, NULL),
(244, 'ytripett68', 'Yehudit', 'Tripett', 1, '5 Clarendon Parkway', '1985-03-19', '09276907283', 'ytripett68@bloglovin.com', 'tSGHeR', NULL, NULL, 0, 0, 0, 1, '609e9daadb61989af84ded68262df440', '2019-03-23 23:25:28', '2019-10-07 16:21:32', 0, NULL),
(245, 'vbloxland69', 'Vinnie', 'Bloxland', 2, '5 Nancy Parkway', '1969-09-09', '0931-8586058', 'vbloxland69@archive.org', 'stcfFSK9H', NULL, NULL, 0, 0, 0, 1, '88eb22d55650afd3dc69c2d12e269316', '2018-12-16 11:01:26', '2019-09-09 18:34:25', 0, NULL),
(246, 'rtuddenham6a', 'Reinald', 'Tuddenham', 1, '98 Milwaukee Hill', '2008-02-13', '09943614355', 'rtuddenham6a@csmonitor.com', '4obWWj7e', NULL, NULL, 0, 0, 0, 1, 'f260be132f8762473f37c1017ec00422', '2019-03-20 05:57:24', '2019-04-17 02:59:55', 0, NULL),
(247, 'cizzard6b', 'Charlot', 'Izzard', 0, '6825 Arizona Circle', '2011-03-04', '0905-2838706', 'cizzard6b@shareasale.com', 'MZxFuwhNWZVi', NULL, NULL, 0, 0, 0, 1, '93db4c6a63aacec4f10851e33a55be0f', '2019-05-20 16:54:05', '2019-01-28 14:40:03', 0, NULL),
(248, 'gsimmon6c', 'Gun', 'Simmon', 2, '0145 North Street', '1974-01-08', '0960-842-5961', 'gsimmon6c@umn.edu', 'anQg4LR', NULL, NULL, 0, 0, 0, 1, '1aeb48e86c948da61e28a38e107ae00e', '2019-09-23 16:51:52', '2019-01-08 11:43:33', 0, NULL),
(249, 'lsommerlin6d', 'Leda', 'Sommerlin', 2, '15 South Court', '2008-09-09', '0936-877-5270', 'lsommerlin6d@go.com', 'thnAbLtcR', NULL, NULL, 0, 0, 0, 1, '0f1730d2b414b82e830a1a67465de986', '2019-07-07 03:19:24', '2019-07-22 19:17:46', 0, NULL),
(250, 'lcoggins6e', 'Leonanie', 'Coggins', 0, '70 Meadow Vale Court', '1985-10-29', '09408592666', 'lcoggins6e@360.cn', '4LsevOj', NULL, NULL, 0, 0, 0, 1, '66cd38a54864eddf0e9fe0aa79d59ae6', '2019-04-28 22:53:23', '2019-09-13 00:39:11', 0, NULL),
(251, 'kconnikie6f', 'Kiah', 'Connikie', 2, '5180 Hoard Way', '1996-02-08', '09600769883', 'kconnikie6f@wikispaces.com', 'Dl4ssj', NULL, NULL, 0, 0, 0, 1, '4847c7a7615315fb8da5cec3ab842078', '2019-04-12 18:26:35', '2019-04-24 12:15:06', 0, NULL),
(252, 'jalderson6g', 'Jolynn', 'Alderson', 2, '317 Autumn Leaf Alley', '1994-03-14', '0960-413-1610', 'jalderson6g@weather.com', 'smusMxUkGD16', NULL, NULL, 0, 0, 0, 1, '7e6940d2bfefff9c685afe216a12c2a0', '2019-05-16 07:03:04', '2019-05-08 22:42:02', 0, NULL),
(253, 'rdumbrill6h', 'Rosa', 'Dumbrill', 2, '389 Sullivan Court', '1966-05-29', '0948-734-9792', 'rdumbrill6h@ucla.edu', 'pEBkWF', NULL, NULL, 0, 0, 0, 1, '674f817f4d75df36ad530cbabb6ceb99', '2018-12-27 20:36:14', '2018-11-23 15:36:07', 0, NULL),
(254, 'bpurshouse6i', 'Bern', 'Purshouse', 2, '949 Gale Road', '1985-10-15', '0967974-5404', 'bpurshouse6i@columbia.edu', 'IMAvFDOiYg', NULL, NULL, 0, 0, 0, 1, '3f8b49350cb251aa9f81e7911c871c48', '2019-03-31 22:16:30', '2019-08-11 23:21:17', 0, NULL),
(255, 'bisland6j', 'Britni', 'Island', 2, '2616 Russell Pass', '2013-08-29', '0932-4058008', 'bisland6j@mozilla.com', '3NqoIgB', NULL, NULL, 0, 0, 0, 1, '7928159997b12f77e8dbc110fc4a1f04', '2019-05-18 16:44:33', '2019-02-01 08:44:46', 0, NULL),
(256, 'bcoch6k', 'Brian', 'Coch', 0, '90 Utah Place', '2009-05-28', '0904-2971289', 'bcoch6k@booking.com', 'gAEBQ8af0WNU', NULL, NULL, 0, 0, 0, 1, 'b108ba29a87c9672fbc5be380e3b3ee6', '2019-10-16 14:00:41', '2019-08-31 09:26:20', 0, NULL),
(257, 'nmccane6l', 'Nicky', 'McCane', 2, '5321 Carpenter Drive', '1987-05-18', '0914-051-1875', 'nmccane6l@php.net', 'G9eAkUl', NULL, NULL, 0, 0, 0, 1, '8d3b9f07a15ada444aac0f9c4f09d7a8', '2019-03-02 22:30:56', '2019-01-06 23:34:58', 0, NULL),
(258, 'pderuggiero6m', 'Phaidra', 'De Ruggiero', 2, '86192 Coleman Pass', '1985-12-12', '0980-641-0927', 'pderuggiero6m@merriam-webster.com', 'DCQfAz0', NULL, NULL, 0, 0, 0, 1, 'b164645c528b8e6ddee826258990815c', '2018-12-14 06:43:06', '2019-03-01 01:40:52', 0, NULL),
(259, 'rmacon6n', 'Rudolph', 'Macon', 0, '20242 Browning Trail', '2005-05-06', '0956-7555921', 'rmacon6n@yahoo.com', 'oZG59hpmf2x', NULL, NULL, 0, 0, 0, 1, 'bc2936eaa107522db6e81c944c852ae7', '2019-04-05 12:31:01', '2019-04-05 02:43:04', 0, NULL),
(260, 'mangel6o', 'Meredith', 'Angel', 0, '54 Fallview Center', '1973-05-17', '0933-8199721', 'mangel6o@arizona.edu', 'wiW4CZ2697', NULL, NULL, 0, 0, 0, 1, '86a7c47dd9595e37d9e705c20cb61bec', '2019-02-20 16:35:32', '2018-12-21 00:18:50', 0, NULL),
(261, 'hbernardini6p', 'Holden', 'Bernardini', 1, '7 Birchwood Plaza', '2000-07-08', '0994495-7933', 'hbernardini6p@moonfruit.com', 'HnZXM2D', NULL, NULL, 0, 0, 0, 1, '8f7b948764821822a06bd14af81d47d6', '2019-01-15 20:44:25', '2019-07-22 03:24:07', 0, NULL),
(262, 'rstartin6q', 'Rob', 'Startin', 2, '64632 Chive Plaza', '1982-04-14', '0947160-7431', 'rstartin6q@xrea.com', 'eOP00aBM', NULL, NULL, 0, 0, 0, 1, '750d50955f45d12f334c9df42b07f33e', '2018-12-28 05:09:20', '2019-06-06 22:19:56', 0, NULL),
(263, 'hwathall6r', 'Hamilton', 'Wathall', 1, '75704 Eliot Street', '2005-02-01', '0916-277-6906', 'hwathall6r@bloomberg.com', 'jYtFM0xWJGa', NULL, NULL, 0, 0, 0, 1, '32d02c753887974b8d12ee03f4510f22', '2019-08-14 12:08:21', '2019-03-16 02:46:36', 0, NULL),
(264, 'rianelli6s', 'Rosa', 'Ianelli', 1, '6 Parkside Terrace', '2000-10-19', '0971010-5924', 'rianelli6s@tripod.com', 'fXH1EZPM', NULL, NULL, 0, 0, 0, 1, '335c95eb0d566ec0c7e69dd3d3a3a9b3', '2019-07-22 16:03:23', '2019-04-09 12:00:40', 0, NULL),
(265, 'blitt6t', 'Burl', 'Litt', 2, '25722 Golden Leaf Way', '2017-12-19', '0908-9598208', 'blitt6t@qq.com', 'k6yny7AecoE', NULL, NULL, 0, 0, 0, 1, '188dd1147d747cf9efcd43e7b21b547a', '2019-09-30 00:41:44', '2019-06-07 23:45:45', 0, NULL),
(266, 'fvigar6u', 'Flossi', 'Vigar', 2, '73244 Mosinee Point', '1998-02-26', '0965-3785223', 'fvigar6u@stumbleupon.com', '0pRitSdL7', NULL, NULL, 0, 0, 0, 1, '935db8c8516cc33391e151da9968f601', '2019-07-02 19:40:32', '2018-12-23 04:30:22', 0, NULL),
(267, 'phaigh6v', 'Paloma', 'Haigh', 2, '34 Karstens Hill', '1968-10-17', '0923-4377688', 'phaigh6v@hp.com', 'zDA8Xfvi1h', NULL, NULL, 0, 0, 0, 1, 'c6a69112d8f689b1e2259b52ea15867e', '2019-05-22 00:08:36', '2019-08-18 21:37:51', 0, NULL),
(268, 'dschreiner6w', 'Doti', 'Schreiner', 2, '77 Mendota Drive', '1965-11-07', '0936-903-5044', 'dschreiner6w@oaic.gov.au', 'DWvUgh', NULL, NULL, 0, 0, 0, 1, 'e50a8aee5c6a0e62c640b61ad51656d9', '2019-03-26 14:36:04', '2019-03-17 12:46:49', 0, NULL),
(269, 'mcatherine6x', 'Munroe', 'Catherine', 2, '73 Petterle Hill', '1992-08-19', '0931-5957536', 'mcatherine6x@nytimes.com', 'M0mJfZiTL2', NULL, NULL, 0, 0, 0, 1, '5d1c3af432e5f4499190a7dce2300eba', '2019-10-07 12:58:55', '2019-05-24 17:55:54', 0, NULL),
(270, 'bmcwhinnie6y', 'Bing', 'McWhinnie', 0, '4 Reinke Hill', '1970-11-11', '0993-6681487', 'bmcwhinnie6y@va.gov', 'dBSr44bojS', NULL, NULL, 0, 0, 0, 1, '26053979dd6bc80809287a7709f1abb8', '2019-07-04 16:38:17', '2019-06-08 06:21:45', 0, NULL),
(271, 'gbattram6z', 'Genny', 'Battram', 1, '52 Logan Lane', '1999-04-22', '0985568-7013', 'gbattram6z@fastcompany.com', 'LMx64jI', NULL, NULL, 0, 0, 0, 1, 'e3a8b7edc28f8daa6554fd8e4e0e77af', '2019-06-09 01:34:52', '2019-07-25 00:38:46', 0, NULL),
(272, 'klandrieu70', 'Kissiah', 'Landrieu', 1, '9168 Carberry Crossing', '1986-02-16', '0930922-4123', 'klandrieu70@fotki.com', 'KXBBN7', NULL, NULL, 0, 0, 0, 1, '39b421b8807cb2bd0c53ca68fa4c294e', '2019-10-05 18:08:13', '2019-05-16 23:19:32', 0, NULL),
(273, 'rmcgrady71', 'Rollie', 'McGrady', 1, '58 Bartillon Trail', '1997-07-16', '0948063-4743', 'rmcgrady71@flavors.me', 'Oy7CwnS35Ys', NULL, NULL, 0, 0, 0, 1, 'f313e96f302368ca3ff97a24f437ce1a', '2019-03-27 08:22:49', '2019-08-22 00:37:41', 0, NULL),
(274, 'pdelia72', 'Phelia', 'Delia', 1, '31 Canary Drive', '2019-04-30', '0970-134-7122', 'pdelia72@thetimes.co.uk', 'RfeZmpzLtUMf', NULL, NULL, 0, 0, 0, 1, '799c497b9e7ced849fbfb37d7c54aa7f', '2019-06-04 12:35:46', '2019-02-16 09:01:32', 0, NULL),
(275, 'cmaysor73', 'Charla', 'Maysor', 1, '70566 Summer Ridge Terrace', '2018-10-05', '0907-753-5348', 'cmaysor73@nih.gov', 'C6DUnhPpjO', NULL, NULL, 0, 0, 0, 1, 'f46012067d5fe81fc41be3bec9c4d628', '2019-02-06 22:07:48', '2019-09-16 04:39:40', 0, NULL),
(276, 'lgrimsley74', 'Lanny', 'Grimsley', 1, '4992 Evergreen Junction', '2013-12-06', '0900222-6224', 'lgrimsley74@disqus.com', 'rNLd9Aao4u3k', NULL, NULL, 0, 0, 0, 1, 'b326a819e836190066a544f2be56e94d', '2019-02-28 15:56:23', '2019-07-23 00:04:53', 0, NULL),
(277, 'seagland75', 'Stormie', 'Eagland', 2, '237 Toban Court', '2010-05-31', '0968409-6376', 'seagland75@jiathis.com', 'RQdQ7t', NULL, NULL, 0, 0, 0, 1, 'b9dc86b5689f0bfb40b4f45bfccb2c90', '2019-05-09 20:15:25', '2019-07-31 22:51:40', 0, NULL),
(278, 'laberchirder76', 'Lamond', 'Aberchirder', 0, '0270 Eliot Plaza', '2002-12-17', '0966692-2140', 'laberchirder76@cmu.edu', 'C3Oh4oM', NULL, NULL, 0, 0, 0, 1, '74a4b4f6a7b3da88cd78f49489d9cf06', '2019-04-09 17:13:42', '2019-03-13 05:58:06', 0, NULL),
(279, 'bbirks77', 'Britney', 'Birks', 2, '4608 Butterfield Court', '2006-09-13', '09210627611', 'bbirks77@java.com', 'JYTCuKfS', NULL, NULL, 0, 0, 0, 1, '096742b8b3af08ae6c13c5d235c15d0a', '2019-09-06 21:57:41', '2019-02-01 14:58:48', 0, NULL),
(280, 'zlorrimer78', 'Zuzana', 'Lorrimer', 0, '9 Pierstorff Way', '1991-10-05', '09266710941', 'zlorrimer78@simplemachines.org', 'VutbamM32MnG', NULL, NULL, 0, 0, 0, 1, 'b57e4fef906a3c3b1b39c66b8c481153', '2019-03-25 13:52:18', '2019-03-10 10:59:28', 0, NULL),
(281, 'ylichtfoth79', 'Yancey', 'Lichtfoth', 0, '862 Fairfield Way', '2011-11-18', '0979-9733871', 'ylichtfoth79@cbslocal.com', 'DZQaLsmFz', NULL, NULL, 0, 0, 0, 1, 'b2cbc0ebbee3e12bf931097e859c9f8f', '2018-11-15 21:38:50', '2019-08-26 05:05:18', 0, NULL),
(282, 'rlimpricht7a', 'Ramon', 'Limpricht', 0, '4 Straubel Park', '2001-11-30', '0986-331-2589', 'rlimpricht7a@mashable.com', 'Eg6Sxf', NULL, NULL, 0, 0, 0, 1, 'c706f76b25b0dacb3d42b3fa0e24c502', '2019-04-04 05:54:45', '2019-01-20 04:06:16', 0, NULL),
(283, 'eaiskrigg7b', 'Emelda', 'Aiskrigg', 2, '57 Talmadge Avenue', '1981-04-27', '0991-563-7096', 'eaiskrigg7b@wufoo.com', 'LlmRmqov', NULL, NULL, 0, 0, 0, 1, 'f0df03863d50bea571f90bd58d59b7c5', '2019-05-09 07:09:50', '2019-05-11 05:37:57', 0, NULL),
(284, 'mmitskevich7c', 'Maddi', 'Mitskevich', 0, '5002 Chinook Road', '2015-11-12', '0978-2626312', 'mmitskevich7c@g.co', 'GJdhFoB', NULL, NULL, 0, 0, 0, 1, 'f11d1f4507651249089498e579f068a1', '2019-02-12 23:01:21', '2019-03-02 16:07:01', 0, NULL),
(285, 'dcridge7d', 'Dene', 'Cridge', 2, '49 Washington Terrace', '2009-07-31', '0927-2322059', 'dcridge7d@sun.com', '6iM4BxAQfq', NULL, NULL, 0, 0, 0, 1, 'fe25f42beacbe9a91259ab187da0b891', '2019-05-27 10:15:20', '2019-02-19 13:42:09', 0, NULL),
(286, 'jroelofsen7e', 'Judah', 'Roelofsen', 0, '521 Dottie Hill', '2009-08-11', '09082453815', 'jroelofsen7e@bloglovin.com', 'HU3W5Osm4', NULL, NULL, 0, 0, 0, 1, '6fb5726575ff055fbfdb0bc8039173cf', '2019-03-14 17:39:23', '2018-12-18 13:23:10', 0, NULL),
(287, 'msimeoli7f', 'Maddy', 'Simeoli', 1, '4433 Cody Alley', '1980-02-02', '09706810415', 'msimeoli7f@de.vu', 'y0rZxS9', NULL, NULL, 0, 0, 0, 1, '68094a9482a5ab063cf0056268e80631', '2019-03-23 01:09:24', '2019-01-18 09:53:04', 0, NULL),
(288, 'kogborne7g', 'Karyl', 'Ogborne', 2, '37124 Sycamore Lane', '1973-11-19', '0932-4055151', 'kogborne7g@reference.com', 'vbFdwmrD9JAV', NULL, NULL, 0, 0, 0, 1, '42c280504bb02b0c7a703509f1bed4c2', '2018-12-31 20:21:31', '2019-06-03 03:18:49', 0, NULL),
(289, 'chindes7h', 'Chelsea', 'Hindes', 2, '11 Hudson Pass', '1993-08-17', '0902385-8739', 'chindes7h@t-online.de', 'TkM6hXkkRE', NULL, NULL, 0, 0, 0, 1, '7a3b20efd6023e2e0bfd62a9fee073da', '2019-04-20 22:02:44', '2019-07-27 19:44:25', 0, NULL),
(290, 'kgedge7i', 'Kori', 'Gedge', 2, '69 Pennsylvania Parkway', '1980-03-29', '0923-550-8842', 'kgedge7i@imageshack.us', '7T6lgBw6LCM', NULL, NULL, 0, 0, 0, 1, 'df3a1c835cbedadfa187ec0b86b52572', '2018-11-04 20:10:36', '2019-07-16 10:29:22', 0, NULL),
(291, 'gkinnerley7j', 'Gwyn', 'Kinnerley', 0, '5518 Beilfuss Circle', '1988-06-06', '0968-1237106', 'gkinnerley7j@paginegialle.it', 'vnIPF5z', NULL, NULL, 0, 0, 0, 1, '1d7d02140221cfa816b66f81f52921b6', '2019-01-07 15:47:39', '2019-03-28 19:33:56', 0, NULL),
(292, 'blivesey7k', 'Barrie', 'Livesey', 0, '52 Westport Lane', '1969-04-10', '0906-880-8933', 'blivesey7k@deliciousdays.com', 'T7enL4nbKIA', NULL, NULL, 0, 0, 0, 1, '2623a7e8fc4632fbeb0184efba7a2b5c', '2019-06-24 15:05:21', '2019-10-03 21:25:01', 0, NULL),
(293, 'salexandrescu7l', 'Stephana', 'Alexandrescu', 1, '20512 Del Sol Lane', '2018-11-19', '0970976-8286', 'salexandrescu7l@globo.com', 'PyAPDN', NULL, NULL, 0, 0, 0, 1, '9caee06fc53f877cd5b0220c33665870', '2019-05-08 05:59:39', '2019-03-05 23:41:43', 0, NULL),
(294, 'rludy7m', 'Rycca', 'Ludy', 0, '6 Northport Street', '2019-04-06', '0961-2784352', 'rludy7m@blogspot.com', 'qpzNILX', NULL, NULL, 0, 0, 0, 1, '8df0b9e7c27079342a152e3a9a615794', '2019-01-11 01:57:01', '2019-01-17 14:54:29', 0, NULL),
(295, 'bedling7n', 'Bonnie', 'Edling', 2, '453 Havey Junction', '1989-10-18', '0939-458-1680', 'bedling7n@ucoz.ru', 'g9snjo', NULL, NULL, 0, 0, 0, 1, 'c2197e88c003065374fb5ca694251068', '2019-01-04 14:37:14', '2018-12-27 15:23:21', 0, NULL),
(296, 'cdaffern7o', 'Chere', 'Daffern', 0, '9 Bowman Road', '1971-12-14', '09441602529', 'cdaffern7o@issuu.com', 'qo3iNM', NULL, NULL, 0, 0, 0, 1, '1f0967e1a8c1c8cbe2f036c293d889f5', '2018-11-02 20:37:01', '2019-08-04 02:05:11', 0, NULL),
(297, 'fvecard7p', 'Fons', 'Vecard', 0, '1531 Valley Edge Alley', '1996-08-16', '09345791697', 'fvecard7p@va.gov', 'LvnXGexNLA', NULL, NULL, 0, 0, 0, 1, 'f78042ae6b1caf51496c45890717bbfd', '2019-02-10 02:43:09', '2019-07-02 10:40:22', 0, NULL),
(298, 'llefloch7q', 'Lavena', 'Le Floch', 2, '671 Browning Way', '1995-05-23', '09985525178', 'llefloch7q@ft.com', 'TKZ6FBhaz', NULL, NULL, 0, 0, 0, 1, '11f69532a8ef81f095f799f25d385fbc', '2019-08-25 07:44:37', '2019-04-09 18:16:43', 0, NULL),
(299, 'bballinger7r', 'Brad', 'Ballinger', 0, '8168 Manufacturers Pass', '1966-10-13', '09296948215', 'bballinger7r@boston.com', 'gncgowK', NULL, NULL, 0, 0, 0, 1, 'a677dfe57c40606df498a1aafe449e1d', '2019-09-24 22:43:45', '2019-07-07 07:32:39', 0, NULL),
(300, 'piacomi7s', 'Perceval', 'Iacomi', 2, '592 Esker Parkway', '2011-10-19', '0915-6181461', 'piacomi7s@about.com', 'Bo3Quuzt', NULL, NULL, 0, 0, 0, 1, '954f1d590957c56ece11429f1b30a735', '2019-04-12 10:55:13', '2019-05-28 02:26:51', 0, NULL),
(301, 'rlamond7t', 'Rea', 'Lamond', 2, '3 Canary Circle', '1983-05-08', '0925261-1422', 'rlamond7t@yellowpages.com', 'CuufhYS83vcO', NULL, NULL, 0, 0, 0, 1, '45043c601eef04e7d5204721b181a5dd', '2019-05-31 12:12:56', '2019-04-24 03:31:46', 0, NULL),
(302, 'mcotman7u', 'Maighdiln', 'Cotman', 1, '242 Stang Road', '1987-09-28', '0932-936-4480', 'mcotman7u@blog.com', '0e6ETqODEd9', NULL, NULL, 0, 0, 0, 1, '9575a4306c46465213a7cbd6ec8f947e', '2018-11-12 04:27:04', '2019-10-10 14:36:16', 0, NULL),
(303, 'lgillean7v', 'Lucius', 'Gillean', 2, '51 Badeau Point', '1972-10-20', '0976592-1268', 'lgillean7v@columbia.edu', 'KoSYXdhlt', NULL, NULL, 0, 0, 0, 1, 'e5d33d4cbc07b95817e2788181a4e247', '2019-10-20 11:21:30', '2019-04-07 14:33:54', 0, NULL),
(304, 'drigts7w', 'Demott', 'Rigts', 0, '11 Kenwood Road', '2003-03-05', '0968-432-6687', 'drigts7w@vimeo.com', '9ijLFk8i', NULL, NULL, 0, 0, 0, 1, 'e1a024ce6f4037261729039195629796', '2019-09-29 20:53:08', '2019-05-09 16:34:45', 0, NULL),
(305, 'epenk7x', 'Ennis', 'Penk', 1, '7 Sachs Lane', '1987-07-26', '0956-2058577', 'epenk7x@sohu.com', '3lPS4CLZZ', NULL, NULL, 0, 0, 0, 1, 'e99624cbd7cc9092f9f507d8e9e8ad71', '2018-12-07 20:12:02', '2019-07-15 23:30:20', 0, NULL),
(306, 'fspottswood7y', 'Ferne', 'Spottswood', 0, '2254 Dakota Place', '2008-07-12', '0911-4413493', 'fspottswood7y@sina.com.cn', '1jxvj3Qw', NULL, NULL, 0, 0, 0, 1, '1c3eea9eea332b0f98db3e03a5fd843b', '2018-12-09 05:49:50', '2019-03-12 17:51:51', 0, NULL),
(307, 'rlargen7z', 'Rosemaria', 'Largen', 1, '953 Rieder Parkway', '1981-11-12', '0956-0778241', 'rlargen7z@liveinternet.ru', 'OxhsXqb6t', NULL, NULL, 0, 0, 0, 1, 'b21c9bcde010d8d1ac792420f9f7174d', '2018-11-15 05:20:07', '2019-09-20 07:08:57', 0, NULL),
(308, 'bmacgillreich80', 'Brenna', 'MacGillreich', 1, '38 Loeprich Parkway', '1993-02-27', '0936837-5717', 'bmacgillreich80@unicef.org', 'raITOV8Qc7P', NULL, NULL, 0, 0, 0, 1, 'd3f93309e9ba53356efeea141d565dec', '2019-07-10 07:50:41', '2019-06-16 12:40:44', 0, NULL),
(309, 'edarcey81', 'Edwina', 'Darcey', 2, '497 Mccormick Way', '2015-12-14', '0931-193-2145', 'edarcey81@rakuten.co.jp', 'A6fFuFLw', NULL, NULL, 0, 0, 0, 1, '99e1add99c44d015579e582930f3b482', '2019-04-15 16:50:38', '2019-01-19 05:02:53', 0, NULL),
(310, 'odehooge82', 'Onfre', 'De Hooge', 0, '6 Ryan Court', '1975-09-04', '0911-598-0060', 'odehooge82@oracle.com', 'bYmmZEl', NULL, NULL, 0, 0, 0, 1, 'f994a4f396e15c22c0d02fefbd535f02', '2019-05-30 03:14:28', '2019-06-07 10:53:10', 0, NULL),
(311, 'cwillicott83', 'Chilton', 'Willicott', 0, '1623 Steensland Pass', '1991-07-26', '0939-5656973', 'cwillicott83@twitpic.com', 'PLcvFR2c5C', NULL, NULL, 0, 0, 0, 1, 'db0135bbde365af35d06d1f38b300a55', '2018-12-03 15:44:33', '2018-11-01 15:26:44', 0, NULL),
(312, 'laujean84', 'Lance', 'Aujean', 2, '59 Hanson Street', '2008-10-20', '0989-2367085', 'laujean84@biblegateway.com', 'WMRdc3q', NULL, NULL, 0, 0, 0, 1, '340ed3082aa445b50b691963a1d1c358', '2019-08-05 23:47:57', '2019-02-24 08:45:10', 0, NULL),
(313, 'aferns85', 'Alysia', 'Ferns', 0, '4306 Hintze Center', '1989-01-10', '09446385502', 'aferns85@addtoany.com', 'JYcVgP', NULL, NULL, 0, 0, 0, 1, 'bf2f192008d612d66e49575c296c0d72', '2019-04-27 04:45:54', '2019-07-30 18:25:03', 0, NULL),
(314, 'fpagel86', 'Florina', 'Pagel', 0, '380 Hintze Place', '2005-04-14', '0969-298-1916', 'fpagel86@addthis.com', '8KDjtk', NULL, NULL, 0, 0, 0, 1, '227cc1f98ec49a57400bc340a9763cc4', '2019-01-16 17:35:38', '2019-10-04 07:49:43', 0, NULL),
(315, 'shessing87', 'Skelly', 'Hessing', 2, '7 Autumn Leaf Place', '2009-09-11', '0964-8125313', 'shessing87@phpbb.com', 'xRbzkm', NULL, NULL, 0, 0, 0, 1, '37688f1032944053cf8fae8b7463e75c', '2019-07-01 04:44:43', '2019-09-16 08:00:37', 0, NULL),
(316, 'ahambleton88', 'Alexis', 'Hambleton', 0, '9274 Evergreen Way', '2009-06-02', '0907722-6651', 'ahambleton88@arstechnica.com', 'SYZNQOQglEQX', NULL, NULL, 0, 0, 0, 1, '3b7423abe466df12a5bd974c29cde774', '2018-12-01 22:02:04', '2018-12-13 21:33:33', 0, NULL),
(317, 'fstoggles89', 'Fleurette', 'Stoggles', 2, '120 Nobel Avenue', '2002-04-16', '09325978728', 'fstoggles89@wiley.com', 'ExAvjk98', NULL, NULL, 0, 0, 0, 1, 'f79c384d3f38739afcd58b2b7cc8150f', '2019-06-05 07:25:07', '2019-03-13 04:04:15', 0, NULL),
(318, 'wcareless8a', 'Wheeler', 'Careless', 0, '03050 Lien Parkway', '2015-05-04', '0935-6183749', 'wcareless8a@fc2.com', 'yLa4ffVu60V', NULL, NULL, 0, 0, 0, 1, '07cd809530dcf823ea9275a8288a207b', '2019-09-17 01:33:12', '2019-07-17 11:55:42', 0, NULL),
(319, 'stootin8b', 'Spenser', 'Tootin', 0, '815 Southridge Drive', '1969-06-01', '09384004029', 'stootin8b@blogger.com', 'K1NV1cSY', NULL, NULL, 0, 0, 0, 1, 'cc0dacc06d3ec7dd3bf2a4181df2332b', '2018-11-07 09:42:58', '2019-09-28 20:43:14', 0, NULL),
(320, 'cpostgate8c', 'Cornie', 'Postgate', 0, '8322 Tony Plaza', '1975-07-05', '0944-667-1829', 'cpostgate8c@imageshack.us', 'HnL8On', NULL, NULL, 0, 0, 0, 1, '23c53e74b9e97a748908b78d8b348918', '2019-03-06 15:13:27', '2019-09-06 05:33:50', 0, NULL),
(321, 'gismirnioglou8d', 'Gerta', 'Ismirnioglou', 0, '027 Northridge Lane', '2005-10-12', '0945065-4127', 'gismirnioglou8d@youtube.com', 'tfqdkLWuNPj', NULL, NULL, 0, 0, 0, 1, '8671abe898281587d3af14fbc9c39f77', '2019-02-07 08:33:36', '2019-04-29 20:54:36', 0, NULL),
(322, 'abrozek8e', 'Amil', 'Brozek', 1, '9396 West Alley', '2018-08-20', '09134255692', 'abrozek8e@harvard.edu', '0b9cih', NULL, NULL, 0, 0, 0, 1, 'e4cc57749d9d1ad67e263a3373dec810', '2019-07-25 05:32:56', '2018-12-02 18:42:57', 0, NULL),
(323, 'ahowarth8f', 'Axe', 'Howarth', 1, '852 Menomonie Junction', '1999-05-09', '09814853099', 'ahowarth8f@flavors.me', '8Ln872rsO', NULL, NULL, 0, 0, 0, 1, 'c48518515acf523390f16478aeff17ea', '2019-04-24 13:22:58', '2019-03-15 07:02:10', 0, NULL),
(324, 'eburrage8g', 'Evy', 'Burrage', 1, '7 Sullivan Road', '1996-04-03', '0912350-9410', 'eburrage8g@istockphoto.com', 'uwQIJ9kLin', NULL, NULL, 0, 0, 0, 1, 'cce4c36ea77dee80a6ddba86a45c1ee2', '2018-11-14 11:39:47', '2019-02-08 07:42:40', 0, NULL),
(325, 'emayhead8h', 'Elvera', 'Mayhead', 1, '4 Heath Hill', '1972-11-08', '0938-556-6344', 'emayhead8h@washington.edu', '89j653dcy9', NULL, NULL, 0, 0, 0, 1, '4ab5309d1192f1dee18d660facf1ef4a', '2019-09-29 19:07:23', '2019-10-20 17:09:21', 0, NULL),
(326, 'awitheford8i', 'Arron', 'Witheford', 1, '9 Beilfuss Park', '1997-12-25', '09497102032', 'awitheford8i@un.org', 'l6DitwXHFL1V', NULL, NULL, 0, 0, 0, 1, '4f2b130f15d843053779e29e3877167b', '2018-11-26 05:41:39', '2019-05-22 08:05:49', 0, NULL),
(327, 'dstittle8j', 'Dacy', 'Stittle', 0, '89 Thackeray Street', '1977-07-22', '09173646872', 'dstittle8j@google.fr', 'RcvXk4ptj', NULL, NULL, 0, 0, 0, 1, '026ac50bac44e5996ced53f8641f302f', '2019-09-11 07:18:26', '2019-01-25 22:12:36', 0, NULL),
(328, 'cyansons8k', 'Clem', 'Yansons', 0, '299 Fairview Crossing', '2014-12-10', '0985-1764674', 'cyansons8k@dion.ne.jp', 'uJnT8KgHyn', NULL, NULL, 0, 0, 0, 1, '9612537ba234f2611a5aed2a88863fa5', '2019-05-11 01:33:57', '2019-02-23 10:27:46', 0, NULL),
(329, 'degarr8l', 'Duffy', 'Egarr', 0, '72651 Clove Park', '1968-10-30', '09855257306', 'degarr8l@nydailynews.com', '8Fzett', NULL, NULL, 0, 0, 0, 1, '5cd38a4335a92d783efa623f1f2b69be', '2019-04-25 09:57:33', '2019-06-11 12:36:43', 0, NULL),
(330, 'schick8m', 'Silvanus', 'Chick', 2, '27 Beilfuss Plaza', '1975-02-25', '09765571874', 'schick8m@theguardian.com', 'ytTL7osnoYJK', NULL, NULL, 0, 0, 0, 1, '3d0f68df24585fb7c531dc1eb05d7f2a', '2019-10-05 06:38:20', '2018-12-30 10:26:43', 0, NULL),
(331, 'apratty8n', 'Ambrosio', 'Pratty', 2, '4226 Westend Lane', '1981-06-06', '0944205-8918', 'apratty8n@bing.com', 'SDORijcWD', NULL, NULL, 0, 0, 0, 1, 'bb460d5fd9dc4c2fe822609d925a0f27', '2019-07-18 19:00:10', '2018-12-24 07:39:58', 0, NULL),
(332, 'aethington8o', 'Abbye', 'Ethington', 2, '6 Sherman Junction', '1998-12-26', '0906066-8542', 'aethington8o@360.cn', 'eR6xvyYw', NULL, NULL, 0, 0, 0, 1, '262925837f6cbe527dd75e8b5653d5ac', '2019-07-29 10:24:25', '2019-03-06 07:13:33', 0, NULL),
(333, 'clay8p', 'Cloe', 'Lay', 1, '30 Dexter Pass', '2012-02-22', '0926-914-2069', 'clay8p@parallels.com', '8LhbuUObeUU5', NULL, NULL, 0, 0, 0, 1, '096c82706fb016251d32b9ea0bc51722', '2018-11-06 22:35:24', '2019-04-06 06:14:33', 0, NULL),
(334, 'rgiddings8q', 'Rockie', 'Giddings', 0, '406 Lawn Alley', '2012-09-09', '09326644348', 'rgiddings8q@ihg.com', 'WeN5oCHo7ztk', NULL, NULL, 0, 0, 0, 1, 'f87b2b3fa6559f18929a62df6573b93b', '2018-11-14 09:25:26', '2019-06-07 17:33:14', 0, NULL),
(335, 'mlownsbrough8r', 'Marley', 'Lownsbrough', 0, '6448 Fulton Trail', '1973-07-18', '0987916-3748', 'mlownsbrough8r@tinypic.com', 'JketwHx', NULL, NULL, 0, 0, 0, 1, 'e5355dcba2ec52da0af8b0b29f342d7d', '2019-01-31 12:06:58', '2019-09-26 13:41:00', 0, NULL),
(336, 'htankus8s', 'Hedy', 'Tankus', 0, '61913 Dahle Road', '1985-12-03', '0939-217-9078', 'htankus8s@ehow.com', 'GrKRD394', NULL, NULL, 0, 0, 0, 1, 'f018f6ee23213997b357559d1cdcbe9a', '2018-11-30 19:25:15', '2019-07-29 01:58:42', 0, NULL),
(337, 'mdrews8t', 'Mic', 'Drews', 1, '1795 Moose Street', '2004-06-20', '0911696-5761', 'mdrews8t@about.com', '0MFJTo', NULL, NULL, 0, 0, 0, 1, '7427e52b7eb58ed88b08a0bb84a97da3', '2019-04-12 05:21:08', '2019-01-18 19:03:32', 0, NULL),
(338, 'fgrimoldby8u', 'Fanechka', 'Grimoldby', 0, '48 Lawn Court', '1977-01-17', '0925-4325791', 'fgrimoldby8u@goodreads.com', '7YcHvAG3ZK', NULL, NULL, 0, 0, 0, 1, '225c3be89bc8dddbe44abb0b1ceb937e', '2019-10-26 05:25:49', '2018-11-25 08:33:41', 0, NULL),
(339, 'mfrays8v', 'Melisent', 'Frays', 1, '8162 Hovde Road', '1988-04-03', '09203859204', 'mfrays8v@ucsd.edu', 'BGCOTDgMyfKi', NULL, NULL, 0, 0, 0, 1, 'f7f1ec1c34b874366510dfce6664637b', '2019-07-21 13:10:24', '2018-11-20 18:18:53', 0, NULL),
(340, 'rtertre8w', 'Roldan', 'Tertre', 0, '40 Mayfield Drive', '1980-01-20', '0977978-7201', 'rtertre8w@sourceforge.net', '5Klt8GOxO', NULL, NULL, 0, 0, 0, 1, '74c482bfa9e9c22bf2a580baeb4e8a27', '2019-05-13 13:20:57', '2019-03-08 15:27:55', 0, NULL),
(341, 'lgerdts8x', 'Liva', 'Gerdts', 2, '71 Kennedy Trail', '2011-10-03', '0910948-5609', 'lgerdts8x@unc.edu', 'TtO9T0A8iXuO', NULL, NULL, 0, 0, 0, 1, 'b92f8bcffd2e88343a4e9ec7016a9cb2', '2019-05-02 17:35:25', '2019-04-06 08:35:00', 0, NULL),
(342, 'gsturr8y', 'Gussie', 'Sturr', 2, '1983 Badeau Road', '2017-09-19', '09476035710', 'gsturr8y@princeton.edu', '6ebPChleY', NULL, NULL, 0, 0, 0, 1, '668cdef11769521442915d3d86260f90', '2019-07-16 21:01:23', '2019-06-07 04:00:56', 0, NULL),
(343, 'kbreckon8z', 'Keary', 'Breckon', 2, '8 Loomis Avenue', '2008-10-06', '09634102009', 'kbreckon8z@instagram.com', 'uDATAtTRS3', NULL, NULL, 0, 0, 0, 1, 'c1931d1eb709779c43b43659fc4aaa55', '2019-07-07 20:16:17', '2018-11-04 18:54:55', 0, NULL),
(344, 'jcomberbach90', 'Janis', 'Comberbach', 1, '0 Kim Center', '1971-11-28', '09539611952', 'jcomberbach90@sina.com.cn', 'mSvxfb4iXY', NULL, NULL, 0, 0, 0, 1, 'ac154a5ac55dc8310f83789aaf1bd931', '2019-05-11 00:21:57', '2019-02-22 21:06:36', 0, NULL),
(345, 'msouthouse91', 'Mariam', 'Southouse', 1, '209 Northland Park', '2008-03-08', '0919-487-9597', 'msouthouse91@technorati.com', 'GuiEbK', NULL, NULL, 0, 0, 0, 1, 'f7f2db58ad6dc1ab32ec447a27af2eee', '2019-06-28 10:10:52', '2019-06-23 20:43:41', 0, NULL),
(346, 'asteinor92', 'Andris', 'Steinor', 2, '8 Lakewood Gardens Lane', '2002-11-08', '0979-674-7788', 'asteinor92@jiathis.com', '5KAtd8', NULL, NULL, 0, 0, 0, 1, '2241a71f89af0adff47d1bfb6b80592f', '2019-10-01 23:24:27', '2018-11-13 14:31:07', 0, NULL),
(347, 'jstickens93', 'Julietta', 'Stickens', 0, '736 Eastlawn Park', '2006-03-31', '0991-463-9403', 'jstickens93@soundcloud.com', '29wo1zZR7D', NULL, NULL, 0, 0, 0, 1, 'ce14b1b0528dece41f01bcc4bc152c96', '2019-10-25 12:28:04', '2019-01-29 10:28:12', 0, NULL),
(348, 'jantonat94', 'Jacquelin', 'Antonat', 0, '12 Oak Valley Park', '1995-11-10', '0932993-9337', 'jantonat94@shutterfly.com', 'ZUWtpZY', NULL, NULL, 0, 0, 0, 1, '40188db69a43272882b990967633df37', '2019-06-09 23:57:58', '2018-11-26 06:03:01', 0, NULL),
(349, 'emccafferky95', 'Emylee', 'McCafferky', 2, '0170 Merry Court', '1996-05-11', '0976-2352604', 'emccafferky95@ibm.com', 'WeDUqnF', NULL, NULL, 0, 0, 0, 1, 'b5412bb11509a38985c377ecc89b3845', '2019-01-09 02:31:12', '2019-06-01 20:02:42', 0, NULL),
(350, 'aiacobetto96', 'Alonso', 'Iacobetto', 2, '2939 Granby Pass', '2003-01-08', '09569908369', 'aiacobetto96@imdb.com', 'knVmVN', NULL, NULL, 0, 0, 0, 1, '2c3f4ea95e68dfc83f182ebeaeb727fd', '2019-09-20 23:10:29', '2019-01-31 14:55:47', 0, NULL),
(351, 'gimbrey97', 'Gerard', 'Imbrey', 0, '006 Claremont Park', '1977-06-03', '0956325-8094', 'gimbrey97@aboutads.info', 'MwyCALN3u5', NULL, NULL, 0, 0, 0, 1, 'fd4fab054672ffe1a5a1c17ee2968658', '2019-10-28 02:20:31', '2019-04-28 09:28:45', 0, NULL),
(352, 'ajosef98', 'Alia', 'Josef', 2, '34 Westridge Drive', '1986-06-12', '0930-525-8409', 'ajosef98@youtu.be', 'RQJ2fmFS', NULL, NULL, 0, 0, 0, 1, '63fef0a1b62bbd39a8a2fbd493ea64bc', '2019-10-15 23:32:52', '2019-08-20 05:29:17', 0, NULL),
(353, 'cblinman99', 'Cristal', 'Blinman', 1, '76 Green Way', '1969-06-23', '09536688857', 'cblinman99@naver.com', 'tMPwzVSoUF', NULL, NULL, 0, 0, 0, 1, '14d5a4a31633e85863b7c9cefcbf4920', '2018-12-16 05:54:33', '2019-06-14 12:36:30', 0, NULL),
(354, 'eanstice9a', 'Edgard', 'Anstice', 1, '7093 Portage Junction', '1985-10-17', '0901206-8212', 'eanstice9a@odnoklassniki.ru', 'b3m8qr', NULL, NULL, 0, 0, 0, 1, 'b0c65b680233778602ecfd316205bbaa', '2019-04-15 00:40:28', '2019-09-02 23:26:40', 0, NULL),
(355, 'bgreenalf9b', 'Bernhard', 'Greenalf', 1, '4482 Garrison Avenue', '1979-05-13', '0956-236-0043', 'bgreenalf9b@vk.com', 'hmKBfl7Ct', NULL, NULL, 0, 0, 0, 1, '25d21c22b4bc228020aa4c729e4bcd88', '2019-10-22 11:06:50', '2019-01-26 15:55:40', 0, NULL),
(356, 'tmcilwraith9c', 'Terri-jo', 'McIlwraith', 2, '99657 Maryland Avenue', '1967-02-15', '09722287432', 'tmcilwraith9c@latimes.com', 'jOAsX7G', NULL, NULL, 0, 0, 0, 1, 'e8e10f5f8cb8f4d4becc662bc9327f72', '2019-02-24 18:57:24', '2019-03-30 16:41:34', 0, NULL),
(357, 'mjohnikin9d', 'Marguerite', 'Johnikin', 2, '96884 Rusk Street', '2008-03-11', '0980-105-9182', 'mjohnikin9d@twitter.com', 'k21LtTBwQXO', NULL, NULL, 0, 0, 0, 1, '3c99116f3aab684b3c38be61fa4ac9df', '2019-06-22 11:02:08', '2019-06-25 16:50:58', 0, NULL),
(358, 'bboutellier9e', 'Benedetta', 'Boutellier', 2, '59 Lakeland Trail', '2016-12-08', '0986-3412610', 'bboutellier9e@amazon.co.uk', '597mvWJwZMXH', NULL, NULL, 0, 0, 0, 1, '80e86019757e1d4c68fa3e1479fc9f52', '2019-10-20 21:48:21', '2019-01-23 17:39:57', 0, NULL),
(359, 'hrisson9f', 'Hall', 'Risson', 1, '1 Quincy Circle', '2011-07-27', '0979947-0950', 'hrisson9f@wikia.com', 'MeMnd4DNi', NULL, NULL, 0, 0, 0, 1, 'c85d6dd5a12ac18048fe9f3d9bd178ec', '2019-02-16 10:48:18', '2019-07-15 05:24:51', 0, NULL),
(360, 'mgodber9g', 'Munmro', 'Godber', 2, '220 Bowman Way', '1982-06-17', '09941775592', 'mgodber9g@omniture.com', 'IsgY7a', NULL, NULL, 0, 0, 0, 1, '13718a8323db1ec455e683b59680010f', '2019-01-12 10:14:31', '2018-10-30 06:01:17', 0, NULL),
(361, 'vforeman9h', 'Vale', 'Foreman', 2, '85164 Stuart Pass', '1969-01-29', '0901-3069608', 'vforeman9h@booking.com', 'ORDX3cV4C57E', NULL, NULL, 0, 0, 0, 1, '553ec83905ac9aaf3200874201ca44fc', '2019-09-02 05:13:07', '2019-02-06 09:20:48', 0, NULL),
(362, 'owolvey9i', 'Olivia', 'Wolvey', 0, '7046 Prairieview Pass', '1990-08-06', '0949-5162785', 'owolvey9i@hostgator.com', '2bl7PNdJrc0', NULL, NULL, 0, 0, 0, 1, 'e201a3af0ddc652e1b172ff7bb8a9b62', '2019-02-22 00:12:08', '2019-05-10 10:08:20', 0, NULL),
(363, 'fternouth9j', 'Fancy', 'Ternouth', 2, '53412 Prairie Rose Place', '2014-06-01', '0966-7254618', 'fternouth9j@ftc.gov', 'oaVFHS9', NULL, NULL, 0, 0, 0, 1, 'ef378f518fdc243867b993db2b352e06', '2018-11-18 00:07:41', '2019-10-11 12:15:04', 0, NULL),
(364, 'ckemmet9k', 'Claus', 'Kemmet', 1, '7 Village Green Plaza', '2017-07-09', '0928926-5501', 'ckemmet9k@blogs.com', 'fd0ZWMl27', NULL, NULL, 0, 0, 0, 1, '53d77b8ee1a8e4ea3c6aff30dc956185', '2018-12-27 03:32:31', '2019-05-25 13:12:32', 0, NULL),
(365, 'sjevon9l', 'Starlene', 'Jevon', 1, '09796 Northland Lane', '1992-10-31', '09202927536', 'sjevon9l@storify.com', 'akOe1wI4BP8', NULL, NULL, 0, 0, 0, 1, '6348a0875d869ea0f0721bb1f93f8951', '2019-02-13 23:11:54', '2019-05-01 22:44:57', 0, NULL),
(366, 'orapa9m', 'Otto', 'Rapa', 2, '56 Knutson Drive', '2007-12-01', '0959190-4862', 'orapa9m@chronoengine.com', 'YbiVsILmc', NULL, NULL, 0, 0, 0, 1, '84007e1fca2752d27d8932bb6b42f347', '2019-07-29 21:32:17', '2019-03-19 08:05:30', 0, NULL),
(367, 'kpavey9n', 'Kelbee', 'Pavey', 2, '4 Haas Lane', '2004-02-03', '0963396-2067', 'kpavey9n@list-manage.com', 'kP19Sz5zn5v', NULL, NULL, 0, 0, 0, 1, 'b2bf691d1ee16b887439d62a6c1d3ee3', '2019-07-08 20:00:18', '2019-06-06 22:38:14', 0, NULL),
(368, 'kfirpi9o', 'Kenton', 'Firpi', 2, '953 Briar Crest Junction', '1978-09-04', '09046234807', 'kfirpi9o@businesswire.com', 'HsMK2TnXD', NULL, NULL, 0, 0, 0, 1, '07381555af129138392d6504d5057873', '2019-04-13 08:49:55', '2019-10-12 15:13:43', 0, NULL),
(369, 'ctisor9p', 'Corey', 'Tisor', 0, '4 Merry Lane', '1989-03-26', '0936-4275078', 'ctisor9p@google.ca', 'zMIygHMvhGTX', NULL, NULL, 0, 0, 0, 1, 'd90e839c81cd10f9d9a7cf81c187e694', '2019-08-02 02:18:01', '2019-07-18 04:54:50', 0, NULL),
(370, 'mcorstorphine9q', 'Maiga', 'Corstorphine', 1, '556 Pierstorff Point', '1973-07-20', '09736422970', 'mcorstorphine9q@amazonaws.com', '2iMj4R8V', NULL, NULL, 0, 0, 0, 1, '0f7f8ab6be8ef0d9c0b36b27dc21c79e', '2019-08-18 07:13:05', '2019-07-29 20:01:18', 0, NULL),
(371, 'asymms9r', 'Angele', 'Symms', 0, '04 Valley Edge Terrace', '1980-04-17', '09974249866', 'asymms9r@squidoo.com', 'G5QMU8Dbbap4', NULL, NULL, 0, 0, 0, 1, '3a901189743c892d76877431dea3055c', '2019-05-12 15:21:06', '2019-10-13 23:13:20', 0, NULL),
(372, 'cweek9s', 'Carlotta', 'Week', 2, '7 Anthes Crossing', '1979-11-16', '0932-8140528', 'cweek9s@census.gov', 'nwWtUg', NULL, NULL, 0, 0, 0, 1, '2df6be496fa0898f8d2e0c4c3e7a5f82', '2019-08-27 03:16:09', '2019-08-20 00:08:01', 0, NULL),
(373, 'dsweatman9t', 'Danika', 'Sweatman', 2, '61324 Prentice Junction', '1991-02-28', '09303492965', 'dsweatman9t@goodreads.com', 'UjGKRl', NULL, NULL, 0, 0, 0, 1, '0634d45d31c5d25a8109e2bafc96d340', '2019-09-09 07:09:36', '2019-02-07 21:12:06', 0, NULL),
(374, 'rdrissell9u', 'Rich', 'Drissell', 2, '9415 Spaight Lane', '2006-05-15', '0907-7830542', 'rdrissell9u@ft.com', '12gXDu', NULL, NULL, 0, 0, 0, 1, '891b80baa4e0e56943c101ac006018de', '2019-02-26 06:01:41', '2019-06-02 16:23:24', 0, NULL),
(375, 'pfacher9v', 'Putnam', 'Facher', 1, '4 Shelley Point', '1999-09-19', '09571025756', 'pfacher9v@icio.us', 'Cepnw0sGZopz', NULL, NULL, 0, 0, 0, 1, 'e61a79a8e004633f68f79a941bd35105', '2019-04-02 09:01:46', '2019-05-24 22:05:19', 0, NULL),
(376, 'clehr9w', 'Clay', 'Lehr', 2, '33151 Mesta Place', '1989-04-24', '0954645-2053', 'clehr9w@earthlink.net', 'jeo4dO96', NULL, NULL, 0, 0, 0, 1, '50b6bab71ff9619378a58e9fbf4cfbc7', '2018-12-31 12:56:27', '2019-08-24 13:50:16', 0, NULL),
(377, 'bwhitemarsh9x', 'Bret', 'Whitemarsh', 1, '11 Brickson Park Circle', '2015-10-05', '0949-753-8631', 'bwhitemarsh9x@facebook.com', 'uSbySUcbdMj3', NULL, NULL, 0, 0, 0, 1, '3d34dd9c799e8a869fe36ac4779620ce', '2018-12-02 08:07:25', '2019-05-12 14:28:18', 0, NULL),
(378, 'hslowgrave9y', 'Hogan', 'Slowgrave', 1, '422 Union Parkway', '2017-08-09', '0928280-5808', 'hslowgrave9y@ocn.ne.jp', 'D3lJzhAEj4ra', NULL, NULL, 0, 0, 0, 1, '400a663428a22e85034631b18c0d1696', '2019-09-24 17:42:01', '2019-09-03 22:42:36', 0, NULL),
(379, 'ahubberstey9z', 'Auroora', 'Hubberstey', 1, '3612 Anhalt Circle', '1974-06-23', '0975-7310514', 'ahubberstey9z@bluehost.com', 'qCr8acY', NULL, NULL, 0, 0, 0, 1, 'ba3a4c756b62a445c96a995d84dd3d0a', '2018-11-08 08:26:07', '2019-09-07 08:44:25', 0, NULL),
(380, 'ostreaka0', 'Othilie', 'Streak', 2, '3 Main Place', '1973-10-23', '0927-4350305', 'ostreaka0@sakura.ne.jp', 'PCA7jL0wLO1', NULL, NULL, 0, 0, 0, 1, '2129d82a1c129724209d53090da87305', '2019-10-24 23:02:03', '2018-11-09 01:05:19', 0, NULL),
(381, 'dburwooda1', 'Delbert', 'Burwood', 0, '82 West Street', '1966-02-05', '0905-409-4880', 'dburwooda1@bizjournals.com', 'rZFY1Fy1m', NULL, NULL, 0, 0, 0, 1, '37e24a3407e5243f16904dbdbebbb1f1', '2019-04-08 16:25:14', '2019-07-19 06:06:11', 0, NULL),
(382, 'rledbettera2', 'Rebecka', 'Ledbetter', 0, '50 Gale Alley', '1978-01-20', '0998-794-1263', 'rledbettera2@wsj.com', 'vJFPf5q', NULL, NULL, 0, 0, 0, 1, '8d1fe5f15d65f52eca230f24d7bb19b1', '2019-09-04 15:41:00', '2019-09-11 14:21:08', 0, NULL),
(383, 'ggeakea3', 'Gene', 'Geake', 2, '65783 Main Alley', '2014-04-01', '09066244507', 'ggeakea3@buzzfeed.com', 'og1YHViOJYCv', NULL, NULL, 0, 0, 0, 1, '8afb088bbe8ab5a3b97478d1a2a7b110', '2018-12-14 22:09:25', '2018-11-27 01:21:21', 0, NULL),
(384, 'kmaffeoa4', 'Kerstin', 'Maffeo', 0, '6 Golf Course Road', '1972-01-09', '0999-4066024', 'kmaffeoa4@quantcast.com', '52uEl0i2', NULL, NULL, 0, 0, 0, 1, '5e9e108bd8f157e7082a7e860d56e113', '2019-10-10 15:40:02', '2019-02-18 00:26:22', 0, NULL),
(385, 'vgysea5', 'Virgie', 'Gyse', 1, '8868 Colorado Terrace', '1995-06-17', '0929-183-8425', 'vgysea5@abc.net.au', 'rA5Hzjw', NULL, NULL, 0, 0, 0, 1, '6804d0d98be4e2830923c7321ab3f5f5', '2018-12-07 09:45:29', '2019-08-18 23:29:30', 0, NULL),
(386, 'byezafovicha6', 'Becka', 'Yezafovich', 2, '746 Sundown Center', '1998-11-28', '0968245-4480', 'byezafovicha6@gizmodo.com', '03sPuck', NULL, NULL, 0, 0, 0, 1, '30a2f197e99813cee70917a725ce70c5', '2019-06-01 13:19:40', '2018-11-22 06:20:48', 0, NULL),
(387, 'kmaytea7', 'Kore', 'Mayte', 0, '1365 Sachtjen Crossing', '2014-07-25', '09663045931', 'kmaytea7@mit.edu', '8GlFCNLKqiJ5', NULL, NULL, 0, 0, 0, 1, 'bcfa0f36ea9d2b96cec4828bd772af17', '2019-05-12 15:15:36', '2019-10-15 22:53:10', 0, NULL),
(388, 'bcondona8', 'Bradney', 'Condon', 1, '96658 Trailsway Drive', '1969-01-01', '0957-157-2283', 'bcondona8@wsj.com', 'Itj6et', NULL, NULL, 0, 0, 0, 1, '1cfff430d75ae63b7d464913c22d3c3b', '2019-07-29 23:10:38', '2019-04-30 17:13:47', 0, NULL),
(389, 'jarkilla9', 'Jodie', 'Arkill', 0, '860 Fieldstone Court', '1977-10-27', '0980-512-9908', 'jarkilla9@boston.com', 'jwopZgrqYmE', NULL, NULL, 0, 0, 0, 1, 'a230d6b1e745bb789a7d68d25e72fe5f', '2019-03-02 06:13:04', '2018-12-04 22:52:59', 0, NULL),
(390, 'cpurkisaa', 'Chuck', 'Purkis', 1, '9 Crest Line Alley', '2008-02-23', '0979-639-2625', 'cpurkisaa@cargocollective.com', 'ZXXUHxxlCc', NULL, NULL, 0, 0, 0, 1, '52d39e7db312c96b8ebdc277f9640dd7', '2019-05-24 22:09:55', '2019-09-08 23:27:06', 0, NULL),
(391, 'sgelardiab', 'Sophi', 'Gelardi', 0, '8695 Walton Hill', '1980-05-04', '0945-839-4511', 'sgelardiab@scribd.com', 'pC4SLgPa', NULL, NULL, 0, 0, 0, 1, '407aa256c8eb72704184b421b62c9770', '2019-01-27 18:19:54', '2019-07-29 23:27:49', 0, NULL),
(392, 'bjirikac', 'Bourke', 'Jirik', 1, '1550 Rutledge Center', '1995-04-16', '0909-2135492', 'bjirikac@ehow.com', 'fmEB3I2x', NULL, NULL, 0, 0, 0, 1, '344705860e0b065dd5463870929168ad', '2019-07-16 03:03:34', '2019-10-22 12:32:52', 0, NULL),
(393, 'kcrummayad', 'Kayley', 'Crummay', 2, '3159 Clove Hill', '1971-09-07', '09797625431', 'kcrummayad@phoca.cz', 'tA3mQ9bL2', NULL, NULL, 0, 0, 0, 1, 'fde985879b7624436499630e7fb71cbd', '2019-01-10 04:55:28', '2019-04-27 11:10:52', 0, NULL),
(394, 'vbalharryae', 'Vanya', 'Balharry', 0, '1716 Marquette Parkway', '2004-01-29', '0944-109-2385', 'vbalharryae@booking.com', 'BN6uyKRw', NULL, NULL, 0, 0, 0, 1, '0552a632a03813bb23b2c518aa8992fc', '2018-10-30 11:18:12', '2019-10-11 11:55:40', 0, NULL),
(395, 'geneferaf', 'Glenna', 'Enefer', 0, '8279 Kenwood Junction', '1970-11-17', '0934800-7680', 'geneferaf@last.fm', '63XBEk5Vr9', NULL, NULL, 0, 0, 0, 1, '43f3fef23a4f841f2573b9929a53efeb', '2019-10-04 08:50:44', '2019-07-04 02:21:45', 0, NULL),
(396, 'hburbridgeag', 'Hulda', 'Burbridge', 2, '7 Waxwing Terrace', '1981-02-13', '0927-1752544', 'hburbridgeag@infoseek.co.jp', 'gNHzT4', NULL, NULL, 0, 0, 0, 1, '738de5207b2490ba987af5cd11e0f08a', '2018-11-05 01:22:14', '2019-03-27 05:48:07', 0, NULL),
(397, 'gsayah', 'Gare', 'Say', 0, '65 New Castle Pass', '1966-02-26', '0972755-5901', 'gsayah@list-manage.com', 'yzKRgrO5', NULL, NULL, 0, 0, 0, 1, '5fca9ae938fc5ba4a7bc0a35487b82c0', '2019-07-12 21:36:23', '2019-08-13 07:48:40', 0, NULL),
(398, 'dcrowderai', 'Dulcia', 'Crowder', 0, '27 Thackeray Park', '1990-12-23', '0914-148-0849', 'dcrowderai@tiny.cc', '6rppM4FdMh', NULL, NULL, 0, 0, 0, 1, 'dacd994dd5d4f84da5281ad51028c829', '2019-08-28 07:21:01', '2018-11-30 07:49:14', 0, NULL),
(399, 'nbrouweraj', 'Nomi', 'Brouwer', 2, '721 Meadow Vale Lane', '1985-02-22', '0919-3985233', 'nbrouweraj@163.com', '6jV5GxbgT', NULL, NULL, 0, 0, 0, 1, '85381f118f348ef4e1e82867fd1edc65', '2019-02-18 23:35:53', '2019-06-23 19:41:16', 0, NULL);
INSERT INTO `users` (`id`, `username`, `first_name`, `last_name`, `gender`, `address`, `birth_date`, `mobile_no`, `email`, `password`, `profile_picture`, `profile_picture_dir`, `follower_count`, `following_count`, `follow_request_count`, `activated`, `activation_code`, `created`, `modified`, `deleted`, `deleted_date`) VALUES
(400, 'droafak', 'Daniela', 'Roaf', 2, '79814 Stuart Avenue', '2003-09-03', '0992-510-4270', 'droafak@imgur.com', '3l7xwd', NULL, NULL, 0, 0, 0, 1, '70b8d56b3cf0a82f6514946920e6a8ab', '2019-06-23 02:59:53', '2019-08-30 02:11:27', 0, NULL),
(401, 'zeadonal', 'Zacharie', 'Eadon', 1, '7 Oriole Avenue', '1998-06-24', '0941-220-5934', 'zeadonal@hatena.ne.jp', 'kBgSDyAhOxJA', NULL, NULL, 0, 0, 0, 1, 'b67579f92c90fb44c6b360c7ce7fe074', '2019-04-30 17:43:20', '2018-11-30 09:41:02', 0, NULL),
(402, 'hcoffeltam', 'Hazel', 'Coffelt', 2, '12543 Westridge Lane', '1971-09-29', '0976-861-4364', 'hcoffeltam@naver.com', 'URcv9T2An', NULL, NULL, 0, 0, 0, 1, '43b045eb9efe2a30586affeb6f835bbd', '2019-02-14 04:58:48', '2019-06-13 00:53:39', 0, NULL),
(403, 'laltamiranoan', 'Liliane', 'Altamirano', 0, '07 Oak Valley Plaza', '2001-06-08', '0904-4755314', 'laltamiranoan@answers.com', 'PxtoEykBdn6A', NULL, NULL, 0, 0, 0, 1, '00d1291f6f6999b384c20ee442f94706', '2018-12-09 04:47:11', '2018-11-14 11:13:15', 0, NULL),
(404, 'wpartenerao', 'Wainwright', 'Partener', 1, '3 Atwood Pass', '1981-07-01', '0901-6829379', 'wpartenerao@de.vu', 'NvJ1nY', NULL, NULL, 0, 0, 0, 1, 'b08af29a9cedba10c2ac6584ec80213b', '2019-09-25 18:41:47', '2019-01-31 10:51:15', 0, NULL),
(405, 'nvennardap', 'Neils', 'Vennard', 0, '12 Oakridge Alley', '2013-04-07', '0988755-4232', 'nvennardap@dion.ne.jp', 'iU2UUsw', NULL, NULL, 0, 0, 0, 1, 'f0d604cf21f2bba422edd02ba467b0d9', '2019-09-19 11:32:43', '2018-11-11 13:37:06', 0, NULL),
(406, 'snossentaq', 'Shena', 'Nossent', 1, '27930 Farwell Way', '1985-03-06', '0976-035-3630', 'snossentaq@berkeley.edu', 'XhxFS7cVAIT', NULL, NULL, 0, 0, 0, 1, '78cd2e3e39eff016be1100768fd3f79f', '2018-11-19 10:19:09', '2019-09-28 08:18:16', 0, NULL),
(407, 'ochampnessar', 'Orsola', 'Champness', 0, '35063 Hazelcrest Street', '2009-04-23', '0919-930-6950', 'ochampnessar@goo.gl', '6FPmaP6UKT', NULL, NULL, 0, 0, 0, 1, '46609ba169796f3e36207ca6a61d80c1', '2019-10-06 22:02:25', '2019-03-02 04:23:33', 0, NULL),
(408, 'mmcgawas', 'Marielle', 'McGaw', 2, '6116 Mockingbird Parkway', '1981-08-28', '09444151731', 'mmcgawas@newyorker.com', 'NTt5ls', NULL, NULL, 0, 0, 0, 1, 'c77c41c1ec8af1642948a07b7447e125', '2019-09-03 09:04:14', '2019-01-14 17:33:38', 0, NULL),
(409, 'dstanyforthat', 'Dal', 'Stanyforth', 0, '8 Ludington Pass', '2005-08-06', '0995922-8610', 'dstanyforthat@quantcast.com', 'cGZRcvklE8cz', NULL, NULL, 0, 0, 0, 1, '892d6f3b518a6c72d04e6ce995950c5d', '2018-12-07 19:44:53', '2019-07-06 06:18:13', 0, NULL),
(410, 'kvogeleinau', 'Kattie', 'Vogelein', 2, '721 Schiller Parkway', '2011-03-30', '0997405-5944', 'kvogeleinau@ed.gov', 'ZzU6bdK', NULL, NULL, 0, 0, 0, 1, '5b63be031fe2dddd00952c7cc4e89870', '2019-08-04 23:05:15', '2018-12-29 14:26:04', 0, NULL),
(411, 'mbeekmanav', 'Merell', 'Beekman', 2, '196 Bluestem Court', '1998-06-10', '0903-8509965', 'mbeekmanav@google.it', 'PgyCQsMa', NULL, NULL, 0, 0, 0, 1, '03c67d7dbf13ec6e6bc9ed7786ca2c84', '2019-02-24 15:32:21', '2019-05-03 03:10:42', 0, NULL),
(412, 'lmulhillaw', 'Letty', 'Mulhill', 2, '49 Arapahoe Point', '2007-11-01', '0986554-8268', 'lmulhillaw@wp.com', 'FQQky4vPK', NULL, NULL, 0, 0, 0, 1, '726aeeeb7bb7997e84f6b460a9ffcb5d', '2019-05-06 09:26:07', '2019-09-28 00:45:15', 0, NULL),
(413, 'aflipsax', 'Allianora', 'Flips', 0, '06940 Ruskin Hill', '1983-02-23', '0943-464-5033', 'aflipsax@reddit.com', 'sD6I7A', NULL, NULL, 0, 0, 0, 1, '31dd2a93abe487e7356be76944815e87', '2019-06-22 06:52:31', '2019-02-20 14:23:00', 0, NULL),
(414, 'bcarabetay', 'Bent', 'Carabet', 0, '694 New Castle Avenue', '1977-01-10', '0941399-4541', 'bcarabetay@nifty.com', '5MEvyhl', NULL, NULL, 0, 0, 0, 1, '1f666daec47f81ec215f932ac7c30438', '2019-06-11 06:17:26', '2019-09-04 20:20:31', 0, NULL),
(415, 'tmontieraz', 'Thorvald', 'Montier', 1, '839 Comanche Place', '1968-04-20', '09549158378', 'tmontieraz@blog.com', 'goqWx8U', NULL, NULL, 0, 0, 0, 1, 'a24c71e0b7057d9019eb080c75dfdc9d', '2018-11-27 05:29:58', '2019-08-05 23:05:45', 0, NULL),
(416, 'lmoreinisb0', 'Lemar', 'Moreinis', 2, '17676 American Park', '1984-07-30', '0992719-4765', 'lmoreinisb0@seesaa.net', 'qx2buSk', NULL, NULL, 0, 0, 0, 1, '1f20da47e2f4f5e1dfef95157bc34d93', '2019-08-19 20:15:29', '2018-11-22 22:29:28', 0, NULL),
(417, 'lsimesb1', 'Leicester', 'Simes', 1, '98821 Utah Crossing', '1972-04-16', '09688367362', 'lsimesb1@google.it', 'eY22KjhmY', NULL, NULL, 0, 0, 0, 1, 'e30273a0992d503bb81222bc99c0d950', '2019-10-07 01:30:52', '2019-04-11 02:26:49', 0, NULL),
(418, 'cringb2', 'Celine', 'Ring', 0, '7 Kropf Road', '2001-12-02', '09872023555', 'cringb2@statcounter.com', 'V6zlpQhcIZSo', NULL, NULL, 0, 0, 0, 1, '9ec15b89be42ba93a419ba34887e8633', '2018-10-29 12:31:31', '2019-05-21 07:58:51', 0, NULL),
(419, 'wcosterdb3', 'Wynne', 'Costerd', 1, '542 Spaight Point', '1977-09-08', '0976-050-2419', 'wcosterdb3@soundcloud.com', 'XwEGG83WqM61', NULL, NULL, 0, 0, 0, 1, '57f6cf9512990bb35dd1b7b0e2c91ab9', '2019-04-23 04:28:20', '2018-12-15 11:55:45', 0, NULL),
(420, 'fpaxefordb4', 'Forbes', 'Paxeford', 1, '551 Lighthouse Bay Point', '1986-04-17', '0947-9381781', 'fpaxefordb4@1und1.de', 'YT7Yehu', NULL, NULL, 0, 0, 0, 1, '161069f58707eb763f3f960f2cf33b14', '2019-08-23 13:26:28', '2019-08-27 12:37:16', 0, NULL),
(421, 'cgooseyb5', 'Cort', 'Goosey', 0, '8760 Farragut Circle', '2017-12-15', '0957-788-3923', 'cgooseyb5@seattletimes.com', 'rNUyvmheZ', NULL, NULL, 0, 0, 0, 1, 'cc89bbfab784745684cb424086a94761', '2019-06-22 02:39:22', '2019-10-08 09:33:51', 0, NULL),
(422, 'ivanderkruisb6', 'Ibby', 'Van der Kruis', 1, '18283 Waxwing Hill', '1993-04-09', '0981226-1158', 'ivanderkruisb6@live.com', 'CN1EqI', NULL, NULL, 0, 0, 0, 1, '036c8d2c082b562c2de1651a1ec664c2', '2019-03-18 02:57:35', '2019-05-28 23:00:10', 0, NULL),
(423, 'abracerb7', 'Alayne', 'Bracer', 0, '35296 Sunnyside Terrace', '1988-11-30', '0997-8587702', 'abracerb7@dailymail.co.uk', 'SE4pqbufNDe', NULL, NULL, 0, 0, 0, 1, 'eb205c59c67bc621258c53cf584c7430', '2019-07-15 19:28:45', '2019-05-08 06:11:44', 0, NULL),
(424, 'tconnichieb8', 'Toby', 'Connichie', 1, '15 Texas Hill', '1989-03-26', '0968898-9119', 'tconnichieb8@altervista.org', 'hvHQ8jAS', NULL, NULL, 0, 0, 0, 1, '9aa6a8ef25574efde596d03c93a2c8a0', '2019-09-16 00:25:29', '2019-06-29 11:07:37', 0, NULL),
(425, 'jdiluciab9', 'Johnna', 'Di Lucia', 2, '0577 Meadow Ridge Point', '1994-04-26', '0920-601-5485', 'jdiluciab9@forbes.com', 'iLT3EnBVx', NULL, NULL, 0, 0, 0, 1, 'd91462a86f488355a7ba3aaa9aba095a', '2018-12-21 10:46:40', '2019-04-15 00:58:36', 0, NULL),
(426, 'badamouba', 'Bianca', 'Adamou', 0, '04115 Fremont Avenue', '2012-07-03', '0906662-7651', 'badamouba@go.com', 'gw4bf3', NULL, NULL, 0, 0, 0, 1, '8a9b9054cff8ade50185e11f6285fce4', '2018-11-12 22:30:11', '2019-07-12 06:32:31', 0, NULL),
(427, 'lgianullobb', 'Lindy', 'Gianullo', 2, '109 Reindahl Trail', '1979-06-27', '09518674855', 'lgianullobb@springer.com', 's1JkHJWA', NULL, NULL, 0, 0, 0, 1, 'dfaa6444fdace38a5c9577188d2cb08f', '2019-04-13 04:36:59', '2019-02-10 00:45:01', 0, NULL),
(428, 'chardenbc', 'Coop', 'Harden', 1, '35 Veith Avenue', '1999-11-08', '09493461248', 'chardenbc@aol.com', 'N437zSDIXy', NULL, NULL, 0, 0, 0, 1, 'dbad8008676f7dbab625fbc8f4fe925b', '2019-09-06 10:46:54', '2019-02-28 14:55:32', 0, NULL),
(429, 'ngowrybd', 'Nicky', 'Gowry', 0, '6603 Springview Drive', '1991-12-13', '09875540051', 'ngowrybd@barnesandnoble.com', 'uKV2I2oDl', NULL, NULL, 0, 0, 0, 1, '3d797eeea94902242170d7783d4f04e4', '2019-01-20 00:08:32', '2019-01-05 17:31:59', 0, NULL),
(430, 'ogreenoughbe', 'Otho', 'Greenough', 2, '055 Grayhawk Pass', '1981-08-21', '0974-521-2984', 'ogreenoughbe@mail.ru', 'meCn8G', NULL, NULL, 0, 0, 0, 1, '33919f047de69ff0f9fa90f0ae43a648', '2019-01-02 00:22:15', '2018-12-13 21:31:25', 0, NULL),
(431, 'acoughanbf', 'Abdul', 'Coughan', 0, '101 Roth Hill', '1973-10-03', '0990-9495530', 'acoughanbf@sitemeter.com', '8VpEpFg4Vjb3', NULL, NULL, 0, 0, 0, 1, '5b76353663652cde50f022b159f6314d', '2018-12-25 07:50:07', '2019-10-13 07:36:53', 0, NULL),
(432, 'jtebbetbg', 'Juanita', 'Tebbet', 1, '3 Hollow Ridge Place', '1967-06-13', '0940134-0631', 'jtebbetbg@google.cn', 'pVRLITh', NULL, NULL, 0, 0, 0, 1, '9f5ded387425fc45e0a637f5d939867d', '2019-03-06 11:36:54', '2019-02-25 21:09:15', 0, NULL),
(433, 'bdeversonbh', 'Bernita', 'de Verson', 2, '38916 Schurz Alley', '1982-01-31', '09081075092', 'bdeversonbh@theguardian.com', 'sOYxAivl1Z', NULL, NULL, 0, 0, 0, 1, '3bed1d18b41b868687d23801b5e3a569', '2019-08-07 07:32:44', '2019-07-16 05:17:59', 0, NULL),
(434, 'ahaithbi', 'Alwin', 'Haith', 0, '5662 Farmco Plaza', '2002-06-13', '0969-6788227', 'ahaithbi@constantcontact.com', 's2lzehLN3', NULL, NULL, 0, 0, 0, 1, '9344943f02b7378a2416daafc8455850', '2019-06-14 21:18:00', '2018-12-11 22:29:37', 0, NULL),
(435, 'jstifebj', 'Jabez', 'Stife', 1, '088 Melvin Avenue', '2001-07-02', '0920-8661031', 'jstifebj@hhs.gov', 'DcHWkC', NULL, NULL, 0, 0, 0, 1, '6aa49bec29901482c52e2b5aa6b5e669', '2018-12-31 12:20:08', '2019-09-30 06:09:29', 0, NULL),
(436, 'lbonhillbk', 'Lorry', 'Bonhill', 1, '65369 Sommers Alley', '2011-04-27', '0907-859-3703', 'lbonhillbk@unc.edu', 'a2qDu8bHuwgX', NULL, NULL, 0, 0, 0, 1, 'd7b7d7a45e9a8084e3be4d170fa87306', '2019-07-23 03:14:52', '2019-03-17 23:42:04', 0, NULL),
(437, 'rswinnardbl', 'Robyn', 'Swinnard', 1, '4594 Independence Road', '1979-09-08', '0934-721-7458', 'rswinnardbl@feedburner.com', 'SJhrTfG', NULL, NULL, 0, 0, 0, 1, '48e3da7f174f8e345d2fa89b3e15c9ab', '2019-04-25 22:02:09', '2019-04-18 18:06:41', 0, NULL),
(438, 'salwellbm', 'Scarlet', 'Alwell', 0, '266 Canary Alley', '1982-01-04', '0947364-5805', 'salwellbm@rakuten.co.jp', 'RpoU7woDseTk', NULL, NULL, 0, 0, 0, 1, '2b2968a440d73756c2f43680ce9cc03b', '2019-06-29 06:55:04', '2018-11-16 22:41:47', 0, NULL),
(439, 'gclingoebn', 'Gustie', 'Clingoe', 1, '82333 Sherman Plaza', '1990-07-16', '0962-3454496', 'gclingoebn@multiply.com', 'SkULEKT4F4Ab', NULL, NULL, 0, 0, 0, 1, 'c125c6c9d1d9ca64d45f2784435c1b8c', '2019-10-25 16:55:41', '2019-06-13 11:49:15', 0, NULL),
(440, 'asilversmidtbo', 'Alex', 'Silversmidt', 1, '303 Dryden Street', '1985-11-20', '09977467153', 'asilversmidtbo@pen.io', 'aYEc5JqC3', NULL, NULL, 0, 0, 0, 1, 'b8215f7d182cc0756da31c6035d1f2e8', '2019-09-03 22:21:00', '2019-03-13 17:02:41', 0, NULL),
(441, 'ariseboroughbp', 'Adams', 'Riseborough', 0, '3 Nelson Junction', '1979-05-29', '0915-509-0429', 'ariseboroughbp@privacy.gov.au', 'JHJ152O', NULL, NULL, 0, 0, 0, 1, '16f3470b3032334b83f9ee5e01218814', '2019-07-18 08:30:06', '2019-07-03 07:56:41', 0, NULL),
(442, 'rtharmebq', 'Remington', 'Tharme', 0, '21988 Carioca Park', '1986-01-26', '0977423-5272', 'rtharmebq@unc.edu', 'RNgAi6jkj', NULL, NULL, 0, 0, 0, 1, '2b4b561d66906634eeec2c8279190c33', '2019-09-22 19:26:29', '2019-06-29 03:58:10', 0, NULL),
(443, 'apollastronebr', 'Abbe', 'Pollastrone', 0, '7 Shoshone Avenue', '1995-10-08', '0912-528-7221', 'apollastronebr@psu.edu', 'xMxvWaES9gMm', NULL, NULL, 0, 0, 0, 1, 'b0d9262dd6a13c389d6f72a6d61ccd6c', '2018-10-30 04:07:17', '2019-02-09 04:35:44', 0, NULL),
(444, 'abearnebs', 'Alia', 'Bearne', 1, '738 Huxley Pass', '1975-08-13', '0910124-3279', 'abearnebs@ted.com', 'nwjUwkEn6hv', NULL, NULL, 0, 0, 0, 1, '9d4ab6423dbcfcd3f18a4096451dee03', '2019-08-21 16:00:28', '2019-08-25 07:27:43', 0, NULL),
(445, 'vmaulkinbt', 'Valentine', 'Maulkin', 1, '09 Kingsford Point', '1976-10-25', '09178818918', 'vmaulkinbt@prnewswire.com', 'azTed7oYpQ', NULL, NULL, 0, 0, 0, 1, 'd0021aea8b0a2129e87fe576ca95f86c', '2019-10-12 18:29:33', '2018-11-15 00:49:37', 0, NULL),
(446, 'pmcgillbu', 'Phyllys', 'McGill', 0, '1 Carberry Way', '2008-08-10', '0922890-4827', 'pmcgillbu@qq.com', 'Qv1EC90OB', NULL, NULL, 0, 0, 0, 1, '6d7e2fa75b101b6322ff8311fb38a528', '2019-10-23 22:44:12', '2019-06-04 21:33:39', 0, NULL),
(447, 'gbeeverbv', 'Gerda', 'Beever', 0, '5751 Transport Alley', '1983-12-08', '09487301288', 'gbeeverbv@lycos.com', 'EgaJDke', NULL, NULL, 0, 0, 0, 1, 'd64d64da0ba031c79df2f6d3c4a24f7c', '2019-10-08 08:31:17', '2019-01-04 03:10:05', 0, NULL),
(448, 'sclampebw', 'Stacie', 'Clampe', 1, '027 Glacier Hill Court', '1996-02-19', '0942-427-7154', 'sclampebw@sogou.com', 'Tp9h7Eeca0iF', NULL, NULL, 0, 0, 0, 1, 'd73475aff0917767ab278f3ea7176f2c', '2019-03-11 07:46:40', '2018-12-26 11:50:52', 0, NULL),
(449, 'fhakesbx', 'Florina', 'Hakes', 2, '12 Miller Road', '1977-05-19', '0968826-8143', 'fhakesbx@chronoengine.com', 'auKSIn1sHMIE', NULL, NULL, 0, 0, 0, 1, '259dbd4cb767026628774d0ab0cdd4f0', '2019-04-05 12:14:27', '2019-02-11 23:29:27', 0, NULL),
(450, 'ejerwoodby', 'Elizabet', 'Jerwood', 0, '5 Sachs Pass', '2006-11-21', '0978-014-6258', 'ejerwoodby@home.pl', 'oStiae4', NULL, NULL, 0, 0, 0, 1, '0143567ff3bedac6b0206eef9876b2ae', '2019-08-13 04:57:25', '2019-06-24 03:51:05', 0, NULL),
(451, 'blansdownebz', 'Bendick', 'Lansdowne', 1, '63 Mcbride Place', '2010-01-04', '0951-725-0837', 'blansdownebz@cornell.edu', 'w1N92jK0A0G4', NULL, NULL, 0, 0, 0, 1, 'e45afc7f53d35318adf4520a9c3c52d5', '2019-09-08 12:28:54', '2019-10-18 23:28:13', 0, NULL),
(452, 'tlardezc0', 'Tobiah', 'Lardez', 0, '5465 Golf Court', '1997-07-07', '09011202454', 'tlardezc0@icq.com', 'UrkIWxu5eqk', NULL, NULL, 0, 0, 0, 1, '7d04876dc77c36de0f7f29f5214ac759', '2018-12-14 22:30:35', '2019-03-31 23:48:53', 0, NULL),
(453, 'doppiec1', 'Davie', 'Oppie', 1, '9 Ronald Regan Junction', '2013-03-30', '0902102-7612', 'doppiec1@fema.gov', 'S1W6ayzhRoG', NULL, NULL, 0, 0, 0, 1, '705429f8868958f02397cce35a23c025', '2019-06-23 02:41:32', '2019-08-05 16:00:57', 0, NULL),
(454, 'edigmanc2', 'Elladine', 'Digman', 2, '6899 Brickson Park Parkway', '1996-08-18', '09696238928', 'edigmanc2@imgur.com', '5Lyq4j', NULL, NULL, 0, 0, 0, 1, '7296e17bcbcc58acac8bfcd8fe890e35', '2018-12-12 21:59:23', '2019-03-06 19:14:55', 0, NULL),
(455, 'rvaarc3', 'Redford', 'Vaar', 1, '8897 Golf View Crossing', '1976-12-17', '0923734-1833', 'rvaarc3@netvibes.com', 'I4hKD7HbfOd', NULL, NULL, 0, 0, 0, 1, 'e5f32c4a7a1fbc4a8ec5fd411ea4153d', '2019-01-10 09:03:11', '2019-05-11 22:34:26', 0, NULL),
(456, 'nstoyellc4', 'Nye', 'Stoyell', 0, '46 Hooker Street', '1988-07-07', '09305826481', 'nstoyellc4@sina.com.cn', 'qVcRSnIb4AA', NULL, NULL, 0, 0, 0, 1, '12d05500786b3cab90be55326d912ba7', '2019-06-17 00:53:22', '2019-05-31 09:43:17', 0, NULL),
(457, 'mbednallc5', 'Marabel', 'Bednall', 0, '504 Lakewood Gardens Drive', '2018-03-09', '0954-8179327', 'mbednallc5@github.com', '9FYJiEXOPSF', NULL, NULL, 0, 0, 0, 1, 'cebff83a46b079e6ab4d5cc7184b55b7', '2019-07-10 19:58:33', '2019-10-27 19:22:08', 0, NULL),
(458, 'adodsleyc6', 'Alvinia', 'Dodsley', 2, '6 Loomis Way', '1966-03-27', '0957-8324712', 'adodsleyc6@google.co.jp', '9QSFY05', NULL, NULL, 0, 0, 0, 1, '77457edbfe18cb36e0abf505a1106e76', '2019-03-03 22:12:42', '2019-05-20 21:41:31', 0, NULL),
(459, 'mpurdonc7', 'Martelle', 'Purdon', 2, '42360 Golf View Alley', '2009-12-19', '0996066-2690', 'mpurdonc7@creativecommons.org', 'v3k0KgmOKA', NULL, NULL, 0, 0, 0, 1, 'e9aed86b85920a5851dd5b0145c43fe1', '2018-11-10 09:47:11', '2019-08-14 23:41:29', 0, NULL),
(460, 'trubenchikc8', 'Terry', 'Rubenchik', 2, '03303 Valley Edge Pass', '1985-07-28', '0922091-2888', 'trubenchikc8@hao123.com', 'fnaZREX', NULL, NULL, 0, 0, 0, 1, '0ee9efc7a3b4a15a74a0ba5db46bd33d', '2019-01-16 14:16:04', '2019-09-22 13:53:29', 0, NULL),
(461, 'eohanessianc9', 'Edd', 'Ohanessian', 2, '76861 Novick Center', '1978-08-29', '0937-1722011', 'eohanessianc9@economist.com', 'JOY4vzHQOwDM', NULL, NULL, 0, 0, 0, 1, '6ae1d19894a01889f05aecb3bccb9234', '2019-06-03 18:45:49', '2018-12-07 17:11:40', 0, NULL),
(462, 'wjosephovca', 'Weber', 'Josephov', 1, '15 Cordelia Pass', '1987-02-20', '0963-849-7735', 'wjosephovca@1688.com', 'FqUUVb1FFr3', NULL, NULL, 0, 0, 0, 1, '639a061ee122631b1e4e88b184f00e1b', '2019-01-11 11:16:56', '2019-03-08 21:15:13', 0, NULL),
(463, 'cosmantcb', 'Claudina', 'Osmant', 2, '35 Fieldstone Terrace', '1978-05-12', '0939-9243531', 'cosmantcb@nba.com', '4TPFkVn', NULL, NULL, 0, 0, 0, 1, '8cc55214b6d7fee2bc95ecba85c4a70c', '2019-01-21 06:51:10', '2019-01-17 00:02:09', 0, NULL),
(464, 'aperoccicc', 'Alford', 'Perocci', 0, '6 Mesta Alley', '1981-06-20', '0966-621-0671', 'aperoccicc@wufoo.com', 'xfNCJfcH', NULL, NULL, 0, 0, 0, 1, 'a6aabdf437fa5a4aa62798bc3c7f6533', '2019-03-27 21:52:28', '2019-08-31 02:20:05', 0, NULL),
(465, 'wbattillcd', 'Wilone', 'Battill', 2, '7689 Fairfield Alley', '1994-02-16', '0904-6689768', 'wbattillcd@behance.net', 'hJvdR9oGEGDf', NULL, NULL, 0, 0, 0, 1, '7a467792dd841f99d897c220f8b2d092', '2019-05-12 14:18:53', '2019-09-30 06:00:54', 0, NULL),
(466, 'udanforthce', 'Una', 'Danforth', 0, '32946 Dakota Point', '2018-07-20', '0924699-1977', 'udanforthce@networksolutions.com', 'hSVi2xAyg6iz', NULL, NULL, 0, 0, 0, 1, '5b4142ab9e47c6858ca36d981223ee60', '2019-01-25 04:53:04', '2019-04-27 20:04:41', 0, NULL),
(467, 'lhugnincf', 'Lori', 'Hugnin', 1, '7904 Sugar Alley', '2013-04-09', '09870407760', 'lhugnincf@1688.com', 'Vag4SsnE', NULL, NULL, 0, 0, 0, 1, 'a35cad7db1f17c6ebc91fce5366429e9', '2019-08-13 18:09:54', '2019-06-26 14:38:11', 0, NULL),
(468, 'tbenwellcg', 'Tallie', 'Benwell', 0, '20 John Wall Junction', '2013-05-31', '09161548870', 'tbenwellcg@desdev.cn', 'm6zjGZx4PsJ', NULL, NULL, 0, 0, 0, 1, '341d67427f01d83043e3bbbd00de9137', '2018-11-14 22:26:02', '2019-10-13 09:59:26', 0, NULL),
(469, 'jeisakch', 'Jessi', 'Eisak', 0, '5 Green Ridge Terrace', '2010-07-24', '0947-211-7157', 'jeisakch@technorati.com', 'nBc79sh', NULL, NULL, 0, 0, 0, 1, '95692c572f459f2ea9c9f0f9509072f8', '2019-07-31 01:19:49', '2019-09-08 04:38:56', 0, NULL),
(470, 'rhartrightci', 'Rosalie', 'Hartright', 2, '9 Holy Cross Parkway', '1998-07-12', '0949158-2137', 'rhartrightci@shinystat.com', '7DSggjSKI', NULL, NULL, 0, 0, 0, 1, '1889413c4d6a911a48ee8f08e6fa7ece', '2018-11-19 04:48:17', '2019-08-16 03:54:45', 0, NULL),
(471, 'ewinfreycj', 'Emile', 'Winfrey', 2, '34012 Grasskamp Road', '2003-10-31', '0953-019-2832', 'ewinfreycj@themeforest.net', 'tK5Y3Saz', NULL, NULL, 0, 0, 0, 1, 'de5dee4e4e9a0a875910d008434b5c41', '2019-08-25 14:29:39', '2019-05-30 07:21:29', 0, NULL),
(472, 'acranidgeck', 'Arty', 'Cranidge', 2, '4543 Sutherland Street', '2002-05-15', '09338290652', 'acranidgeck@chron.com', 'oneE58y8EpT', NULL, NULL, 0, 0, 0, 1, '2c815a3cc4dee7d7b5048390a2cd37e9', '2019-04-20 09:26:35', '2019-10-04 09:20:42', 0, NULL),
(473, 'amcdadecl', 'Ailene', 'McDade', 0, '12721 Hallows Terrace', '1978-08-11', '0906-992-3311', 'amcdadecl@godaddy.com', 'WhDlQ84xk', NULL, NULL, 0, 0, 0, 1, '8e66746a951ef395bfe4fcfcaee7a554', '2019-03-30 19:41:57', '2019-01-05 08:51:20', 0, NULL),
(474, 'aleedscm', 'Alphonso', 'Leeds', 2, '48804 Gina Junction', '1996-12-04', '09470884062', 'aleedscm@godaddy.com', 'anMdZwRN', NULL, NULL, 0, 0, 0, 1, 'aa8658d0973c6204aa676a782dee4c91', '2018-11-22 07:17:14', '2019-08-12 02:24:26', 0, NULL),
(475, 'blacknorcn', 'Benedikta', 'Lacknor', 1, '67331 Hintze Parkway', '1974-07-11', '0977-108-9855', 'blacknorcn@ning.com', 'FAfW99yKwulc', NULL, NULL, 0, 0, 0, 1, '0607ead11f7e9bc9be1dcef246eafce3', '2019-07-19 18:25:29', '2018-10-30 12:45:22', 0, NULL),
(476, 'atownsco', 'Alonso', 'Towns', 0, '2954 Trailsway Avenue', '1991-11-01', '09956457551', 'atownsco@ning.com', '8596LK', NULL, NULL, 0, 0, 0, 1, '257651f653007dc51730953a884c7b3d', '2018-12-27 22:22:44', '2019-02-23 19:32:54', 0, NULL),
(477, 'slevenskycp', 'Stephi', 'Levensky', 2, '49 Judy Park', '1988-08-06', '0901-984-1473', 'slevenskycp@last.fm', '28JehtJViLhb', NULL, NULL, 0, 0, 0, 1, 'eda6a2a12375036f0ba9a65a5fead909', '2019-02-05 20:29:00', '2019-06-19 10:24:57', 0, NULL),
(478, 'iestablecq', 'Ingar', 'Estable', 2, '25 Utah Trail', '2006-08-02', '0950406-9308', 'iestablecq@woothemes.com', 'ng9CAiEDS0D', NULL, NULL, 0, 0, 0, 1, 'b537d7885c8ab187402af6b4efb94db0', '2019-10-10 03:45:42', '2019-09-07 15:53:55', 0, NULL),
(479, 'cmcsaulcr', 'Catharine', 'McSaul', 1, '7498 Express Park', '1999-05-31', '09406884323', 'cmcsaulcr@smugmug.com', 'WbiTK3A', NULL, NULL, 0, 0, 0, 1, '8489890ba05f3e020b9225045a240369', '2019-01-24 12:16:41', '2019-10-06 10:25:58', 0, NULL),
(480, 'ztomaszewskics', 'Zelma', 'Tomaszewski', 2, '09867 Marquette Place', '2001-05-22', '09634070235', 'ztomaszewskics@wordpress.com', 'rcZoPY', NULL, NULL, 0, 0, 0, 1, 'fbdc3b75a085d47b4663abc999928dbc', '2018-11-22 05:15:03', '2019-10-08 10:29:59', 0, NULL),
(481, 'rgilardonect', 'Roch', 'Gilardone', 0, '0 Sycamore Pass', '1975-04-23', '09126357686', 'rgilardonect@state.tx.us', 'Dh4pEot', NULL, NULL, 0, 0, 0, 1, '021d104bfba660e3869be5226c516660', '2019-05-30 06:07:44', '2019-02-16 16:42:13', 0, NULL),
(482, 'tloneycu', 'Timmie', 'Loney', 0, '8599 Colorado Place', '2003-07-18', '0958-4354475', 'tloneycu@blogspot.com', 'jOY4nD', NULL, NULL, 0, 0, 0, 1, '8693853902b24e86193bcca978ebbdad', '2019-10-25 10:58:59', '2019-08-29 09:58:04', 0, NULL),
(483, 'jcaddiecv', 'Justine', 'Caddie', 2, '8 Sachtjen Center', '1992-11-12', '09466094777', 'jcaddiecv@blogger.com', 'icOPAz', NULL, NULL, 0, 0, 0, 1, '09dce1c09dc8f6e2aa798baa839d0124', '2019-02-10 16:43:43', '2019-10-22 09:22:16', 0, NULL),
(484, 'tpentecustcw', 'Tasia', 'Pentecust', 1, '8 Starling Court', '2008-08-31', '0995967-3543', 'tpentecustcw@salon.com', 'wRZpmiQ', NULL, NULL, 0, 0, 0, 1, '5a28cf79bac0e44a72b99b49f2efa27f', '2019-10-09 12:39:31', '2019-02-22 07:03:39', 0, NULL),
(485, 'abrownseacx', 'Almeta', 'Brownsea', 2, '75558 Parkside Drive', '1985-03-02', '09027879337', 'abrownseacx@google.it', 'H6BEG702lw', NULL, NULL, 0, 0, 0, 1, 'ff78d1b86d34ee16220099f614dbbb7f', '2019-07-14 17:27:38', '2019-04-16 21:59:07', 0, NULL),
(486, 'jmargueritecy', 'Jeannie', 'Marguerite', 2, '33 Dawn Center', '2003-01-15', '0973-292-7451', 'jmargueritecy@studiopress.com', 'Sz9IBTtR8fTB', NULL, NULL, 0, 0, 0, 1, '4623db7479723d7ea1ebc18ab1139695', '2019-09-20 05:28:29', '2019-02-07 06:01:18', 0, NULL),
(487, 'straverscz', 'Saba', 'Travers', 1, '7836 Eggendart Crossing', '1981-12-21', '0996-992-8384', 'straverscz@themeforest.net', 'XaciKyE4G', NULL, NULL, 0, 0, 0, 1, 'e8d45da986cf8bbaa7e49b5035dc2988', '2019-01-05 00:28:19', '2019-07-19 00:10:56', 0, NULL),
(488, 'dfilinkovd0', 'Delia', 'Filinkov', 1, '68 Hagan Lane', '2006-09-19', '09342544733', 'dfilinkovd0@lulu.com', '6KU1hdSA', NULL, NULL, 0, 0, 0, 1, 'bcdb73dac28a743117667e80b0cc0565', '2019-02-17 21:05:31', '2019-01-23 03:46:39', 0, NULL),
(489, 'mtaggertyd1', 'Millard', 'Taggerty', 0, '59 Claremont Plaza', '2018-04-16', '09804079328', 'mtaggertyd1@blogs.com', 'dOnIfcqIhAk', NULL, NULL, 0, 0, 0, 1, '5b8260e3f07848199a7e473317fa6ba8', '2019-05-20 11:20:11', '2019-06-19 01:10:01', 0, NULL),
(490, 'seyreed2', 'Sidnee', 'Eyree', 1, '05410 Westridge Hill', '1989-12-04', '0927-5236461', 'seyreed2@google.pl', 'ISf2L5', NULL, NULL, 0, 0, 0, 1, '37d6911a9f7dd1cf2f576b1c8cc6e6d1', '2019-08-21 10:48:32', '2019-07-17 04:47:47', 0, NULL),
(491, 'telhamd3', 'Teri', 'Elham', 2, '42617 Shopko Parkway', '2002-07-06', '09396588396', 'telhamd3@irs.gov', 'PvpDmYKvin', NULL, NULL, 0, 0, 0, 1, '0019e9d80f8b013e186b3c0d96f15251', '2019-07-02 17:52:49', '2019-07-21 14:30:05', 0, NULL),
(492, 'vwilsed4', 'Valentia', 'Wilse', 1, '72303 Hoffman Road', '1968-05-03', '0976-5781225', 'vwilsed4@nature.com', '5LbL9YCb', NULL, NULL, 0, 0, 0, 1, 'a593d9ed204744eb802c11402c9024b2', '2019-05-28 08:30:34', '2019-10-11 11:34:26', 0, NULL),
(493, 'bfantonettid5', 'Billi', 'Fantonetti', 2, '5 Surrey Terrace', '2004-02-18', '0950-7395068', 'bfantonettid5@accuweather.com', 'qJIj1xiXRjoV', NULL, NULL, 0, 0, 0, 1, 'daa6404524c7d511593d740f882715e8', '2019-01-22 22:16:37', '2018-12-03 21:19:39', 0, NULL),
(494, 'ohusterd6', 'Ossie', 'Huster', 2, '3 Annamark Junction', '2000-07-05', '0984-1501239', 'ohusterd6@cpanel.net', 'LsAj4Mube', NULL, NULL, 0, 0, 0, 1, 'f27759f7736f0a5245fb78264262a16a', '2019-03-23 10:35:03', '2018-11-01 17:22:26', 0, NULL),
(495, 'agiorginid7', 'Alyse', 'Giorgini', 2, '18 Butterfield Parkway', '1997-04-28', '0993-4092677', 'agiorginid7@loc.gov', 'eR6EryE7IGLh', NULL, NULL, 0, 0, 0, 1, 'e8099a83be836f8d5014ea40363133d8', '2019-09-11 07:11:43', '2019-06-25 09:52:57', 0, NULL),
(496, 'tvallintined8', 'Tasha', 'Vallintine', 1, '6948 Thierer Alley', '1984-08-07', '09867553190', 'tvallintined8@usatoday.com', 'qL6gAV6o9l1O', NULL, NULL, 0, 0, 0, 1, 'a90e3e99ce986d82a668a59ccbbc8e29', '2019-03-18 22:27:17', '2019-10-08 18:49:15', 0, NULL),
(497, 'tdonneelyd9', 'Thorvald', 'Donneely', 1, '616 Lawn Trail', '2010-09-02', '0985-5563265', 'tdonneelyd9@comcast.net', 'XFj9fN', NULL, NULL, 0, 0, 0, 1, '59f5db8f63d028fc2f52bd91dc4798df', '2019-05-05 12:29:50', '2019-05-13 18:16:45', 0, NULL),
(498, 'pohenehanda', 'Pru', 'O\'Henehan', 2, '8 Nelson Park', '1970-11-29', '0987-1736878', 'pohenehanda@qq.com', '00IXsQqwziL', NULL, NULL, 0, 0, 0, 1, '063eb90d17c0b6d49afd328092cd96e3', '2018-11-10 11:19:24', '2019-03-16 16:07:26', 0, NULL),
(499, 'hantleydb', 'Howie', 'Antley', 0, '69110 Corry Lane', '2005-01-30', '0953-7069834', 'hantleydb@reddit.com', 'UT5YZ9S', NULL, NULL, 0, 0, 0, 1, '6634158a1cc5e4c3de2e9479b2ae932c', '2019-08-16 09:13:01', '2019-04-03 22:06:50', 0, NULL),
(500, 'ldublindc', 'Leisha', 'Dublin', 1, '87 Hudson Drive', '2011-10-03', '0908-0689153', 'ldublindc@nature.com', 'qfQN5TmI', NULL, NULL, 0, 0, 0, 1, 'df172e083599c9366c9a8688a6cc31f0', '2019-04-14 11:55:53', '2019-09-21 02:40:14', 0, NULL),
(501, 'abuffdd', 'Amos', 'Buff', 0, '36687 Dwight Park', '2017-03-26', '0997497-7080', 'abuffdd@istockphoto.com', 'iKCw2XvoOwIZ', NULL, NULL, 0, 0, 0, 1, '0d2370440de80730fa97d25a6f16009a', '2018-12-11 02:34:26', '2019-05-07 00:39:00', 0, NULL),
(502, 'kdevereude', 'Kaylil', 'Devereu', 1, '32151 Cascade Center', '1979-01-17', '0961-0375136', 'kdevereude@list-manage.com', 'bc2pfvDdMeIy', NULL, NULL, 0, 0, 0, 1, '78845a6aed32ae56fda3b33acd54fed9', '2019-02-28 17:26:13', '2019-10-08 06:42:35', 0, NULL),
(503, 'awarstalldf', 'Arabele', 'Warstall', 2, '2141 Parkside Park', '2008-11-27', '09092109412', 'awarstalldf@yahoo.com', 'EwSGuVkyq', NULL, NULL, 0, 0, 0, 1, 'c5368437577260c87c6b80ec9ce2770c', '2019-10-24 07:02:46', '2019-03-19 05:50:35', 0, NULL),
(504, 'bnicelydg', 'Berri', 'Nicely', 0, '33 Tomscot Hill', '1992-12-25', '0996-181-4979', 'bnicelydg@rediff.com', 'bqN0BR9FFAcI', NULL, NULL, 0, 0, 0, 1, 'ceffa5df125bda7e1c684f0040fad71c', '2019-05-02 16:57:42', '2019-04-30 14:38:26', 0, NULL),
(505, 'cbaudinellidh', 'Catherine', 'Baudinelli', 1, '666 Killdeer Street', '1995-07-19', '0997660-5452', 'cbaudinellidh@prnewswire.com', 'DUtPA3MY9sUs', NULL, NULL, 0, 0, 0, 1, '4428c8f0d141710ec0f6526ebb1df9ab', '2019-07-27 12:10:17', '2019-08-13 03:55:20', 0, NULL),
(506, 'ggypsondi', 'Gusti', 'Gypson', 0, '2975 Carey Parkway', '1984-06-01', '0906-1804997', 'ggypsondi@foxnews.com', 'Yi32eVUuX', NULL, NULL, 0, 0, 0, 1, 'cda8ab9cef482bada44249435ceca498', '2019-09-13 23:48:52', '2019-10-13 17:58:10', 0, NULL),
(507, 'kpilkintondj', 'Katharyn', 'Pilkinton', 0, '633 Oxford Center', '1980-06-21', '0986-650-9008', 'kpilkintondj@omniture.com', 'dtjm3PVufA', NULL, NULL, 0, 0, 0, 1, 'cefd9e90d5e661a708986ab2aaba2af9', '2019-03-12 18:26:42', '2019-01-22 01:04:17', 0, NULL),
(508, 'tmonktondk', 'Twyla', 'Monkton', 2, '244 Prairieview Pass', '1984-10-29', '09962210575', 'tmonktondk@latimes.com', 'dLTwMjoGi2', NULL, NULL, 0, 0, 0, 1, 'e6d8543d8a733a7175f2ab402db7bc8a', '2019-03-22 13:51:14', '2018-11-23 01:31:32', 0, NULL),
(509, 'fatlingdl', 'Fawne', 'Atling', 0, '97301 Armistice Place', '1996-09-22', '0964-4693970', 'fatlingdl@live.com', 'zbmjE46Yfe4y', NULL, NULL, 0, 0, 0, 1, 'f04f1775ef42de3ee1e1d4a104aa063f', '2019-10-20 18:37:36', '2019-05-10 05:18:18', 0, NULL),
(510, 'ysweetmandm', 'Ynes', 'Sweetman', 2, '02 Mayer Alley', '1983-11-22', '0921-7541446', 'ysweetmandm@kickstarter.com', 'bcZcD3F8eN', NULL, NULL, 0, 0, 0, 1, '0ec6cada6ecb22272b5e51098d4115cc', '2018-11-23 06:44:20', '2019-02-07 05:57:59', 0, NULL),
(511, 'mfaulconbridgedn', 'Maximilian', 'Faulconbridge', 1, '16 Sloan Terrace', '1976-03-24', '09891896677', 'mfaulconbridgedn@goo.gl', 'VgQPF1TPPbs', NULL, NULL, 0, 0, 0, 1, '76d4f0e9151e1e99583652a7b81ada48', '2018-12-31 16:42:22', '2019-03-13 21:05:14', 0, NULL),
(512, 'dswiresdo', 'Dayle', 'Swires', 0, '8548 Monument Way', '1986-01-23', '0960-871-4067', 'dswiresdo@cnbc.com', '5kWWb1JUCCMJ', NULL, NULL, 0, 0, 0, 1, '8cc9af1e1ae50063a184cf11cc6ba23d', '2018-11-03 02:59:29', '2019-09-17 01:49:16', 0, NULL),
(513, 'sbleezedp', 'Stefa', 'Bleeze', 1, '86938 Scofield Parkway', '1994-12-24', '0948-522-3014', 'sbleezedp@alibaba.com', 'nrE7pP', NULL, NULL, 0, 0, 0, 1, '50d60d029a028ea61691b8ea45df0200', '2019-06-30 05:19:59', '2019-01-04 23:41:24', 0, NULL),
(514, 'jritzmandq', 'Jens', 'Ritzman', 1, '0 Chinook Place', '2001-09-30', '0913-376-5947', 'jritzmandq@dropbox.com', 'AkAugm2', NULL, NULL, 0, 0, 0, 1, '7c2942d412d53eedd3432d22744a8d11', '2019-07-08 16:54:34', '2019-05-24 16:11:42', 0, NULL),
(515, 'zbowderydr', 'Zacharias', 'Bowdery', 2, '55 Hoepker Street', '1986-12-12', '0958-645-0450', 'zbowderydr@mapy.cz', 'N3rAK6', NULL, NULL, 0, 0, 0, 1, '9d9a231a9de82b8943a3e41951688331', '2019-02-04 17:33:14', '2019-10-14 02:55:19', 0, NULL),
(516, 'kkemstonds', 'Kristina', 'Kemston', 1, '0623 Rigney Center', '2017-07-31', '0923-6950091', 'kkemstonds@mac.com', 'qYFJX2qJ', NULL, NULL, 0, 0, 0, 1, 'db73017e1131065b481a27c9cdecfa6c', '2019-03-01 19:30:03', '2019-06-23 06:33:50', 0, NULL),
(517, 'egreensteaddt', 'Erda', 'Greenstead', 0, '1 Hudson Trail', '1999-05-27', '0974077-7767', 'egreensteaddt@gnu.org', 'AB7Zsgf6', NULL, NULL, 0, 0, 0, 1, 'c35fa9090bc38cf47bc92be6b88192ed', '2019-08-26 18:59:08', '2019-03-27 03:18:56', 0, NULL),
(518, 'mtaylourdu', 'Mame', 'Taylour', 0, '7051 Ridge Oak Avenue', '1966-10-29', '0985328-2683', 'mtaylourdu@bloglovin.com', 'o2UqMLZOrqHC', NULL, NULL, 0, 0, 0, 1, '430fdba914e79346befbf7069f5e68af', '2018-11-11 10:34:14', '2019-07-30 16:31:23', 0, NULL),
(519, 'nblenkensopdv', 'Nydia', 'Blenkensop', 2, '62105 Longview Crossing', '1991-04-26', '0934-077-6478', 'nblenkensopdv@intel.com', '3sZxpM', NULL, NULL, 0, 0, 0, 1, '5b9d2ad975933d7ca74f11eff5f72096', '2019-09-15 15:21:43', '2019-02-15 06:49:53', 0, NULL),
(520, 'hbenezdw', 'Hieronymus', 'Benez', 0, '364 Ridgeway Point', '1977-06-10', '0954-4656142', 'hbenezdw@mit.edu', 'ygC6zhYeP', NULL, NULL, 0, 0, 0, 1, '3f69a01b095828c2acadd1a33f4e2892', '2019-02-05 17:56:57', '2019-01-17 20:07:11', 0, NULL),
(521, 'bcorpedx', 'Benedick', 'Corpe', 2, '50386 Farragut Hill', '1976-11-14', '09379436731', 'bcorpedx@topsy.com', 'Hxvn2nzf5dTz', NULL, NULL, 0, 0, 0, 1, '41f6ad388a678cd1ca5ef0413c44ef98', '2019-02-15 22:58:02', '2019-03-11 16:04:09', 0, NULL),
(522, 'kkleinberdy', 'Kelci', 'Kleinber', 2, '39011 Gateway Plaza', '2007-07-26', '09095114298', 'kkleinberdy@trellian.com', 'TZReew', NULL, NULL, 0, 0, 0, 1, '2c18f0508fda25398d5abb3f3005af2c', '2019-10-27 04:07:36', '2019-04-15 09:11:24', 0, NULL),
(523, 'iflatmandz', 'Ivette', 'Flatman', 0, '24582 Sunbrook Junction', '1991-04-22', '0926-000-2171', 'iflatmandz@51.la', 'IpsNyQ', NULL, NULL, 0, 0, 0, 1, '9d84655b371a2299fcaa93d30e5e921d', '2019-06-07 06:47:16', '2019-05-11 00:02:31', 0, NULL),
(524, 'bgilffillande0', 'Boothe', 'Gilffilland', 0, '302 Lillian Park', '1966-11-29', '0914125-9942', 'bgilffillande0@purevolume.com', 'RU5SLmrIw', NULL, NULL, 0, 0, 0, 1, '17ceff01f3954451b3f33bdcbe1a33f8', '2019-05-08 23:50:32', '2019-03-08 01:49:54', 0, NULL),
(525, 'escrivere1', 'Edsel', 'Scriver', 2, '9 Claremont Drive', '1979-06-13', '09476373618', 'escrivere1@mail.ru', '3NUKEva9HeV', NULL, NULL, 0, 0, 0, 1, 'cbee91ddc34d8a45224bfaf4ab01fc8c', '2019-10-10 00:39:39', '2018-11-18 08:09:49', 0, NULL),
(526, 'rirnise2', 'Randolf', 'Irnis', 2, '7679 Hoard Hill', '1983-01-22', '0963-9427529', 'rirnise2@goo.ne.jp', 'eqHE2nu', NULL, NULL, 0, 0, 0, 1, 'f3f6e9ccd354064c9c54d8e941f13958', '2019-01-30 23:23:00', '2019-06-16 14:45:54', 0, NULL),
(527, 'hrzehorze3', 'Hillary', 'Rzehorz', 1, '6900 Paget Street', '2011-03-16', '0937-461-4615', 'hrzehorze3@nih.gov', 'DlqKt2sVNiMK', NULL, NULL, 0, 0, 0, 1, 'c2552e32f4c067e9c6ac08cedf4fefbb', '2018-12-22 18:05:01', '2019-04-22 13:35:21', 0, NULL),
(528, 'pwilshiree4', 'Petronella', 'Wilshire', 1, '303 Loftsgordon Lane', '2014-07-27', '0960-1985336', 'pwilshiree4@sitemeter.com', 'lKMu4X', NULL, NULL, 0, 0, 0, 1, '0924e27e2c6e576b26ffae2b92bc8d35', '2019-08-11 05:04:24', '2019-04-27 22:49:26', 0, NULL),
(529, 'mmendoncae5', 'Miltie', 'Mendonca', 1, '9305 Golf Terrace', '1997-11-01', '09651858642', 'mmendoncae5@oakley.com', 'mQ3oGIxXb5tC', NULL, NULL, 0, 0, 0, 1, '7f211314758f3ec71fed36da37542773', '2019-04-07 11:07:23', '2019-06-03 06:20:13', 0, NULL),
(530, 'gbotee6', 'Gib', 'Bote', 0, '4 Tennessee Lane', '1985-07-30', '0914-225-5128', 'gbotee6@mail.ru', '1dUryOqe7GX', NULL, NULL, 0, 0, 0, 1, '5e5d98cd12d8956de0dc319fc77817fd', '2019-01-21 09:35:48', '2019-01-27 05:13:51', 0, NULL),
(531, 'zmccarlee7', 'Zara', 'McCarle', 2, '9715 Helena Hill', '1971-08-28', '0994-310-1219', 'zmccarlee7@barnesandnoble.com', 'xEpVtcCu', NULL, NULL, 0, 0, 0, 1, '0e40476d836f8c713d0f330c807e02c7', '2018-11-15 13:38:02', '2019-10-13 22:16:41', 0, NULL),
(532, 'blidgeye8', 'Betti', 'Lidgey', 0, '44538 Scofield Trail', '1980-01-04', '0968-809-0877', 'blidgeye8@reverbnation.com', 'pX7TCFp', NULL, NULL, 0, 0, 0, 1, '44ec97a74e65bda962f93a80871f27f4', '2019-03-03 17:09:32', '2019-10-05 09:36:42', 0, NULL),
(533, 'sdiroccae9', 'Shelba', 'di Rocca', 0, '6395 Ridgeway Parkway', '2000-11-12', '0986-3963910', 'sdiroccae9@issuu.com', 'MXwmMeaBNBc9', NULL, NULL, 0, 0, 0, 1, '49e3b4f069af20f21148f1ecd277f061', '2019-03-09 03:14:37', '2018-11-19 17:49:34', 0, NULL),
(534, 'jreymersea', 'Jarid', 'Reymers', 0, '7793 Lake View Way', '1970-04-15', '0928-083-5950', 'jreymersea@si.edu', 'yDfdGhgs', NULL, NULL, 0, 0, 0, 1, 'b02353cf9ea848311dba8796b70e3745', '2019-09-29 13:32:51', '2019-01-15 19:28:30', 0, NULL),
(535, 'rreameseb', 'Rollin', 'Reames', 2, '5 Huxley Circle', '2017-01-31', '0951171-2568', 'rreameseb@dagondesign.com', 'Lv6nCzQ7', NULL, NULL, 0, 0, 0, 1, '6854357e7d8246c8bd6551f28e8e6233', '2019-08-15 22:03:54', '2019-08-31 22:02:55', 0, NULL),
(536, 'rhillyattec', 'Rafaelita', 'Hillyatt', 0, '58148 Ridge Oak Point', '1983-03-30', '0996-7854172', 'rhillyattec@zdnet.com', 'oZQeQBIKrj5S', NULL, NULL, 0, 0, 0, 1, '10efda565b255f25e4fe7c5166dbc5df', '2019-05-18 22:04:53', '2019-02-04 02:21:16', 0, NULL),
(537, 'darrelled', 'Debbi', 'Arrell', 1, '46 Ilene Park', '1979-03-18', '0923-504-2051', 'darrelled@ft.com', 'uJsiNp1R57Y', NULL, NULL, 0, 0, 0, 1, 'e815ead55598e6c163ce926365264aff', '2018-10-31 10:37:55', '2019-04-14 09:17:59', 0, NULL),
(538, 'dblazeee', 'Devina', 'Blaze', 2, '8784 Grover Avenue', '2018-11-21', '09229243663', 'dblazeee@taobao.com', 'as4WK10jj', NULL, NULL, 0, 0, 0, 1, 'c9e82714cbb78df3fd8987800c6753b0', '2018-11-29 05:02:42', '2019-08-24 17:22:55', 0, NULL),
(539, 'lpickersgillef', 'Lyon', 'Pickersgill', 1, '8 Declaration Parkway', '1994-07-01', '09690488676', 'lpickersgillef@pbs.org', 'TxefzVek', NULL, NULL, 0, 0, 0, 1, '697a62677a209695280962cc53e330f9', '2019-06-07 01:29:14', '2019-01-09 01:33:40', 0, NULL),
(540, 'lfurseeg', 'Linus', 'Furse', 1, '40 Rutledge Alley', '1974-06-29', '0957-701-4044', 'lfurseeg@jiathis.com', 'dFVXvblCOP', NULL, NULL, 0, 0, 0, 1, '5bbb470bd9c9778e62cb8ae8adffe0f5', '2018-11-21 06:14:46', '2019-03-20 05:44:53', 0, NULL),
(541, 'yraiteh', 'Yuri', 'Rait', 0, '31 Prairie Rose Crossing', '2016-04-16', '0978-3129139', 'yraiteh@sina.com.cn', 'j6IwtWB', NULL, NULL, 0, 0, 0, 1, '0ffea2e8ea4c0cbaf0438b72ee544359', '2019-01-18 01:57:52', '2019-05-15 05:27:14', 0, NULL),
(542, 'agavrieliei', 'Anallese', 'Gavrieli', 2, '23 Warner Park', '2001-04-15', '0909-178-0447', 'agavrieliei@techcrunch.com', '3npazGg', NULL, NULL, 0, 0, 0, 1, 'f1dc9e92fec33f999a833c3fca8e98fc', '2019-09-08 14:53:31', '2019-01-06 17:55:39', 0, NULL),
(543, 'ctebbutej', 'Cooper', 'Tebbut', 2, '2 Crest Line Alley', '1991-05-18', '0904272-0606', 'ctebbutej@gnu.org', 'GYLCJPd', NULL, NULL, 0, 0, 0, 1, 'eeb6977160ac2deb296ef9e85a952f93', '2019-02-24 17:21:36', '2019-03-28 02:15:04', 0, NULL),
(544, 'cminnisek', 'Cyndi', 'Minnis', 2, '988 Kingsford Crossing', '2016-09-28', '09191822362', 'cminnisek@statcounter.com', 'dBkQXVS5', NULL, NULL, 0, 0, 0, 1, '491575f2a5a920c30b1c717e249dbf82', '2019-01-14 14:08:21', '2019-02-22 16:59:55', 0, NULL),
(545, 'lconnockel', 'Lavinie', 'Connock', 2, '06 Hallows Pass', '2012-02-27', '09566417186', 'lconnockel@reverbnation.com', 'iURY7w', NULL, NULL, 0, 0, 0, 1, 'f5787805c14a88ec4e899959b53987fa', '2019-06-27 08:25:31', '2019-09-13 17:30:49', 0, NULL),
(546, 'mcomstyem', 'Munmro', 'Comsty', 0, '20 Dorton Hill', '1985-06-11', '0987835-7141', 'mcomstyem@jigsy.com', 'Z09bhIYj', NULL, NULL, 0, 0, 0, 1, '2a7d1f6bdc02492c1444af61671b7fef', '2019-09-09 12:37:12', '2019-02-03 16:18:44', 0, NULL),
(547, 'emaccomeen', 'Enos', 'MacCome', 0, '83 Del Mar Court', '1969-02-28', '09844696706', 'emaccomeen@fotki.com', 'g8orBrX', NULL, NULL, 0, 0, 0, 1, 'fb8070390b22e5f507920ca6da17fd2a', '2018-11-21 11:52:03', '2019-02-12 00:07:26', 0, NULL),
(548, 'jdilloneo', 'Josy', 'Dillon', 1, '13217 Onsgard Alley', '2007-10-08', '0929597-3666', 'jdilloneo@zdnet.com', 'kYf0ZqDF', NULL, NULL, 0, 0, 0, 1, '408696179e9ddb641e1220d9ee5d404f', '2018-11-25 09:23:41', '2019-04-25 09:32:11', 0, NULL),
(549, 'nwhitelockep', 'Nick', 'Whitelock', 2, '17769 Loftsgordon Lane', '1991-09-13', '0919-406-7032', 'nwhitelockep@webeden.co.uk', 'gEBluYUSXwH', NULL, NULL, 0, 0, 0, 1, '30fc23c3b4a7bee161d0a48ecae3eec3', '2019-04-03 02:02:31', '2019-10-10 08:41:04', 0, NULL),
(550, 'tpadulaeq', 'Thom', 'Padula', 1, '5386 Hansons Trail', '1991-08-11', '09741397488', 'tpadulaeq@deliciousdays.com', 'lGPVkBqVD6x', NULL, NULL, 0, 0, 0, 1, '07232e41e49d76776d042f5d4b5615df', '2019-09-14 11:02:17', '2019-08-05 03:50:15', 0, NULL),
(551, 'sblagueer', 'Sela', 'Blague', 2, '24 Del Sol Center', '1997-09-11', '0932-5585704', 'sblagueer@cornell.edu', 'bSv0lwtHBBI3', NULL, NULL, 0, 0, 0, 1, 'd3323a96378173dd5097a801c3472fdc', '2019-04-26 05:37:01', '2019-08-20 06:29:35', 0, NULL),
(552, 'jhabbenes', 'Julietta', 'Habben', 0, '3704 Arrowood Avenue', '1983-10-10', '0901-941-1448', 'jhabbenes@youtube.com', '2NQDZZBPrdF', NULL, NULL, 0, 0, 0, 1, '87f8f87894061217f19e47b65ffdefbb', '2019-09-18 18:52:55', '2019-05-01 12:35:40', 0, NULL),
(553, 'wcarlemanet', 'Wald', 'Carleman', 1, '2223 Cardinal Alley', '1977-01-27', '0931033-9184', 'wcarlemanet@desdev.cn', 'Zd3y7oYuqSLe', NULL, NULL, 0, 0, 0, 1, '1d7bb0f1be88c9d439224daeb8a602ec', '2019-03-07 22:25:48', '2019-01-22 01:42:01', 0, NULL),
(554, 'jmorleu', 'Jobie', 'Morl', 0, '41371 Walton Circle', '2016-01-23', '0935767-5399', 'jmorleu@netvibes.com', 'V0kbNblQI9wv', NULL, NULL, 0, 0, 0, 1, '0f8c24d1ccfeb26e5aa2630d859c89ed', '2019-08-17 19:01:30', '2019-10-06 21:05:53', 0, NULL),
(555, 'ffairleighev', 'Fayina', 'Fairleigh', 1, '8 Northwestern Park', '1976-04-07', '09134625914', 'ffairleighev@imdb.com', 'au6qNppk', NULL, NULL, 0, 0, 0, 1, '561b62bb9292663fb27c09e73e3587df', '2019-07-12 13:13:50', '2019-04-05 23:26:52', 0, NULL),
(556, 'ngaggenew', 'Nathanil', 'Gaggen', 2, '51 Lake View Terrace', '2000-11-23', '0960-7789185', 'ngaggenew@cam.ac.uk', 'aioHAo3SkPz9', NULL, NULL, 0, 0, 0, 1, 'f1a19885b4be01d2123b9950ca653b82', '2019-04-04 02:09:56', '2019-03-04 19:26:21', 0, NULL),
(557, 'raimeex', 'Regan', 'Aime', 2, '537 Mitchell Road', '2005-07-21', '0955-765-9725', 'raimeex@goo.ne.jp', '2SuKiQ', NULL, NULL, 0, 0, 0, 1, '93f1e2e16494fea1b98c9db8da34f397', '2019-07-18 23:39:44', '2019-01-25 16:19:42', 0, NULL),
(558, 'tolohaney', 'Timmy', 'Olohan', 2, '507 Declaration Junction', '1979-10-13', '0929985-7357', 'tolohaney@google.co.uk', 'pZIG5LXG', NULL, NULL, 0, 0, 0, 1, 'b6b5590ce5ee4a258c0b50544420527c', '2019-08-24 07:28:17', '2019-09-24 05:51:09', 0, NULL),
(559, 'mmcalessez', 'Mordecai', 'McAless', 2, '90 Fremont Crossing', '1993-06-25', '09005060703', 'mmcalessez@shareasale.com', 'uOVD3CTvA7H', NULL, NULL, 0, 0, 0, 1, '2b38c76144571ba2351d72d9488f1e97', '2019-01-12 00:51:54', '2019-05-26 03:58:30', 0, NULL),
(560, 'abarnevillef0', 'Antony', 'Barneville', 2, '988 Autumn Leaf Alley', '2011-08-25', '09007620272', 'abarnevillef0@sina.com.cn', 'Te1OwUqCe57', NULL, NULL, 0, 0, 0, 1, '59acc73239524f8cb959b171439adcc5', '2018-11-27 08:02:35', '2019-02-17 13:03:25', 0, NULL),
(561, 'ctailourf1', 'Colet', 'Tailour', 1, '5 Kedzie Parkway', '1992-01-22', '0979-1233837', 'ctailourf1@comsenz.com', 'hjNCYKXFa', NULL, NULL, 0, 0, 0, 1, 'fcf91aa8e90b8526bfaee3baad2a9fbd', '2019-09-15 17:35:46', '2019-08-31 04:42:40', 0, NULL),
(562, 'brounsefellf2', 'Bree', 'Rounsefell', 2, '6100 Debra Drive', '1969-03-13', '0995-0178019', 'brounsefellf2@indiegogo.com', 'Fu7TivYZcud', NULL, NULL, 0, 0, 0, 1, '118503bebaaa8b0b269e67330e8f39d3', '2019-10-09 02:42:02', '2019-10-19 04:11:45', 0, NULL),
(563, 'bviviansf3', 'Bartholemy', 'Vivians', 2, '04672 Rowland Drive', '1995-04-21', '09233776163', 'bviviansf3@utexas.edu', 'D7Wu3LJ', NULL, NULL, 0, 0, 0, 1, 'f18af135d166bafc1c2b3a024fd937b7', '2019-05-21 19:04:31', '2019-09-16 11:36:44', 0, NULL),
(564, 'bjosskovizf4', 'Brandyn', 'Josskoviz', 1, '4151 Kensington Center', '1987-09-08', '09647020785', 'bjosskovizf4@marriott.com', 'Z31LJMt0U', NULL, NULL, 0, 0, 0, 1, '7efe152266f7349b0233d503dea05473', '2018-12-25 16:09:35', '2019-04-01 04:18:05', 0, NULL),
(565, 'fanthonaf5', 'Floria', 'Anthona', 2, '741 Meadow Ridge Parkway', '2016-06-13', '09340437996', 'fanthonaf5@miibeian.gov.cn', 'm4leM3im', NULL, NULL, 0, 0, 0, 1, 'b67b9fe4d1f771192c03044a1b56487b', '2018-12-31 22:56:24', '2019-07-11 18:05:17', 0, NULL),
(566, 'acroneenf6', 'Alanson', 'Croneen', 0, '1 Vidon Hill', '1992-12-16', '0924-2480584', 'acroneenf6@deliciousdays.com', '8dPhKw06L2I', NULL, NULL, 0, 0, 0, 1, '2416da31bafa542b573c44c51aa42491', '2019-05-22 03:00:19', '2019-10-09 21:44:43', 0, NULL),
(567, 'rgossagef7', 'Rowena', 'Gossage', 0, '804 7th Way', '1974-05-23', '0949-960-5028', 'rgossagef7@ft.com', '9FGjLXAovsCU', NULL, NULL, 0, 0, 0, 1, 'fec2914c2b41f48233dc76b3bd9b6f5e', '2018-11-27 07:47:20', '2019-02-03 10:38:03', 0, NULL),
(568, 'omclellanf8', 'Ola', 'McLellan', 2, '27389 Pankratz Place', '2013-01-01', '0919-6751394', 'omclellanf8@tmall.com', '3ktWRsh4mGOO', NULL, NULL, 0, 0, 0, 1, '944ee907a1daf4e15d17fbe0c65712a7', '2019-09-03 02:54:07', '2019-10-18 03:38:06', 0, NULL),
(569, 'ghealdf9', 'Geri', 'Heald', 0, '407 Old Shore Point', '2008-10-04', '09606744985', 'ghealdf9@hatena.ne.jp', 'qLc0GIfv', NULL, NULL, 0, 0, 0, 1, 'c4c194e8b6cff9ed7d9e7ebbdf74db30', '2018-11-24 10:44:09', '2019-10-05 19:59:41', 0, NULL),
(570, 'gmckearnenfa', 'Godfry', 'McKearnen', 2, '659 Johnson Hill', '1996-03-17', '09473578291', 'gmckearnenfa@comcast.net', '3TX5kCaAaxNL', NULL, NULL, 0, 0, 0, 1, '5588c57fb2daba93aa8a739f9d958fb3', '2019-04-17 19:34:21', '2019-08-15 11:39:27', 0, NULL),
(571, 'cbadsworthfb', 'Clemence', 'Badsworth', 1, '4 Marquette Terrace', '1966-02-05', '09949369653', 'cbadsworthfb@wiley.com', 'KunNNJ8fAm', NULL, NULL, 0, 0, 0, 1, '66a9a15f240571f81e751e903a3b0f5e', '2019-10-06 04:18:51', '2019-06-09 15:34:28', 0, NULL),
(572, 'rericssonfc', 'Rod', 'Ericsson', 0, '4 Elka Drive', '1989-01-26', '0923-429-0516', 'rericssonfc@yahoo.co.jp', 'cnqdXi2Vx', NULL, NULL, 0, 0, 0, 1, 'b1696cb54736da54ac3042159a7c52e0', '2019-01-02 22:09:33', '2019-03-08 01:34:27', 0, NULL),
(573, 'gwynefd', 'Georgie', 'Wyne', 2, '56 Michigan Park', '2007-10-05', '0920-9184078', 'gwynefd@pagesperso-orange.fr', 'jWjFEDjwkre', NULL, NULL, 0, 0, 0, 1, 'f07a9adb3bc8eab46f4316db0805e2a8', '2019-05-16 01:13:53', '2019-10-18 15:01:36', 0, NULL),
(574, 'bclappertonfe', 'Brunhilde', 'Clapperton', 0, '0 Sloan Hill', '1986-02-23', '0952-8631058', 'bclappertonfe@ftc.gov', '10dy7WqX1', NULL, NULL, 0, 0, 0, 1, 'dafa069d0b8581ca95ab822c8546926c', '2018-12-29 17:02:34', '2019-08-28 21:50:50', 0, NULL),
(575, 'kcampesff', 'Katlin', 'Campes', 1, '92405 Maple Wood Road', '1967-03-08', '0966-190-7663', 'kcampesff@amazon.de', 'TfMAY00V7', NULL, NULL, 0, 0, 0, 1, 'dc46c1e2773c2add46ac630986458e61', '2019-04-10 19:20:51', '2019-06-26 20:33:32', 0, NULL),
(576, 'vgantlettfg', 'Virgie', 'Gantlett', 1, '0083 Grim Avenue', '2012-07-03', '0902-999-9570', 'vgantlettfg@google.nl', 'JIzedWzqRPpL', NULL, NULL, 0, 0, 0, 1, 'dac901d1c7b42410fce7d8c5ceb91c8a', '2018-12-14 04:10:40', '2019-02-19 07:17:51', 0, NULL),
(577, 'crougierfh', 'Carline', 'Rougier', 0, '7 Coleman Park', '1965-12-10', '0937-108-3283', 'crougierfh@youtube.com', 'D33gaZn2nqPs', NULL, NULL, 0, 0, 0, 1, '713fc19e73c7064222e0b9da23dbb981', '2018-12-30 02:28:43', '2019-10-06 05:15:14', 0, NULL),
(578, 'kbeesfi', 'Khalil', 'Bees', 1, '37 Veith Alley', '2015-08-03', '0994-4461653', 'kbeesfi@amazonaws.com', '7Q8ZEjb9', NULL, NULL, 0, 0, 0, 1, 'cc92b7d3d798636cae805917ecc7929b', '2019-01-15 04:29:54', '2019-09-07 08:35:57', 0, NULL),
(579, 'migounetfj', 'Misha', 'Igounet', 0, '0930 Blackbird Junction', '2009-11-29', '0913324-5990', 'migounetfj@mac.com', 'Xx2Tu0Pq', NULL, NULL, 0, 0, 0, 1, '1a31370c5f44524368de05c658d71eab', '2019-01-13 12:20:53', '2018-11-27 02:34:05', 0, NULL),
(580, 'bliverfk', 'Bonni', 'Liver', 2, '0323 Northwestern Drive', '2018-02-01', '0997-4744436', 'bliverfk@paginegialle.it', 'IYxb4q6O3', NULL, NULL, 0, 0, 0, 1, 'ee56c90869ce9d15718ac662f114f1b7', '2019-10-09 19:27:21', '2019-06-02 20:42:44', 0, NULL),
(581, 'astanlickfl', 'Amalita', 'Stanlick', 2, '712 Pepper Wood Pass', '1998-04-24', '09735463600', 'astanlickfl@sfgate.com', 'dZ1BuZJDSD', NULL, NULL, 0, 0, 0, 1, '3f5f5a1fde067288daf6d4325a3f4847', '2019-02-19 14:48:59', '2019-09-19 23:48:23', 0, NULL),
(582, 'rsockellfm', 'Roselia', 'Sockell', 1, '7 Washington Place', '1968-08-30', '0908470-5513', 'rsockellfm@a8.net', 'fH5rVUIADIMQ', NULL, NULL, 0, 0, 0, 1, 'eefdc840087fdf0100c968ddc59bf47d', '2019-03-27 12:21:07', '2018-12-13 13:25:38', 0, NULL),
(583, 'wleathamfn', 'Winifred', 'Leatham', 1, '69801 Morrow Crossing', '1996-05-06', '0962920-9929', 'wleathamfn@xrea.com', 'w6pj4b4oq79', NULL, NULL, 0, 0, 0, 1, '4fdf4a90642c997d48ddb4f654a184c1', '2019-03-18 07:45:17', '2019-04-26 04:16:33', 0, NULL),
(584, 'gbeachamfo', 'Garwin', 'Beacham', 2, '4 Brown Crossing', '2018-01-16', '0919862-6944', 'gbeachamfo@purevolume.com', 'G5wZHJ', NULL, NULL, 0, 0, 0, 1, 'dc7ba3fcc0117282480e6979d56fc4a1', '2019-03-01 10:45:54', '2018-12-20 18:53:46', 0, NULL),
(585, 'nklimkovfp', 'Nedi', 'Klimkov', 1, '64925 Browning Hill', '1993-10-26', '09473394615', 'nklimkovfp@cafepress.com', 'bPpQWoWJlk9', NULL, NULL, 0, 0, 0, 1, '41a9f978ec7ea0274a71a3435661e9e4', '2019-02-26 16:17:41', '2019-06-27 01:53:36', 0, NULL),
(586, 'mpichanfq', 'Morlee', 'Pichan', 2, '18917 Kenwood Way', '1969-11-13', '0995523-5282', 'mpichanfq@prweb.com', '5Dj3KN', NULL, NULL, 0, 0, 0, 1, '2df8d03bf1edb4a829808c705027b38d', '2019-03-10 09:16:56', '2019-09-19 20:10:14', 0, NULL),
(587, 'fomulderrigfr', 'Fransisco', 'O\' Mulderrig', 0, '88 Corscot Point', '1996-04-05', '0970-510-5352', 'fomulderrigfr@symantec.com', 'OdZTRye7n', NULL, NULL, 0, 0, 0, 1, '31dcd9aaee0354e265bb427e7453332e', '2019-03-11 09:14:53', '2019-07-20 05:23:31', 0, NULL),
(588, 'nwallworthfs', 'Nanon', 'Wallworth', 0, '28672 Bartelt Center', '1987-01-14', '09863123643', 'nwallworthfs@omniture.com', '44lS6rieI5R', NULL, NULL, 0, 0, 0, 1, '245faa6673387c84c47ec6c69cd4b34f', '2018-12-11 21:01:53', '2019-06-28 08:28:56', 0, NULL),
(589, 'cbrychanft', 'Collette', 'Brychan', 0, '03 Rutledge Center', '1977-01-16', '0940-2578779', 'cbrychanft@ycombinator.com', 'DOKfLxNP', NULL, NULL, 0, 0, 0, 1, 'ce34cbbc90b803078fa4678337aa5f50', '2019-02-05 00:59:37', '2018-12-31 08:36:12', 0, NULL),
(590, 'warmerfu', 'Wandie', 'Armer', 2, '64 Forest Dale Hill', '2000-09-15', '0918-2722461', 'warmerfu@cornell.edu', 'vB2uDffzBu', NULL, NULL, 0, 0, 0, 1, '1d3a227d48771c29e3d4ec787caa41c7', '2019-10-03 04:15:12', '2019-09-14 09:07:26', 0, NULL),
(591, 'sorumfv', 'Stacey', 'Orum', 1, '3 Barby Alley', '2010-06-07', '09450658361', 'sorumfv@nyu.edu', 'k3Hdig', NULL, NULL, 0, 0, 0, 1, '2dd657fc99ac4b97464041a4cd5659d9', '2019-08-09 19:28:18', '2019-05-14 08:44:48', 0, NULL),
(592, 'xmacalessfw', 'Ximenez', 'MacAless', 2, '26 Muir Trail', '1999-05-22', '0908-397-3814', 'xmacalessfw@hp.com', 'M5Wivtq', NULL, NULL, 0, 0, 0, 1, 'f007dc80e0dbf224dd406710c5855992', '2019-09-24 15:56:54', '2019-07-27 21:50:22', 0, NULL),
(593, 'gpitchersfx', 'Gannon', 'Pitchers', 2, '99 Hoard Pass', '1974-09-03', '0998-550-7649', 'gpitchersfx@blogger.com', 'IeSFH8kq', NULL, NULL, 0, 0, 0, 1, '48a8a7d9a1e8369a774407b3b74c6bb2', '2019-10-20 23:56:29', '2019-07-24 22:00:13', 0, NULL),
(594, 'msteelfy', 'Meade', 'Steel', 2, '3690 Fuller Alley', '1996-01-17', '0973-6685129', 'msteelfy@si.edu', '0tPixNa', NULL, NULL, 0, 0, 0, 1, 'e1ff360066ddd2db7fdf8e9868b174d8', '2019-03-12 17:31:31', '2019-09-22 13:40:39', 0, NULL),
(595, 'ielderfz', 'Ida', 'Elder', 0, '9 Kings Point', '1974-05-06', '0979459-8481', 'ielderfz@hc360.com', 'iAUKV1veEJ', NULL, NULL, 0, 0, 0, 1, '09c06b20ad765c3b164efa5d637f05e4', '2019-03-06 03:42:54', '2019-04-19 09:28:36', 0, NULL),
(596, 'feldershawg0', 'Fredi', 'Eldershaw', 2, '20240 Washington Avenue', '1968-06-27', '0947-7479772', 'feldershawg0@huffingtonpost.com', 'DfyFNCh8mv', NULL, NULL, 0, 0, 0, 1, 'dfc2abb6d851f554a7ddae571c587b7b', '2018-11-27 15:41:39', '2019-04-16 03:24:37', 0, NULL),
(597, 'bbeggig1', 'Barnebas', 'Beggi', 2, '587 Bellgrove Place', '2003-09-24', '09464862218', 'bbeggig1@theatlantic.com', '8TtBCrg', NULL, NULL, 0, 0, 0, 1, '03f8a06c0b77c04b9b8d3c7c34aa343a', '2019-03-30 20:10:21', '2018-12-06 20:30:51', 0, NULL),
(598, 'idalliwatrg2', 'Idell', 'Dalliwatr', 2, '2 Bultman Pass', '1967-05-01', '09048297579', 'idalliwatrg2@msu.edu', 'Pw2qmCU58Y', NULL, NULL, 0, 0, 0, 1, '0d65571bbb267c75de1500ac3e13a661', '2019-01-03 16:48:20', '2019-01-29 03:25:43', 0, NULL);
INSERT INTO `users` (`id`, `username`, `first_name`, `last_name`, `gender`, `address`, `birth_date`, `mobile_no`, `email`, `password`, `profile_picture`, `profile_picture_dir`, `follower_count`, `following_count`, `follow_request_count`, `activated`, `activation_code`, `created`, `modified`, `deleted`, `deleted_date`) VALUES
(599, 'vewinsg3', 'Vinita', 'Ewins', 0, '0 Calypso Avenue', '2016-12-01', '09198389117', 'vewinsg3@tiny.cc', 'ehEkJmyVUEE', NULL, NULL, 0, 0, 0, 1, '26b4959aa7ec00297dbe1b00b6615345', '2018-12-20 09:33:32', '2019-05-26 03:46:42', 0, NULL),
(600, 'tclaveringg4', 'Tristan', 'Clavering', 2, '07766 Oxford Avenue', '2012-10-12', '0914134-0738', 'tclaveringg4@seattletimes.com', 'bbgg5UzMJ', NULL, NULL, 0, 0, 0, 1, '4446230519eba0f3af4f184394b26c2b', '2019-08-11 02:48:53', '2019-04-11 14:58:06', 0, NULL),
(601, 'scovilg5', 'Saidee', 'Covil', 2, '28 Northfield Alley', '2009-06-02', '0949748-7954', 'scovilg5@illinois.edu', 'q0MmiANG', NULL, NULL, 0, 0, 0, 1, '419bfb9249e4d3119425ed99206646e3', '2019-06-24 05:12:47', '2019-09-25 19:59:47', 0, NULL),
(602, 'preedersg6', 'Patten', 'Reeders', 0, '04 Oakridge Drive', '2003-07-02', '09508367053', 'preedersg6@fc2.com', 'BvwJevMk3', NULL, NULL, 0, 0, 0, 1, '47f1444ce6106bf97a28619c2a137665', '2019-06-23 03:15:43', '2019-01-24 14:58:47', 0, NULL),
(603, 'ahavikg7', 'Alane', 'Havik', 2, '7929 Meadow Ridge Crossing', '1991-10-23', '09441973710', 'ahavikg7@usa.gov', 'sUgLVt', NULL, NULL, 0, 0, 0, 1, 'fd932bbc0756087c4d6ae5ce8b75ad11', '2018-11-05 07:13:24', '2018-12-13 14:06:33', 0, NULL),
(604, 'schurchleyg8', 'Sherry', 'Churchley', 0, '96116 Melvin Center', '1973-12-20', '0966-4547979', 'schurchleyg8@ustream.tv', 'sdWp76Wx', NULL, NULL, 0, 0, 0, 1, '3ac0acf754418bd0f380cd25bb032af0', '2019-05-11 08:30:45', '2019-08-09 11:03:54', 0, NULL),
(605, 'itayspellg9', 'Isidoro', 'Tayspell', 2, '41442 Boyd Court', '2002-01-28', '0975-391-1136', 'itayspellg9@slideshare.net', 'JhgITtAqq', NULL, NULL, 0, 0, 0, 1, 'c007e644be3ad86413c132436a34ff90', '2019-02-24 12:43:07', '2019-07-29 08:09:40', 0, NULL),
(606, 'nhallbordga', 'Nona', 'Hallbord', 2, '33 Prentice Alley', '2003-10-16', '09405147706', 'nhallbordga@blogspot.com', 'bTPoE61y', NULL, NULL, 0, 0, 0, 1, 'cdc7329734b4c1a8c51d5fb4685c0224', '2018-11-17 14:34:09', '2019-10-18 04:14:53', 0, NULL),
(607, 'csoppergb', 'Charlie', 'Sopper', 1, '976 Dayton Pass', '2007-05-17', '0951696-5547', 'csoppergb@so-net.ne.jp', 'A6jCw3eGYJQ', NULL, NULL, 0, 0, 0, 1, 'a27d2723b7c72d0b8bdca708b5a73e8e', '2019-01-06 17:55:48', '2019-10-03 08:02:41', 0, NULL),
(608, 'gsomertongc', 'Gordon', 'Somerton', 2, '31997 Redwing Park', '2005-08-31', '0992601-9920', 'gsomertongc@gov.uk', 'cZbTU4gjZ', NULL, NULL, 0, 0, 0, 1, '8cfb9b7d2bce289e8c2983904e25abe4', '2019-06-21 04:48:07', '2018-12-26 00:55:51', 0, NULL),
(609, 'mgheorghescugd', 'Mercy', 'Gheorghescu', 0, '6 Thackeray Terrace', '1968-01-28', '0947-446-8934', 'mgheorghescugd@bing.com', 'brBo9a3', NULL, NULL, 0, 0, 0, 1, '22259b8a60d1944b7b697cb9dab2b2db', '2019-10-07 18:06:10', '2018-10-30 18:52:48', 0, NULL),
(610, 'gkolinge', 'Garland', 'Kolin', 2, '02625 Sundown Avenue', '1980-04-21', '09559687623', 'gkolinge@usatoday.com', 'OZNzrcs8', NULL, NULL, 0, 0, 0, 1, '2e92bb9ecb221185cc0651112184a49e', '2018-12-04 08:33:23', '2019-05-02 04:40:49', 0, NULL),
(611, 'bgiovannilligf', 'Bryn', 'Giovannilli', 0, '7 Stone Corner Alley', '2004-12-05', '0903-4504711', 'bgiovannilligf@comsenz.com', 'uxv0tyKwqk', NULL, NULL, 0, 0, 0, 1, 'b519de85051abdea48e035bebd03e12c', '2018-12-22 20:52:25', '2018-11-12 22:01:30', 0, NULL),
(612, 'lcurriegg', 'Lucais', 'Currie', 2, '90 Tennyson Court', '1976-01-07', '0957629-2235', 'lcurriegg@cargocollective.com', 'ok8zr0EQtRx', NULL, NULL, 0, 0, 0, 1, '43830a2e36054426220ac0877d0f0d9e', '2019-09-20 14:18:15', '2018-12-28 04:03:24', 0, NULL),
(613, 'wdwightgh', 'Wileen', 'Dwight', 2, '33 Hollow Ridge Hill', '2015-09-24', '09233053703', 'wdwightgh@moonfruit.com', '7tQuy3ugj', NULL, NULL, 0, 0, 0, 1, 'a0094bfc591003ac5ff436b75db3eada', '2018-11-14 19:13:21', '2019-09-16 18:01:19', 0, NULL),
(614, 'cdelacroixgi', 'Cecelia', 'De la croix', 1, '314 Scofield Crossing', '1979-12-23', '09313432609', 'cdelacroixgi@digg.com', 'Rj8AfiIfmK', NULL, NULL, 0, 0, 0, 1, 'fc6a2e78f6eeb59a8677069f5f4435c1', '2019-04-12 16:45:51', '2019-01-21 12:38:08', 0, NULL),
(615, 'mantushevgj', 'Malinde', 'Antushev', 0, '92577 American Ash Park', '2009-03-25', '0949-1780648', 'mantushevgj@hibu.com', 'ui0duQz', NULL, NULL, 0, 0, 0, 1, '353876dd726b68447d3201f4fb5cf636', '2018-12-21 03:41:57', '2019-06-04 03:23:37', 0, NULL),
(616, 'kcurdellgk', 'Kelvin', 'Curdell', 1, '3008 Gina Avenue', '1996-06-15', '0963043-6117', 'kcurdellgk@canalblog.com', 'qifEvZQphe6t', NULL, NULL, 0, 0, 0, 1, '4164696d43fbf9ef560509040bc1c91f', '2018-11-12 04:12:11', '2019-10-17 12:53:10', 0, NULL),
(617, 'wlynnittgl', 'Wilmer', 'Lynnitt', 2, '73210 Scoville Drive', '2003-12-24', '0968158-9929', 'wlynnittgl@sfgate.com', 'UjEatnN', NULL, NULL, 0, 0, 0, 1, '7646ebd4d641e7dea5c7a61121181823', '2019-06-18 06:13:29', '2018-12-22 03:32:46', 0, NULL),
(618, 'vbodemeaidgm', 'Valentia', 'Bodemeaid', 1, '44 Harbort Terrace', '1999-05-25', '0954072-9254', 'vbodemeaidgm@va.gov', 'AYAZNnw', NULL, NULL, 0, 0, 0, 1, 'bae3a0b20db3bd23c694e9e6eb8d01cd', '2019-04-25 14:46:42', '2019-08-29 16:49:37', 0, NULL),
(619, 'dwhistlecraftgn', 'Demeter', 'Whistlecraft', 2, '4211 Spohn Terrace', '1966-10-11', '0938-6974787', 'dwhistlecraftgn@barnesandnoble.com', 'y16gWmmOcDO', NULL, NULL, 0, 0, 0, 1, 'ea274b484686f7095a9b3fcc463d3059', '2019-02-02 23:30:47', '2019-04-04 19:37:18', 0, NULL),
(620, 'rgarforthgo', 'Rochelle', 'Garforth', 2, '93 Ronald Regan Crossing', '2014-04-26', '0970-843-5516', 'rgarforthgo@ehow.com', 'HG4Kl6SU', NULL, NULL, 0, 0, 0, 1, 'e866cff221125c1bc2e404ecdfb648bf', '2018-11-07 05:07:35', '2019-07-06 23:32:05', 0, NULL),
(621, 'mmcvicargp', 'Mia', 'McVicar', 1, '48 Summerview Pass', '1997-10-29', '0966-9699916', 'mmcvicargp@blog.com', 'o9Iba2r', NULL, NULL, 0, 0, 0, 1, '039f793ffd42a230be71fa86816bc914', '2019-06-25 03:35:22', '2019-08-02 00:36:04', 0, NULL),
(622, 'tfurbankgq', 'Tabb', 'Furbank', 0, '50 Anniversary Point', '2015-05-18', '0969-355-8941', 'tfurbankgq@disqus.com', 'H0XNXJ', NULL, NULL, 0, 0, 0, 1, '599479c7b197b5f6ea03a851570bed65', '2019-07-09 19:27:25', '2018-12-20 14:55:33', 0, NULL),
(623, 'hjeeksgr', 'Hilton', 'Jeeks', 1, '31 Delladonna Trail', '1973-05-11', '09471357458', 'hjeeksgr@xrea.com', 'fBX4egRZ', NULL, NULL, 0, 0, 0, 1, 'aa3e4e15d64974301f05a72a92921b4d', '2019-02-13 02:25:35', '2019-04-10 10:09:24', 0, NULL),
(624, 'hstagggs', 'Horatia', 'Stagg', 0, '6 Lighthouse Bay Circle', '2010-11-02', '0945392-8695', 'hstagggs@surveymonkey.com', 'dpgWnBuZdw', NULL, NULL, 0, 0, 0, 1, '9919bff8c8ad924f3e54a0181280b5ef', '2018-11-18 13:28:56', '2019-09-21 12:08:02', 0, NULL),
(625, 'csessionsgt', 'Clementine', 'Sessions', 2, '4914 Donald Alley', '1970-01-05', '0931-992-6416', 'csessionsgt@ow.ly', 'vyqtV62', NULL, NULL, 0, 0, 0, 1, '26f60eb53237a07a654ece40d9d7a4b3', '2019-01-24 15:20:14', '2019-09-01 02:41:05', 0, NULL),
(626, 'bgaukrodgegu', 'Boris', 'Gaukrodge', 1, '198 Jana Hill', '2006-12-08', '09450586466', 'bgaukrodgegu@google.co.jp', 'K4OiOrh', NULL, NULL, 0, 0, 0, 1, 'de72722fa1b6937bc9702cdfb64f0b23', '2019-05-27 14:43:30', '2019-10-16 23:29:38', 0, NULL),
(627, 'jstrobangv', 'Joanna', 'Stroban', 2, '434 Nelson Way', '1997-10-22', '0936859-2312', 'jstrobangv@gmpg.org', 'CjyNGbH1IM', NULL, NULL, 0, 0, 0, 1, '36066ec8f0a2c4bcf452b63119aaba89', '2019-03-03 16:47:28', '2019-06-11 12:53:03', 0, NULL),
(628, 'afirmingw', 'Arnold', 'Firmin', 2, '3069 Morningstar Way', '1993-06-01', '0925755-3391', 'afirmingw@gmpg.org', 'UG3HJku', NULL, NULL, 0, 0, 0, 1, 'a13297daf6244713a2e159b5869a7729', '2019-09-12 23:37:28', '2019-08-14 15:49:48', 0, NULL),
(629, 'fsalandinogx', 'Filia', 'Salandino', 1, '67044 Rutledge Court', '1966-11-06', '0945-4426518', 'fsalandinogx@phoca.cz', 'W4BjtGCzHw', NULL, NULL, 0, 0, 0, 1, '930befa97ba730752fe50f0496d24b50', '2019-10-25 05:55:50', '2019-08-01 17:59:24', 0, NULL),
(630, 'cbouttongy', 'Carroll', 'Boutton', 2, '72 Merchant Crossing', '1969-06-06', '0930448-8237', 'cbouttongy@bloomberg.com', 'xQuE3VLAa71', NULL, NULL, 0, 0, 0, 1, '317e42d92db1aeb1c16bdd8c3c9a7dab', '2019-03-04 06:52:08', '2019-05-29 03:33:49', 0, NULL),
(631, 'ekellingtongz', 'Eddy', 'Kellington', 1, '28808 Springs Way', '2003-10-31', '0952-0343329', 'ekellingtongz@dedecms.com', 'xPkbtknh', NULL, NULL, 0, 0, 0, 1, 'b310ab2cd51ecfb0143e387463f69b31', '2019-07-01 20:59:46', '2019-02-18 21:30:30', 0, NULL),
(632, 'ptraytonh0', 'Patty', 'Trayton', 2, '9 Arapahoe Terrace', '2000-10-16', '09001882787', 'ptraytonh0@so-net.ne.jp', '2C2HJtf0d', NULL, NULL, 0, 0, 0, 1, 'd5d61b2e02f03602b6087eb1d2869181', '2019-07-19 12:21:58', '2018-11-17 23:21:10', 0, NULL),
(633, 'vrickfordh1', 'Vivien', 'Rickford', 2, '33729 Valley Edge Crossing', '2001-05-18', '0956895-1286', 'vrickfordh1@dropbox.com', 'NPNB7YXgq5', NULL, NULL, 0, 0, 0, 1, 'e0556e3a8563f9a9a2365f97cc1f0235', '2019-03-25 19:19:30', '2019-03-01 00:50:07', 0, NULL),
(634, 'bcarnelleyh2', 'Baird', 'Carnelley', 0, '1 Gale Crossing', '1987-06-08', '0972-7705670', 'bcarnelleyh2@constantcontact.com', 'BMeT08', NULL, NULL, 0, 0, 0, 1, 'a6aa1bb412c890e2eb64a0b121e34682', '2019-08-12 03:03:22', '2019-02-14 11:46:46', 0, NULL),
(635, 'mgariffh3', 'Miran', 'Gariff', 2, '3003 Scott Crossing', '1998-11-09', '09652557114', 'mgariffh3@miitbeian.gov.cn', 'WlY7W8dyQv3', NULL, NULL, 0, 0, 0, 1, 'd4ffd49c3f2b2f4ab625612ad688af0b', '2019-05-20 05:12:06', '2019-01-26 18:06:55', 0, NULL),
(636, 'abeneditoh4', 'Austin', 'Benedito', 1, '65883 Nova Circle', '2007-05-28', '0985-1800293', 'abeneditoh4@washington.edu', 'HKbQujGeN', NULL, NULL, 0, 0, 0, 1, 'd9218b9b74af0c05760a2718d10144fc', '2019-06-07 10:20:32', '2019-07-29 09:58:11', 0, NULL),
(637, 'smurrellsh5', 'Shel', 'Murrells', 2, '6 Dunning Park', '2002-10-30', '0978-192-5785', 'smurrellsh5@marriott.com', 'MUDaeK', NULL, NULL, 0, 0, 0, 1, 'd386653be98bd1fd4bdebb136b87d990', '2019-09-11 17:04:16', '2019-03-04 20:48:43', 0, NULL),
(638, 'cjobesh6', 'Chery', 'Jobes', 1, '79141 Schmedeman Way', '1971-11-04', '0986-438-3629', 'cjobesh6@hexun.com', '9Oc5LE3KV', NULL, NULL, 0, 0, 0, 1, 'b6564e9210bef8e15dbf32dae20d00eb', '2019-05-30 17:17:58', '2019-07-25 18:57:14', 0, NULL),
(639, 'vsprowsonh7', 'Viviyan', 'Sprowson', 0, '9 Homewood Lane', '2010-07-29', '0904-052-3083', 'vsprowsonh7@cdbaby.com', 'MzOiJL3uMjR4', NULL, NULL, 0, 0, 0, 1, '35ba8536bd9cc39996df0bd4d7e6138e', '2019-09-10 00:26:51', '2019-03-06 00:59:48', 0, NULL),
(640, 'mkivelhanh8', 'Maisie', 'Kivelhan', 2, '6 Maryland Place', '2006-10-13', '0938-7253234', 'mkivelhanh8@marriott.com', 'JmNiBFxTVcQ', NULL, NULL, 0, 0, 0, 1, 'd692caff7406b92cbb6f7c2abbe6b55f', '2019-04-15 23:38:26', '2019-06-11 17:21:58', 0, NULL),
(641, 'mdeculliph9', 'Mitchael', 'de Cullip', 2, '2 Roxbury Hill', '2011-01-05', '0910-683-7966', 'mdeculliph9@e-recht24.de', 'vFuElGJEZsdf', NULL, NULL, 0, 0, 0, 1, 'be73887f5de49a744691f3e2e345ff33', '2018-11-09 11:38:49', '2019-08-22 18:11:42', 0, NULL),
(642, 'akeniwellha', 'Abie', 'Keniwell', 2, '86516 Rowland Terrace', '1994-06-14', '0917-045-7342', 'akeniwellha@marriott.com', 'LSw31LFDA', NULL, NULL, 0, 0, 0, 1, '55945a8d6e3bd58387e052270a84deef', '2019-06-27 16:07:26', '2019-05-03 21:09:00', 0, NULL),
(643, 'sraingerhb', 'Sharla', 'Rainger', 1, '8 Marquette Place', '1967-12-07', '0909-524-8550', 'sraingerhb@house.gov', '0I6qIPwq', NULL, NULL, 0, 0, 0, 1, '2ef82da128f4d9cba7d31df32ad23108', '2019-07-07 13:11:19', '2018-12-25 12:44:17', 0, NULL),
(644, 'rarmsdenhc', 'Raquela', 'Armsden', 1, '940 Stone Corner Avenue', '1969-04-23', '09868920835', 'rarmsdenhc@cnn.com', 'brquARkZgk', NULL, NULL, 0, 0, 0, 1, '5badc8485b2bace6bb2cf91277f5484a', '2019-09-14 14:23:44', '2019-02-15 08:10:22', 0, NULL),
(645, 'tpirishd', 'Torie', 'Piris', 1, '50868 Milwaukee Park', '1974-10-18', '0923-0229691', 'tpirishd@wikia.com', 'V8IEjWp', NULL, NULL, 0, 0, 0, 1, 'd6582813c563b7f0614f4cf699af7389', '2019-05-06 04:55:04', '2019-04-19 05:35:40', 0, NULL),
(646, 'pdranehe', 'Petr', 'Drane', 1, '28723 Pawling Park', '1975-03-23', '0932205-2108', 'pdranehe@nymag.com', 'Gx0NVB', NULL, NULL, 0, 0, 0, 1, 'a2b9c6bf29783b4e56a686bca23eaf38', '2019-01-04 04:39:03', '2019-01-17 08:34:01', 0, NULL),
(647, 'eetterhf', 'Emmaline', 'Etter', 2, '19 Miller Circle', '2014-02-04', '0997-7772580', 'eetterhf@prweb.com', 'AiQRAr', NULL, NULL, 0, 0, 0, 1, '031c95ffbd518bc2e59dbf7db83703e3', '2018-11-28 20:44:49', '2019-07-05 04:03:51', 0, NULL),
(648, 'cgostykehg', 'Clerkclaude', 'Gostyke', 1, '9 Sheridan Place', '1985-03-03', '09228111495', 'cgostykehg@ifeng.com', 'qx3myIcfZjbI', NULL, NULL, 0, 0, 0, 1, '0f4686a7ede829a62fa79ab7bbeabfbb', '2019-03-27 14:21:38', '2019-01-29 00:48:10', 0, NULL),
(649, 'scosgriffhh', 'Salmon', 'Cosgriff', 2, '169 Fulton Avenue', '1978-10-29', '0987-140-7626', 'scosgriffhh@altervista.org', 'b2tz92sb', NULL, NULL, 0, 0, 0, 1, '8861c0ca33a4362b34cd965c65ed1110', '2019-05-09 02:12:43', '2019-03-29 13:14:13', 0, NULL),
(650, 'jrultenhi', 'Joellen', 'Rulten', 0, '09 Elmside Avenue', '1972-03-30', '0963083-1837', 'jrultenhi@fc2.com', '7Jq8gssO', NULL, NULL, 0, 0, 0, 1, 'ac09dd8c6704ab03d1f9c6bfe5238fa6', '2019-03-14 04:49:34', '2019-07-06 22:44:44', 0, NULL),
(651, 'blammerichhj', 'Blondie', 'Lammerich', 2, '943 Aberg Plaza', '1973-10-18', '0978488-9741', 'blammerichhj@imdb.com', 'kW1hCfGI', NULL, NULL, 0, 0, 0, 1, '26465cea00655243ed0bc639cb81f2ac', '2018-11-12 06:30:49', '2019-09-09 17:19:46', 0, NULL),
(652, 'dmarinerhk', 'Dan', 'Mariner', 0, '72789 Hermina Pass', '1985-03-07', '0918-160-2108', 'dmarinerhk@google.it', '8scRW611O', NULL, NULL, 0, 0, 0, 1, '9206ea6545a0527854f9dee887905c00', '2019-07-28 20:57:55', '2019-02-20 03:31:04', 0, NULL),
(653, 'hsomertonhl', 'Harald', 'Somerton', 1, '0 Fairview Circle', '1980-11-26', '09122546629', 'hsomertonhl@symantec.com', 'Df9q5scwcbE', NULL, NULL, 0, 0, 0, 1, '50ca372e7386795dfe6cb03e103d8bea', '2019-10-19 00:18:26', '2018-12-09 06:24:36', 0, NULL),
(654, 'ascapenshm', 'Audrye', 'Scapens', 2, '51402 International Park', '1985-09-02', '0926-970-9226', 'ascapenshm@bloglovin.com', 'nFXRP3', NULL, NULL, 0, 0, 0, 1, '3cf7a235ecb3429c29f77cbb4c94a315', '2019-07-13 01:38:23', '2019-07-13 08:00:51', 0, NULL),
(655, 'ghutchinshn', 'Germaine', 'Hutchins', 2, '6 Schmedeman Terrace', '1970-07-08', '0954137-5578', 'ghutchinshn@51.la', 'mPMztaBU', NULL, NULL, 0, 0, 0, 1, 'f0557e6cc12b78ce75a32566dd402d16', '2019-10-12 22:07:25', '2019-05-10 11:38:19', 0, NULL),
(656, 'skortho', 'Sybyl', 'Kort', 1, '47 Prairieview Junction', '2008-08-24', '0981-168-8744', 'skortho@vinaora.com', 'u4V0WpGw5j', NULL, NULL, 0, 0, 0, 1, '2271a46a1c1c58511665cb3956f3717c', '2019-03-13 01:25:39', '2019-03-14 20:32:09', 0, NULL),
(657, 'rgiovanazzihp', 'Ruddy', 'Giovanazzi', 2, '7144 Weeping Birch Hill', '2008-08-14', '0904-036-3820', 'rgiovanazzihp@ox.ac.uk', 'RO0pg9', NULL, NULL, 0, 0, 0, 1, '713eb7be197bc39121ad8e858e1edf49', '2019-08-06 21:45:18', '2019-09-17 14:30:10', 0, NULL),
(658, 'fhaldonhq', 'Fidelia', 'Haldon', 0, '39728 Prairie Rose Plaza', '1977-11-08', '0963473-2698', 'fhaldonhq@ft.com', 'qAL9GYi', NULL, NULL, 0, 0, 0, 1, '8f464ef6e7adc9b1d5750b5f78b8a966', '2019-10-16 07:38:09', '2019-07-12 06:31:59', 0, NULL),
(659, 'dbranniganhr', 'Dulcy', 'Brannigan', 1, '868 Morrow Plaza', '1992-11-15', '0910825-8804', 'dbranniganhr@foxnews.com', 'f5WzRYbj', NULL, NULL, 0, 0, 0, 1, '85067a10be720450cc938a24f6fa1828', '2019-06-11 11:16:21', '2019-07-20 08:22:24', 0, NULL),
(660, 'vloblehs', 'Vernon', 'Loble', 2, '547 International Hill', '1991-08-30', '0933311-5647', 'vloblehs@php.net', 'FfseEArCG', NULL, NULL, 0, 0, 0, 1, 'b30c61a471cc4d02e3eb453e86f5c7b1', '2019-02-28 22:50:13', '2019-01-02 10:00:52', 0, NULL),
(661, 'fcesconht', 'Franny', 'Cescon', 0, '33228 Atwood Crossing', '1970-11-05', '0958-576-7626', 'fcesconht@simplemachines.org', 'MY2jaQN', NULL, NULL, 0, 0, 0, 1, '1d0151388777c45f4f74da6a703c2c65', '2019-09-15 23:56:45', '2019-10-04 13:01:25', 0, NULL),
(662, 'gmechihu', 'Gilligan', 'Mechi', 0, '6998 Vahlen Road', '2018-10-06', '0988657-8779', 'gmechihu@omniture.com', 'SZd7YbCAO27j', NULL, NULL, 0, 0, 0, 1, '749a451b8127c73561868678f5122b6d', '2019-08-26 19:19:10', '2019-08-12 03:53:53', 0, NULL),
(663, 'raxcelhv', 'Raquela', 'Axcel', 0, '8685 Melrose Park', '1982-09-03', '0956-2225735', 'raxcelhv@mashable.com', 'igiTMyHSB', NULL, NULL, 0, 0, 0, 1, '5b2072c307e63767d4d882c8545aed6a', '2019-08-11 21:10:54', '2019-09-14 17:07:02', 0, NULL),
(664, 'akorfmannhw', 'Aubine', 'Korfmann', 0, '0 Hauk Alley', '1991-01-11', '0922-8274565', 'akorfmannhw@4shared.com', '9b0RhEb5dD3', NULL, NULL, 0, 0, 0, 1, '624df63823b6435842672166fe33935d', '2019-02-26 11:52:35', '2019-08-21 01:41:21', 0, NULL),
(665, 'mnoellhx', 'Marley', 'Noell', 0, '77 Bashford Junction', '1971-04-03', '0962-053-4248', 'mnoellhx@myspace.com', 'L2fo2KtD5', NULL, NULL, 0, 0, 0, 1, 'e31a20021a9258fa0bf885269d6b3a30', '2019-07-19 07:42:11', '2019-09-23 12:02:42', 0, NULL),
(666, 'nbonnellhy', 'Naomi', 'Bonnell', 2, '4292 Moose Drive', '2007-02-06', '0906-102-0357', 'nbonnellhy@wikispaces.com', 'ElhacmpKAdZW', NULL, NULL, 0, 0, 0, 1, '7f98262369d736a5354623ab23e29c2f', '2019-08-05 13:41:18', '2019-04-27 00:37:18', 0, NULL),
(667, 'nszreterhz', 'Nana', 'Szreter', 2, '6 Westend Avenue', '1987-10-25', '0948-000-6730', 'nszreterhz@narod.ru', 'pKoafv', NULL, NULL, 0, 0, 0, 1, 'bd6a28ae8faa7224ac661c17d445a99f', '2019-07-23 05:09:11', '2019-02-10 03:12:04', 0, NULL),
(668, 'sedmondsoni0', 'Sharlene', 'Edmondson', 0, '984 Montana Circle', '1988-03-11', '0904707-3309', 'sedmondsoni0@netvibes.com', 'v1f3i7s1s', NULL, NULL, 0, 0, 0, 1, 'e52d33a412b8b159c4a94620ffd3a5e3', '2019-06-22 04:08:41', '2018-12-03 19:50:41', 0, NULL),
(669, 'tincognai1', 'Trip', 'Incogna', 0, '94 Chinook Trail', '1976-04-11', '0973878-2879', 'tincognai1@etsy.com', 'wfxQuqGCc8K', NULL, NULL, 0, 0, 0, 1, '8e5763d533cd17a21ecb7c49efd5515c', '2019-09-19 03:01:08', '2019-06-30 14:45:04', 0, NULL),
(670, 'uhowlini2', 'Ula', 'Howlin', 1, '30461 Dennis Way', '1999-03-22', '09536956063', 'uhowlini2@squidoo.com', 'acCgcCDn', NULL, NULL, 0, 0, 0, 1, '0a97822ae2f35d0a70cd9f6a28608bf9', '2019-05-04 03:09:35', '2019-10-20 15:00:12', 0, NULL),
(671, 'elubomirskii3', 'Earle', 'Lubomirski', 1, '7325 Derek Park', '1980-11-20', '0981775-0404', 'elubomirskii3@wikipedia.org', 'LyvNQGNyZP', NULL, NULL, 0, 0, 0, 1, 'ff2ad1f92b1b2b165c84590269bec073', '2019-08-07 11:37:33', '2019-02-21 21:05:23', 0, NULL),
(672, 'ckimminsi4', 'Chaunce', 'Kimmins', 2, '00948 Loftsgordon Junction', '2011-01-06', '0989-9028789', 'ckimminsi4@4shared.com', 'sds3J1hWLmk9', NULL, NULL, 0, 0, 0, 1, '2270609e3d2b7dd80884cad00ee69953', '2019-05-03 13:13:49', '2019-01-02 10:43:04', 0, NULL),
(673, 'obinesi5', 'Orren', 'Bines', 2, '37 Coleman Court', '1973-02-25', '0973-457-7317', 'obinesi5@reddit.com', 'e0DkW1ouv1vB', NULL, NULL, 0, 0, 0, 1, 'e36a3972091798a93c96bfbbdc2cebb5', '2019-02-28 16:27:50', '2019-06-29 00:01:44', 0, NULL),
(674, 'cyurshevi6', 'Clerc', 'Yurshev', 2, '78994 Packers Place', '1980-03-16', '09408693950', 'cyurshevi6@github.com', 'PtKltgv', NULL, NULL, 0, 0, 0, 1, 'a5af46f59e03f3dbbcac11d904ee1b69', '2019-02-03 05:20:47', '2019-01-18 00:33:37', 0, NULL),
(675, 'hducki7', 'Harrie', 'Duck', 2, '67391 Union Street', '1999-03-16', '0946-535-6350', 'hducki7@usgs.gov', '8Plo89fCaLKj', NULL, NULL, 0, 0, 0, 1, '8fcfd16394900d3b221cc14b6dcc0de8', '2019-06-09 14:29:17', '2019-02-02 13:48:03', 0, NULL),
(676, 'gdjurevici8', 'Gare', 'Djurevic', 1, '7 Memorial Junction', '1977-06-14', '0965-272-7820', 'gdjurevici8@yahoo.co.jp', '4ZGlXOnYj', NULL, NULL, 0, 0, 0, 1, '0e3a996cd4a951e4dd803e431696f26a', '2019-07-21 14:06:03', '2019-09-14 20:08:38', 0, NULL),
(677, 'cnussi9', 'Cecilio', 'Nuss', 2, '0 Express Pass', '2001-01-04', '09653964320', 'cnussi9@cdbaby.com', 'ETgK3YKFTVxq', NULL, NULL, 0, 0, 0, 1, '733a4e5bddca1b495c8c130c79d07f66', '2019-05-08 20:50:08', '2019-02-12 02:36:47', 0, NULL),
(678, 'fcrouxia', 'Farra', 'Croux', 1, '56482 Cody Park', '1984-02-11', '0993-0351334', 'fcrouxia@census.gov', 'T9N6fIW0SyGb', NULL, NULL, 0, 0, 0, 1, '839e4316b5864b86cb0aae4bd51ccdc8', '2019-02-17 02:09:00', '2019-09-21 15:31:11', 0, NULL),
(679, 'emelliardib', 'Erasmus', 'Melliard', 0, '41119 Mayfield Pass', '1967-10-19', '09180929513', 'emelliardib@github.com', 'ZT4Y9KmdTNvC', NULL, NULL, 0, 0, 0, 1, '2cbec6e89b0d5a909f65970e3014a16b', '2019-04-05 11:24:58', '2019-04-17 14:46:40', 0, NULL),
(680, 'sgiacobilloic', 'Susy', 'Giacobillo', 0, '1517 Dorton Road', '1976-06-19', '0965982-7221', 'sgiacobilloic@newyorker.com', '5v7uYCTh3S8', NULL, NULL, 0, 0, 0, 1, '9d9f6037cfa53a6ce97b96d8e09f91c9', '2019-08-04 16:15:47', '2018-11-15 16:44:29', 0, NULL),
(681, 'ctrevenaid', 'Clarette', 'Trevena', 1, '0050 Sugar Drive', '1988-06-18', '0906-6060600', 'ctrevenaid@e-recht24.de', 'LMNhsRyQ', NULL, NULL, 0, 0, 0, 1, 'd8b59ed598f56ab492ed3b2327f09427', '2019-06-17 01:19:06', '2018-11-05 22:58:18', 0, NULL),
(682, 'ddrillingcourtie', 'Dudley', 'Drillingcourt', 1, '1793 North Pass', '2017-09-02', '09756448340', 'ddrillingcourtie@netvibes.com', 'C9tScmpkaT', NULL, NULL, 0, 0, 0, 1, '36e838d42a2d99ec424fa647743d9cd4', '2019-03-14 01:10:57', '2019-07-18 03:39:56', 0, NULL),
(683, 'ififieldif', 'Ivar', 'Fifield', 1, '4705 Monument Road', '1968-11-15', '0914-6637815', 'ififieldif@tripadvisor.com', 'QirbirJ6', NULL, NULL, 0, 0, 0, 1, '258e3c5066e54a1fb793e88aee562d44', '2019-06-03 13:17:18', '2019-04-22 20:49:47', 0, NULL),
(684, 'dpettmanig', 'Dora', 'Pettman', 1, '0 Anzinger Parkway', '2001-12-07', '09296960491', 'dpettmanig@vk.com', 'KPhXbyiJ', NULL, NULL, 0, 0, 0, 1, '4abed972d4fc37fe56a440fcdf20ec8c', '2019-01-16 10:50:35', '2019-09-10 21:06:19', 0, NULL),
(685, 'vbonhamih', 'Vlad', 'Bonham', 2, '5 Hanover Junction', '1990-05-12', '0994752-6038', 'vbonhamih@elegantthemes.com', 'ib0N8dFS5k', NULL, NULL, 0, 0, 0, 1, '804222d6567ebdd74f202e56a63d7c4e', '2019-02-01 07:39:30', '2019-06-25 16:53:24', 0, NULL),
(686, 'dwonesii', 'Dayle', 'Wones', 2, '570 Lerdahl Point', '1992-09-24', '0956-6366182', 'dwonesii@miitbeian.gov.cn', 'vuB4WdT', NULL, NULL, 0, 0, 0, 1, '0d3cb7dd1945b6ab874288a77af7be54', '2019-06-08 10:47:39', '2019-02-12 22:52:36', 0, NULL),
(687, 'bbeechenoij', 'Bengt', 'Beecheno', 1, '462 Eagle Crest Lane', '1987-09-26', '0991-894-4308', 'bbeechenoij@un.org', 'c8YggrBOaDJ4', NULL, NULL, 0, 0, 0, 1, '75157cc3cf7590e61ba0f5331d285e32', '2019-07-07 12:18:30', '2019-09-25 11:56:18', 0, NULL),
(688, 'pcristoferiik', 'Phillip', 'Cristoferi', 2, '12 Northland Hill', '1982-02-10', '0962-3463413', 'pcristoferiik@senate.gov', 'WbcWb2WftgCp', NULL, NULL, 0, 0, 0, 1, '163d52c659760cde03486956073a7840', '2018-11-14 02:11:07', '2018-12-29 15:45:38', 0, NULL),
(689, 'gchoatil', 'Guthry', 'Choat', 1, '912 Northport Point', '2008-05-18', '09884029876', 'gchoatil@imgur.com', 'odHFZed5', NULL, NULL, 0, 0, 0, 1, 'ad7fdc0461dbb30557f4c82df2686c76', '2019-07-14 12:33:38', '2018-12-29 03:10:20', 0, NULL),
(690, 'tbrixeyim', 'Toddie', 'Brixey', 0, '3770 Menomonie Street', '2008-12-18', '0961-770-4186', 'tbrixeyim@paginegialle.it', 'HMFy9xaVbGz', NULL, NULL, 0, 0, 0, 1, '6c74c90115b74e256dc58dc3b7943376', '2019-07-17 16:44:40', '2019-08-15 06:30:12', 0, NULL),
(691, 'hludmannin', 'Hal', 'Ludmann', 1, '353 Ludington Park', '2013-04-05', '0993-6541945', 'hludmannin@pen.io', 'ndbxw8K8Sqm4', NULL, NULL, 0, 0, 0, 1, 'b2e78cfab84c256e5242a9e6f33c8e12', '2019-06-15 16:00:13', '2018-11-11 07:20:38', 0, NULL),
(692, 'bginnaneio', 'Bertina', 'Ginnane', 1, '47 Browning Junction', '2011-06-22', '09757452099', 'bginnaneio@barnesandnoble.com', '0rzCQ5', NULL, NULL, 0, 0, 0, 1, '7eecdef9f58b27ec0ddfcf53c98fa4e1', '2019-07-16 13:44:17', '2019-02-03 10:10:30', 0, NULL),
(693, 'gcolerickip', 'Gwenette', 'Colerick', 0, '4863 Tony Trail', '1971-10-05', '0953-6646216', 'gcolerickip@home.pl', 'hNM2QnKB', NULL, NULL, 0, 0, 0, 1, 'df7357f25e90fd0ee23a5542eb7cb999', '2019-03-17 21:11:40', '2019-02-20 13:20:12', 0, NULL),
(694, 'krozenbaumiq', 'Karen', 'Rozenbaum', 0, '682 Lyons Junction', '1996-04-14', '0909-072-9260', 'krozenbaumiq@nytimes.com', 'zlNs4UT', NULL, NULL, 0, 0, 0, 1, '3e65edb4c332c4a25f9e94c97c4e2b36', '2018-11-09 19:46:19', '2019-10-22 08:15:37', 0, NULL),
(695, 'astiddardir', 'Aggy', 'Stiddard', 0, '55 Morning Drive', '1991-05-04', '0942552-0982', 'astiddardir@odnoklassniki.ru', 'emTH36BlaJ', NULL, NULL, 0, 0, 0, 1, '5b4181c7166c7017977ec51f21f35a0f', '2019-08-04 15:47:41', '2019-06-03 04:03:47', 0, NULL),
(696, 'cbailyis', 'Clemmie', 'Baily', 1, '5970 Corben Circle', '1989-03-23', '0973849-3595', 'cbailyis@dyndns.org', 'WMjuvcGf1A', NULL, NULL, 0, 0, 0, 1, '45deb000dec9567db511f78aa19cf136', '2019-03-06 04:09:33', '2018-10-30 12:51:12', 0, NULL),
(697, 'dlistonit', 'Darryl', 'Liston', 2, '764 Loftsgordon Alley', '1969-06-28', '0947-4603947', 'dlistonit@e-recht24.de', 'DH5uwX8e3Cr', NULL, NULL, 0, 0, 0, 1, '6b511e2e43b8798e39e041bf847c7c10', '2018-11-20 17:20:45', '2019-08-26 11:16:48', 0, NULL),
(698, 'igroundwateriu', 'Imogen', 'Groundwater', 1, '39 Summerview Lane', '1987-01-07', '0904-8825444', 'igroundwateriu@sina.com.cn', 'rTCasS5nsnqJ', NULL, NULL, 0, 0, 0, 1, 'd15a2e1829b10c93e552a17fa7aca339', '2018-11-17 01:44:46', '2019-03-03 03:42:12', 0, NULL),
(699, 'mgleadhelliv', 'Millisent', 'Gleadhell', 1, '8 Portage Avenue', '1994-09-13', '0921-745-4748', 'mgleadhelliv@freewebs.com', 'ss232N19wht', NULL, NULL, 0, 0, 0, 1, '9d31b88f840e0271cb929c10ec595656', '2019-05-29 06:58:59', '2018-12-08 07:54:55', 0, NULL),
(700, 'sholtomiw', 'Sheppard', 'Holtom', 2, '7 Sunbrook Pass', '1972-08-31', '09445760453', 'sholtomiw@washingtonpost.com', 'MaZLddFHpLd', NULL, NULL, 0, 0, 0, 1, 'd72034902cff5021d544bad938342cd8', '2019-06-13 15:26:31', '2018-12-27 23:53:28', 0, NULL),
(701, 'dcrambieix', 'Darcie', 'Crambie', 1, '006 Dakota Alley', '2015-02-10', '0921653-6951', 'dcrambieix@clickbank.net', 'oz1cb2zWeg', NULL, NULL, 0, 0, 0, 1, '4e360cb42f33bff93e55c7728eabc2f3', '2019-02-04 01:06:23', '2018-12-31 04:53:16', 0, NULL),
(702, 'sfarnworthiy', 'Shadow', 'Farnworth', 1, '72 Golf View Junction', '2004-06-23', '0967-303-8963', 'sfarnworthiy@w3.org', 'YZBH4Je', NULL, NULL, 0, 0, 0, 1, '6d7f0fa46c57d475596c5d8e2fcc15bd', '2019-10-18 02:16:29', '2019-09-18 16:42:32', 0, NULL),
(703, 'roshirineiz', 'Raina', 'O\'Shirine', 2, '2 Shopko Lane', '2015-10-31', '09775328004', 'roshirineiz@buzzfeed.com', 'JnKSEPDb', NULL, NULL, 0, 0, 0, 1, '933da1d2471452fd9c5e89632c95e500', '2019-07-09 08:20:33', '2019-02-27 04:29:49', 0, NULL),
(704, 'oginiej0', 'Ossie', 'Ginie', 0, '5975 Sauthoff Park', '2017-07-30', '0901-8578078', 'oginiej0@narod.ru', 'GarITF9gK', NULL, NULL, 0, 0, 0, 1, '7ccd4cb4545f0b114cb4d542d2860ffc', '2018-12-03 09:03:14', '2019-03-06 22:09:57', 0, NULL),
(705, 'wmaseykj1', 'Wynny', 'Maseyk', 0, '496 Pine View Junction', '1992-09-26', '0911-9050721', 'wmaseykj1@rediff.com', '7WR5Rt1', NULL, NULL, 0, 0, 0, 1, '8e27b545ae822f3db981390fd2f3ae48', '2019-07-28 02:00:03', '2019-09-27 07:40:52', 0, NULL),
(706, 'sblaylockj2', 'Silvan', 'Blaylock', 2, '82 Anderson Pass', '1974-06-20', '09699139380', 'sblaylockj2@gov.uk', 'cbUS7FXm', NULL, NULL, 0, 0, 0, 1, '243c9af409857c6849985203b659595f', '2018-12-03 01:11:16', '2019-01-13 01:04:30', 0, NULL),
(707, 'jbeiningj3', 'Jehanna', 'Beining', 0, '8 Vahlen Drive', '1999-09-29', '0990-5295033', 'jbeiningj3@guardian.co.uk', '69uWIQO', NULL, NULL, 0, 0, 0, 1, '630e7812d6f8da6217b14062c1893c47', '2019-09-23 14:11:30', '2019-09-07 21:46:47', 0, NULL),
(708, 'bjakobssenj4', 'Berrie', 'Jakobssen', 1, '4859 Heffernan Drive', '2009-01-01', '0950904-6781', 'bjakobssenj4@youtu.be', 'lbGJ3jol2ghc', NULL, NULL, 0, 0, 0, 1, '34ff115e2c7ee9cd0d512c92bc48187f', '2018-12-14 07:41:35', '2019-05-25 06:10:32', 0, NULL),
(709, 'atomaszewskij5', 'Anthony', 'Tomaszewski', 2, '3 Namekagon Court', '1977-03-21', '0906949-8778', 'atomaszewskij5@woothemes.com', 'RtudMvacd', NULL, NULL, 0, 0, 0, 1, '395f56737e6f8c46c731e93615450c8f', '2019-02-09 12:10:45', '2019-05-31 23:08:29', 0, NULL),
(710, 'churleyj6', 'Colin', 'Hurley', 1, '08 Merrick Point', '1998-12-14', '09484790156', 'churleyj6@walmart.com', '8yc08r', NULL, NULL, 0, 0, 0, 1, '912b68c7bdb288470666633c8ec4fec9', '2019-05-27 13:54:09', '2019-07-06 17:06:52', 0, NULL),
(711, 'bstonbridgej7', 'Boycie', 'Stonbridge', 2, '5135 East Hill', '2012-09-15', '0977-9764073', 'bstonbridgej7@google.ru', 'FVuz5nObsWI0', NULL, NULL, 0, 0, 0, 1, 'bfc889a7cd9a69531c6d408bbb0603e5', '2019-09-27 19:10:54', '2019-09-14 21:08:26', 0, NULL),
(712, 'dduckerinj8', 'Dante', 'Duckerin', 2, '259 Dapin Drive', '1997-05-31', '0992-905-6819', 'dduckerinj8@blog.com', 'xdXmxHoEG6bh', NULL, NULL, 0, 0, 0, 1, 'b58257d2e796926967596d486f6117fd', '2018-11-15 18:27:58', '2019-10-16 05:47:34', 0, NULL),
(713, 'eoveyj9', 'Erie', 'Ovey', 1, '3328 Burrows Plaza', '2014-09-02', '0924514-1791', 'eoveyj9@wordpress.org', '7iel6W', NULL, NULL, 0, 0, 0, 1, 'd195009d17ac9a153f78d0dd87a536aa', '2019-07-08 13:06:08', '2018-11-14 04:28:56', 0, NULL),
(714, 'tgorhamja', 'Talyah', 'Gorham', 2, '9292 Stephen Junction', '1971-05-22', '0946-2891535', 'tgorhamja@hud.gov', 'q3Yso5y7x6Y', NULL, NULL, 0, 0, 0, 1, 'a644974e87ce4947e55479b2c196b285', '2019-10-27 15:57:00', '2019-10-12 07:54:03', 0, NULL),
(715, 'khailstonjb', 'Kristian', 'Hailston', 1, '29637 Summit Court', '2014-12-04', '09638603416', 'khailstonjb@blogs.com', 'pVjnU73', NULL, NULL, 0, 0, 0, 1, '5c03cd7c70466667a7bbe21975ca2f3a', '2019-04-27 14:02:06', '2019-02-26 15:57:42', 0, NULL),
(716, 'wsilmonjc', 'Wandis', 'Silmon', 2, '1894 Di Loreto Lane', '1988-12-15', '0906-1599055', 'wsilmonjc@hp.com', 'v4i629Ae6i', NULL, NULL, 0, 0, 0, 1, '0f4ecb82a5b38c048df28b6f602b9114', '2019-05-03 09:20:44', '2019-07-17 05:05:55', 0, NULL),
(717, 'ecornewelljd', 'Emyle', 'Cornewell', 2, '76 Blue Bill Park Plaza', '1977-02-15', '09998042404', 'ecornewelljd@fda.gov', 'zmE09JYg', NULL, NULL, 0, 0, 0, 1, '9e5e7187f214853a7cc8d84d5160e441', '2019-07-20 11:02:09', '2019-05-11 01:27:32', 0, NULL),
(718, 'zgozzettje', 'Zach', 'Gozzett', 1, '5973 Charing Cross Junction', '2013-03-04', '09670486813', 'zgozzettje@photobucket.com', 'Ga05USWNfZZP', NULL, NULL, 0, 0, 0, 1, '1bec2fbf6796bff88f2d5eb433842cc1', '2019-05-04 04:45:09', '2019-06-09 06:02:41', 0, NULL),
(719, 'bstanggjertsenjf', 'Britney', 'Stang-Gjertsen', 0, '8630 2nd Terrace', '1988-10-17', '09042098663', 'bstanggjertsenjf@exblog.jp', 'RQfqDnwTwoyB', NULL, NULL, 0, 0, 0, 1, '1749dffc2e70194d65416cf03bf2cf33', '2019-07-11 21:39:58', '2019-05-26 16:21:02', 0, NULL),
(720, 'tgrecejg', 'Toni', 'Grece', 2, '9 Rutledge Drive', '1966-10-11', '0962-8709762', 'tgrecejg@hhs.gov', 'Zy1nON8WI', NULL, NULL, 0, 0, 0, 1, '5a0140ba2cebbec9305fb67fa85539a3', '2019-07-07 01:49:15', '2019-05-05 23:45:08', 0, NULL),
(721, 'akitchinghanjh', 'Arleen', 'Kitchinghan', 2, '62625 Ronald Regan Street', '2011-01-05', '0957-8156572', 'akitchinghanjh@shareasale.com', 'O1P1auTtJjFZ', NULL, NULL, 0, 0, 0, 1, 'd89364471cdb47f68d1ec3a300a4e282', '2019-08-04 14:13:47', '2019-07-16 03:16:25', 0, NULL),
(722, 'afurseyji', 'Anita', 'Fursey', 2, '25 Amoth Place', '2012-06-03', '09292957997', 'afurseyji@360.cn', 'soNrjT2VI5', NULL, NULL, 0, 0, 0, 1, '856f6d5321d00706d0e1604753efb713', '2019-03-20 11:29:01', '2019-08-11 07:49:40', 0, NULL),
(723, 'bullyottjj', 'Brandon', 'Ullyott', 1, '4981 Longview Crossing', '1996-05-22', '0905737-7818', 'bullyottjj@blogger.com', 'AAIhNC', NULL, NULL, 0, 0, 0, 1, '95463ff5d98cec3677acad0ca3e7c2d2', '2018-12-22 06:45:10', '2019-09-13 21:31:21', 0, NULL),
(724, 'vfieldingjk', 'Verene', 'Fielding', 0, '35007 Magdeline Way', '2011-08-20', '09648937506', 'vfieldingjk@jiathis.com', 'MmsFEB', NULL, NULL, 0, 0, 0, 1, '2c0c0329eb3fab6115223eaa135570da', '2019-03-19 02:29:35', '2019-10-13 15:01:13', 0, NULL),
(725, 'pocrowleyjl', 'Petunia', 'O\'Crowley', 2, '281 Homewood Park', '1993-09-26', '0966-927-2373', 'pocrowleyjl@wikia.com', 'Plgst6j', NULL, NULL, 0, 0, 0, 1, 'ed5cef6dc555707ed2c79c294273e3ea', '2019-01-17 02:04:48', '2018-12-20 05:38:15', 0, NULL),
(726, 'fonelejm', 'Filmer', 'Onele', 0, '25 Knutson Place', '1971-10-30', '0956-3426042', 'fonelejm@storify.com', 'ZQkNrGro', NULL, NULL, 0, 0, 0, 1, 'b56fb90bf2ecf1e529a1bf1a4e7f045b', '2019-08-10 16:31:48', '2019-08-26 19:44:24', 0, NULL),
(727, 'sraffertyjn', 'Sibylla', 'Rafferty', 2, '96569 Sunbrook Park', '1983-06-22', '0923-0582394', 'sraffertyjn@e-recht24.de', 'nyaktgi7AF', NULL, NULL, 0, 0, 0, 1, '791716005413fe5bce04f35b4e7ad432', '2019-06-20 15:24:49', '2019-10-18 14:17:15', 0, NULL),
(728, 'ccollibearjo', 'Cory', 'Collibear', 2, '71 Loomis Junction', '1988-10-21', '0943852-5299', 'ccollibearjo@webnode.com', 'CHbGiDp', NULL, NULL, 0, 0, 0, 1, '3af01eba360b062377e5f5ef031a0143', '2019-08-20 16:16:59', '2018-11-22 07:29:34', 0, NULL),
(729, 'kstuckowjp', 'Karena', 'Stuckow', 0, '83 Arkansas Terrace', '2017-11-02', '0952092-1717', 'kstuckowjp@jigsy.com', 'gJ0lz9', NULL, NULL, 0, 0, 0, 1, 'a3f6ee6b6da05959ad790a4504941069', '2018-10-31 09:07:14', '2019-03-10 16:39:06', 0, NULL),
(730, 'bscrivinjq', 'Bartram', 'Scrivin', 2, '809 Village Avenue', '1990-09-29', '0936-191-7600', 'bscrivinjq@purevolume.com', 'x8tP1xpih', NULL, NULL, 0, 0, 0, 1, '4b3726a35aac0f75f73bc7b8d79f94ab', '2019-05-10 08:28:23', '2019-08-20 18:46:13', 0, NULL),
(731, 'mdartejr', 'Mellisent', 'Darte', 2, '5603 Holmberg Park', '1985-02-14', '0902-160-5064', 'mdartejr@wikimedia.org', 'bSPnQI59szz', NULL, NULL, 0, 0, 0, 1, 'da4b8bd19f32817bc0a431259db5a7e1', '2019-09-24 12:15:39', '2019-09-27 00:51:42', 0, NULL),
(732, 'greidjs', 'Garland', 'Reid', 2, '619 American Lane', '1994-03-07', '0929024-8140', 'greidjs@newyorker.com', 'mvgBADWXZk', NULL, NULL, 0, 0, 0, 1, '3965dad70b043bf420741ce796f3e0cc', '2019-01-27 08:51:14', '2018-11-29 07:57:50', 0, NULL),
(733, 'atilsonjt', 'Amitie', 'Tilson', 1, '6 Coleman Avenue', '2000-05-25', '09808909725', 'atilsonjt@scientificamerican.com', 'NbXbEhg0p', NULL, NULL, 0, 0, 0, 1, 'a71303561d15d9f31e67da610dd7565b', '2019-06-27 08:47:12', '2019-03-20 09:29:54', 0, NULL),
(734, 'zzanicchiju', 'Zola', 'Zanicchi', 1, '097 Dapin Hill', '1992-12-12', '09989895063', 'zzanicchiju@wired.com', '2bCogCkeRhAx', NULL, NULL, 0, 0, 0, 1, 'daf5a56be8fb703229d101afd25a501d', '2019-06-07 04:18:00', '2019-02-21 08:00:20', 0, NULL),
(735, 'mbiskupiakjv', 'Merrie', 'Biskupiak', 1, '0 Rusk Crossing', '2003-09-07', '09587930428', 'mbiskupiakjv@etsy.com', 'yyKvQKmmrQ', NULL, NULL, 0, 0, 0, 1, '0317b2db4db84a87997a35157a99fe29', '2018-12-28 01:19:43', '2019-08-26 04:26:50', 0, NULL),
(736, 'hvinterjw', 'Hogan', 'Vinter', 1, '48675 Crest Line Parkway', '2007-10-02', '0957-0786219', 'hvinterjw@furl.net', 'p1uViu', NULL, NULL, 0, 0, 0, 1, '7c197bf407303448f308af9b1bddcad8', '2019-03-21 18:36:46', '2019-06-16 13:29:14', 0, NULL),
(737, 'bgerrishjx', 'Beryl', 'Gerrish', 1, '6 Shoshone Junction', '2002-10-01', '09770020579', 'bgerrishjx@bbb.org', '43Q55cQsimx7', NULL, NULL, 0, 0, 0, 1, '802a58c7e012b45bf0a1180c483bb066', '2019-05-16 11:41:58', '2019-01-02 03:54:34', 0, NULL),
(738, 'esmoothjy', 'Edouard', 'Smooth', 2, '0 Dryden Circle', '2015-05-06', '0930740-4710', 'esmoothjy@ebay.com', '2w9NMEeX', NULL, NULL, 0, 0, 0, 1, 'd0aa1904f1869c018333116adb8ed290', '2019-07-13 07:11:24', '2018-11-02 15:50:07', 0, NULL),
(739, 'kharpinjz', 'Kettie', 'Harpin', 0, '090 Utah Hill', '1970-10-20', '0926-6104531', 'kharpinjz@gravatar.com', 'jCKwgExFb', NULL, NULL, 0, 0, 0, 1, '88aa4abd84be551f2a23f1f5834d1174', '2019-05-15 23:31:39', '2019-04-13 14:55:59', 0, NULL),
(740, 'jgerauldk0', 'Jolynn', 'Gerauld', 0, '2931 Mcbride Junction', '1977-12-14', '0991-9777484', 'jgerauldk0@symantec.com', 'chRKbeKIMFIp', NULL, NULL, 0, 0, 0, 1, '2a6ed22645b18dda3f36062edda03c67', '2019-10-07 19:27:57', '2019-04-10 03:05:32', 0, NULL),
(741, 'seacottk1', 'Shandeigh', 'Eacott', 1, '9206 Express Junction', '1977-05-03', '09515208666', 'seacottk1@ezinearticles.com', 'YsnSSJ35', NULL, NULL, 0, 0, 0, 1, '57d1bd417558d63ff5c384ebbbab176c', '2019-05-30 18:25:49', '2019-01-24 03:03:47', 0, NULL),
(742, 'baxtenk2', 'Bryant', 'Axten', 1, '84029 Carberry Lane', '2005-06-14', '0915055-4155', 'baxtenk2@hao123.com', 'PycV6dL', NULL, NULL, 0, 0, 0, 1, 'e62d379d2ab6567326ad4a5681ab2a6e', '2018-12-08 17:54:19', '2018-11-20 12:13:20', 0, NULL),
(743, 'ephelitk3', 'Ernest', 'Phelit', 1, '76870 Gulseth Parkway', '2008-02-15', '0906662-6935', 'ephelitk3@cisco.com', '9FUIzB', NULL, NULL, 0, 0, 0, 1, 'ec100dfbacb4b0ab62f7d6cf3ca43ef9', '2018-12-08 05:26:21', '2018-12-30 17:35:29', 0, NULL),
(744, 'pmcgrathk4', 'Phillida', 'McGrath', 2, '5292 Chive Hill', '1997-01-30', '0971-8408671', 'pmcgrathk4@unc.edu', 'SLk7YYq', NULL, NULL, 0, 0, 0, 1, 'f1e5d05860e1a16e83e38ac179963c34', '2018-11-06 21:15:23', '2019-01-24 06:11:49', 0, NULL),
(745, 'jneaversonk5', 'Jorry', 'Neaverson', 1, '38 Surrey Center', '1971-07-15', '0918-4236071', 'jneaversonk5@ucla.edu', 'PaF6joOh', NULL, NULL, 0, 0, 0, 1, 'aef5658028e5e189c3eb62d16bf0843f', '2019-07-28 02:11:27', '2018-11-06 20:05:36', 0, NULL),
(746, 'zsegotk6', 'Zed', 'Segot', 0, '266 Nova Hill', '1998-05-22', '0925511-2664', 'zsegotk6@163.com', 'mDBO0Kk', NULL, NULL, 0, 0, 0, 1, 'c6a726fe3823b1cce636845ba3b0e0b9', '2019-09-05 07:28:52', '2019-03-04 23:38:10', 0, NULL),
(747, 'sgreenleyk7', 'Seumas', 'Greenley', 0, '938 Merchant Crossing', '1979-10-14', '0983-377-8399', 'sgreenleyk7@unblog.fr', 'zJghbKTjjV', NULL, NULL, 0, 0, 0, 1, '0078c3f0d731919d9b86fe6e524a9f5a', '2019-07-28 19:03:44', '2019-05-23 20:13:53', 0, NULL),
(748, 'aruckmank8', 'Aharon', 'Ruckman', 1, '87867 Vera Avenue', '1988-06-24', '0946620-9591', 'aruckmank8@pbs.org', 'ZMSMyjc9iHPe', NULL, NULL, 0, 0, 0, 1, 'cafa7c51928146a8da41b6d1a5973354', '2019-09-26 19:48:03', '2019-04-20 05:11:54', 0, NULL),
(749, 'pbaynesk9', 'Philly', 'Baynes', 1, '39 Dakota Court', '1991-08-14', '09905094441', 'pbaynesk9@unicef.org', 'N5VC4uLGcJ', NULL, NULL, 0, 0, 0, 1, '775ad0a8621dbfc77f31b28971d76856', '2019-08-05 20:11:08', '2019-05-04 08:30:26', 0, NULL),
(750, 'cloutheka', 'Carrie', 'Louthe', 1, '180 3rd Crossing', '1981-08-04', '0936-8779304', 'cloutheka@state.tx.us', 'tXqzUY12WPK', NULL, NULL, 0, 0, 0, 1, 'f29d1202dde365aa035a1a84af8a5c37', '2019-03-23 23:11:30', '2019-03-19 05:23:44', 0, NULL),
(751, 'ncastelinkb', 'Nikki', 'Castelin', 1, '15 Banding Lane', '1975-07-06', '0974-6365962', 'ncastelinkb@apple.com', 'PBPqe16l', NULL, NULL, 0, 0, 0, 1, '4fa4d95f4f67c19801c09df0469692a0', '2019-03-07 06:29:26', '2019-08-11 04:42:07', 0, NULL),
(752, 'vlongworthykc', 'Vi', 'Longworthy', 2, '47701 Becker Junction', '2010-10-28', '09248895262', 'vlongworthykc@naver.com', 'VBB5LyDc', NULL, NULL, 0, 0, 0, 1, '544f67fd1e473b247ff13fd9da4a438b', '2018-12-12 10:55:16', '2019-05-12 00:41:33', 0, NULL),
(753, 'mgeddeskd', 'Myrle', 'Geddes', 1, '818 Harbort Street', '1983-02-03', '0901-331-9350', 'mgeddeskd@aboutads.info', 'gkPGRnlMvIu', NULL, NULL, 0, 0, 0, 1, '4e57998b50059408ec7cdbe94342fb30', '2019-01-03 17:41:50', '2019-03-28 10:14:37', 0, NULL),
(754, 'chitzschkeke', 'Celestyn', 'Hitzschke', 1, '2387 Straubel Pass', '1998-05-13', '0905795-2725', 'chitzschkeke@wunderground.com', 'QYBpGpvCZ7', NULL, NULL, 0, 0, 0, 1, 'b6031f3649a2020e62bb31cfd0a0a7d7', '2018-12-27 02:03:23', '2019-07-26 00:21:20', 0, NULL),
(755, 'cpyecroftkf', 'Corney', 'Pyecroft', 0, '8 Oxford Lane', '1969-11-25', '09000146744', 'cpyecroftkf@sphinn.com', 'o3pwCrb', NULL, NULL, 0, 0, 0, 1, '17ff545518779f7d06d867a05c9b3104', '2019-10-21 13:22:09', '2018-12-10 18:54:03', 0, NULL),
(756, 'eciceronekg', 'Emelia', 'Cicerone', 0, '84715 Larry Hill', '1982-04-25', '0932266-3300', 'eciceronekg@ed.gov', 'g4uF2BmA', NULL, NULL, 0, 0, 0, 1, '272597a38425160edf8556e369cb2525', '2019-04-21 08:30:33', '2018-12-23 06:41:58', 0, NULL),
(757, 'mbishopkh', 'Marje', 'Bishop', 2, '47469 Toban Terrace', '1979-02-26', '0937318-7990', 'mbishopkh@theatlantic.com', 'm1prieUBuaZ', NULL, NULL, 0, 0, 0, 1, '3a041b4a225a4b0402240def9324ae67', '2019-03-22 13:43:31', '2019-08-31 13:35:49', 0, NULL),
(758, 'gcudki', 'Georgetta', 'Cud', 0, '8489 Del Mar Lane', '2008-07-05', '0969-8232186', 'gcudki@sbwire.com', 'Ylfdu511Luym', NULL, NULL, 0, 0, 0, 1, '5b068e8b85df140125124538cb608c34', '2019-09-22 07:05:50', '2019-02-26 03:26:23', 0, NULL),
(759, 'lhackeykj', 'Linoel', 'Hackey', 0, '479 Bashford Park', '2008-06-12', '09409908180', 'lhackeykj@paginegialle.it', '7moT2uOjPthk', NULL, NULL, 0, 0, 0, 1, '34143ac7849d28cb473280328fb3463d', '2019-10-24 06:22:27', '2018-12-13 05:26:25', 0, NULL),
(760, 'mtowndrowkk', 'Maddi', 'Towndrow', 0, '0 Grim Street', '2015-10-30', '0970726-1345', 'mtowndrowkk@yale.edu', 'rQX2sN', NULL, NULL, 0, 0, 0, 1, '2d0a3791ef8d62221f186baaa667c07c', '2019-01-05 01:31:29', '2019-08-17 19:09:21', 0, NULL),
(761, 'arusekl', 'Avis', 'Ruse', 0, '226 Eagan Point', '1968-12-05', '0968-655-7783', 'arusekl@example.com', 'oytVic', NULL, NULL, 0, 0, 0, 1, '40801db4a4aeaa63dc1e0ff4b7364052', '2019-05-28 15:22:09', '2019-06-22 08:03:31', 0, NULL),
(762, 'sdessentkm', 'Sammy', 'Dessent', 2, '7 Del Sol Park', '2000-01-31', '0975-6263271', 'sdessentkm@symantec.com', 'gpQAbBH', NULL, NULL, 0, 0, 0, 1, 'bd9d2220689d3175e2d83c620299b4d1', '2019-06-07 07:31:05', '2019-09-24 04:11:53', 0, NULL),
(763, 'garnaudotkn', 'Giraud', 'Arnaudot', 2, '4 Carpenter Terrace', '1994-03-14', '0976-068-9103', 'garnaudotkn@wikimedia.org', '3Ok2egWGqjCd', NULL, NULL, 0, 0, 0, 1, '31aa81b886c79fee55ecfad22fdfa333', '2019-10-12 19:56:11', '2018-12-24 12:00:27', 0, NULL),
(764, 'cschurigko', 'Colly', 'Schurig', 1, '997 Meadow Vale Trail', '2000-01-27', '0971-2584924', 'cschurigko@indiegogo.com', 'VVSMjOcF', NULL, NULL, 0, 0, 0, 1, '35356bc6b588850ffb8ea849032797cb', '2019-05-26 01:48:44', '2019-07-12 13:41:30', 0, NULL),
(765, 'rmorakp', 'Rodrique', 'Mora', 0, '23989 Beilfuss Alley', '1993-02-15', '0994-283-9367', 'rmorakp@theatlantic.com', 'RxRexegq17QR', NULL, NULL, 0, 0, 0, 1, 'dbfe890739c2cbe48720251d0b61360e', '2019-06-15 22:53:05', '2019-07-06 05:04:47', 0, NULL),
(766, 'rwelsbykq', 'Rocky', 'Welsby', 1, '25012 Dorton Court', '1968-12-02', '0988197-7630', 'rwelsbykq@dailymail.co.uk', '525Z27P', NULL, NULL, 0, 0, 0, 1, '596cb5d8a6371b7be8647cef80fbe3fd', '2018-11-04 18:33:25', '2019-03-19 16:18:57', 0, NULL),
(767, 'djerrimkr', 'Dory', 'Jerrim', 2, '79372 Duke Center', '1973-03-13', '0925-6105324', 'djerrimkr@trellian.com', '3xRRZsEW6Hd', NULL, NULL, 0, 0, 0, 1, 'ddf71a033a6817941376b1adaf214536', '2019-10-26 12:05:32', '2019-10-19 16:46:54', 0, NULL),
(768, 'gsheddanks', 'Gael', 'Sheddan', 0, '62360 Main Crossing', '1980-04-06', '0944883-9506', 'gsheddanks@epa.gov', 'KO2lN8IpyG4y', NULL, NULL, 0, 0, 0, 1, '719fd667adcc60bad8f6f0d1a5b4c0fc', '2019-03-31 23:34:31', '2019-07-14 04:05:21', 0, NULL),
(769, 'jwestripkt', 'Jorie', 'Westrip', 2, '65 Hoffman Alley', '2001-05-12', '0941-0530160', 'jwestripkt@chicagotribune.com', 'eVDCTz', NULL, NULL, 0, 0, 0, 1, '3a90e5ea248b55bb0ae67b2fb60387f1', '2019-05-22 23:10:47', '2018-11-05 07:32:33', 0, NULL),
(770, 'mjoselinku', 'Marcelo', 'Joselin', 2, '1510 Bluestem Drive', '1983-11-01', '0995-4958683', 'mjoselinku@mysql.com', 'lxtpYMkdu', NULL, NULL, 0, 0, 0, 1, '1bfce3e8532b2431a89bc6b13fceb9bf', '2018-11-28 11:28:32', '2019-07-11 03:00:48', 0, NULL),
(771, 'kmaceykv', 'Kettie', 'Macey', 2, '4780 Merry Court', '2010-05-14', '09048603954', 'kmaceykv@scientificamerican.com', '6A7JxDTnvY7', NULL, NULL, 0, 0, 0, 1, 'a7fc20af9d614767f2c60a26a3872f0a', '2019-05-28 06:39:58', '2018-12-28 21:50:02', 0, NULL),
(772, 'bjakoubeckw', 'Brittney', 'Jakoubec', 0, '01 Maple Court', '1980-02-21', '0976-192-8836', 'bjakoubeckw@google.de', 'P7aFf6hZwf0', NULL, NULL, 0, 0, 0, 1, 'b6f2e1a343d62a6edf204ef6812193b6', '2019-05-08 01:26:19', '2019-04-06 07:24:26', 0, NULL),
(773, 'blongforthkx', 'Broderic', 'Longforth', 2, '1 Longview Street', '2015-11-28', '0976-756-8816', 'blongforthkx@netvibes.com', 'DmQBcS', NULL, NULL, 0, 0, 0, 1, '0e5a00b7108524e1ca821d549af1c6dd', '2018-12-09 13:25:26', '2019-01-25 23:31:03', 0, NULL),
(774, 'achallensky', 'Andie', 'Challens', 0, '28061 Summer Ridge Court', '1985-01-10', '0921-2991172', 'achallensky@disqus.com', 'HCod57BTzZ', NULL, NULL, 0, 0, 0, 1, '26d76b3b44958a88637a06e6ae97038e', '2019-04-24 15:18:10', '2019-09-17 12:43:15', 0, NULL),
(775, 'gcomettikz', 'Giovanni', 'Cometti', 2, '3052 Del Sol Parkway', '1975-05-02', '0993-7115547', 'gcomettikz@hibu.com', 'TX0aqkzrIw', NULL, NULL, 0, 0, 0, 1, '683204c50ed308c06d6560e6d94b2145', '2019-03-15 21:09:56', '2019-04-16 15:45:15', 0, NULL),
(776, 'mboliverl0', 'Mariejeanne', 'Boliver', 2, '918 Lotheville Park', '1975-08-25', '0900-4032430', 'mboliverl0@cbslocal.com', 'RID2uInFG', NULL, NULL, 0, 0, 0, 1, 'a55c1e55aa077e57eeb6d02bcf911629', '2019-06-21 15:53:47', '2019-03-14 03:23:15', 0, NULL),
(777, 'tmackeanl1', 'Tarrah', 'MacKean', 2, '59933 Service Street', '1992-04-25', '0998-116-0100', 'tmackeanl1@dot.gov', 'liDOhZaXDZCn', NULL, NULL, 0, 0, 0, 1, '08b470a28e6b989d607e6fc792a3ac96', '2019-02-07 18:55:28', '2019-05-26 19:40:22', 0, NULL),
(778, 'awallerbridgel2', 'Anthea', 'Waller-Bridge', 2, '8 Washington Way', '2010-05-08', '09550269476', 'awallerbridgel2@shareasale.com', 'RKwzvh5hnJo', NULL, NULL, 0, 0, 0, 1, 'd6c761cbd61bfd6a41d2942e91cfc6db', '2019-05-26 16:56:18', '2019-09-07 17:56:45', 0, NULL),
(779, 'rghelarduccil3', 'Randa', 'Ghelarducci', 2, '56 Nova Terrace', '2019-05-18', '0968-879-2269', 'rghelarduccil3@google.com.hk', 'yhXNevpo6oyi', NULL, NULL, 0, 0, 0, 1, 'e9880b3040406c9547982cd1c77b2f47', '2019-04-15 21:41:42', '2018-12-08 20:53:00', 0, NULL),
(780, 'jrablel4', 'Jere', 'Rable', 2, '452 Old Gate Hill', '1982-03-27', '0968-459-3968', 'jrablel4@harvard.edu', 'vjbFyd1a8', NULL, NULL, 0, 0, 0, 1, '5785056300891cd3ad3e9ab22f356edb', '2019-03-29 21:50:59', '2019-03-31 16:51:29', 0, NULL),
(781, 'mrawnel5', 'Massimiliano', 'Rawne', 1, '1 Novick Circle', '2018-03-08', '0942-9720113', 'mrawnel5@aboutads.info', 'l0Ar7MK0', NULL, NULL, 0, 0, 0, 1, '2d88bd1310812a0f2e7cffe927d386ea', '2019-08-17 07:33:17', '2019-01-23 04:00:20', 0, NULL),
(782, 'kmaccil6', 'Kimberly', 'Macci', 0, '1 Corry Circle', '2000-03-21', '0919-8787692', 'kmaccil6@skyrock.com', 'imH30c2', NULL, NULL, 0, 0, 0, 1, '8673967c03d7e1f5a3ebb5f0d3765448', '2019-10-15 21:11:39', '2019-06-26 13:42:57', 0, NULL),
(783, 'bkennerknechtl7', 'Bailie', 'Kennerknecht', 1, '5866 Cordelia Way', '2004-05-28', '0908932-1046', 'bkennerknechtl7@aboutads.info', 'l2ENhj', NULL, NULL, 0, 0, 0, 1, 'b5903ab33185133eb1f83ef400f947a4', '2019-03-22 02:59:48', '2018-12-20 16:30:12', 0, NULL),
(784, 'criehml8', 'Corrine', 'Riehm', 2, '8537 Sherman Pass', '1982-01-28', '0902-331-3377', 'criehml8@cnn.com', 'cQH9bDH', NULL, NULL, 0, 0, 0, 1, 'b08d50f47682fb5f126ec4af357d340b', '2019-10-13 22:51:32', '2019-03-07 18:45:06', 0, NULL),
(785, 'jyglesial9', 'Jacobo', 'Yglesia', 0, '3 Chinook Circle', '2013-12-28', '0985381-6757', 'jyglesial9@ask.com', 'hbL30j', NULL, NULL, 0, 0, 0, 1, 'f50eb7ad6fc0524649104f164231a628', '2019-01-08 17:59:33', '2019-02-23 20:41:33', 0, NULL),
(786, 'psavillla', 'Petunia', 'Savill', 1, '0571 Harper Road', '1999-06-08', '0926574-1829', 'psavillla@bing.com', 'bx3SnU6Un4j', NULL, NULL, 0, 0, 0, 1, '8fa3be0e4d574e6293eebab1370eb1e9', '2019-01-19 07:09:18', '2019-09-16 01:06:06', 0, NULL),
(787, 'jbleackleylb', 'Jacki', 'Bleackley', 0, '77027 Redwing Lane', '1989-03-01', '0976-0537556', 'jbleackleylb@mit.edu', 'BuCl4rBWXW', NULL, NULL, 0, 0, 0, 1, 'e6918458fdaeac3fcf519007384ee0f2', '2019-04-02 07:34:01', '2019-05-24 13:36:07', 0, NULL),
(788, 'ndumbellowlc', 'Natalya', 'Dumbellow', 2, '91 Montana Point', '2010-04-16', '0997-1751919', 'ndumbellowlc@sphinn.com', 'aQRkuyMqoN', NULL, NULL, 0, 0, 0, 1, '07f09e9384a4a119e61f94eeb6ff3d6a', '2019-04-24 19:31:55', '2018-11-09 07:19:05', 0, NULL),
(789, 'gcalcottld', 'Ginevra', 'Calcott', 0, '794 Dorton Point', '1967-10-10', '09702594809', 'gcalcottld@symantec.com', 'uxR8ecK', NULL, NULL, 0, 0, 0, 1, '239c4bf06afdeb8de272a99bc141bac6', '2019-03-19 12:27:22', '2018-12-31 13:28:45', 0, NULL),
(790, 'szoanele', 'Stacie', 'Zoane', 2, '99632 Toban Avenue', '1993-04-01', '0935492-1505', 'szoanele@smh.com.au', 'R9Tn6g', NULL, NULL, 0, 0, 0, 1, '90d3aacd91209532858cc1c52ad2240c', '2019-08-30 19:42:25', '2019-01-08 21:14:24', 0, NULL),
(791, 'asandbachlf', 'Ali', 'Sandbach', 1, '2860 Mockingbird Pass', '2007-11-23', '0932-2110169', 'asandbachlf@ustream.tv', 'FWU64eu', NULL, NULL, 0, 0, 0, 1, '847f234d19d23aabd0bc9517955de67f', '2018-10-29 00:55:15', '2019-05-08 22:51:33', 0, NULL),
(792, 'mcantilg', 'Merrile', 'Canti', 2, '05098 Vahlen Street', '2012-06-13', '0983086-2034', 'mcantilg@rambler.ru', '0nEf81i', NULL, NULL, 0, 0, 0, 1, 'e9adbd3afda46b28d3e6ce415b605388', '2019-10-03 11:34:53', '2019-07-20 03:21:26', 0, NULL),
(793, 'sshouttlh', 'Sidonia', 'Shoutt', 0, '5 Lakeland Avenue', '1973-09-19', '0991372-4524', 'sshouttlh@ifeng.com', 'S1Tf8H', NULL, NULL, 0, 0, 0, 1, 'f16d5f9b7a694b0a002d2e4824db34d3', '2019-09-15 14:06:19', '2019-03-02 04:52:05', 0, NULL),
(794, 'hharpinli', 'Heindrick', 'Harpin', 2, '7 Ramsey Plaza', '1985-08-04', '0978-506-3596', 'hharpinli@yellowbook.com', 'd4H3lh2PC', NULL, NULL, 0, 0, 0, 1, 'a30b61db421b05bd0b0233455da15574', '2019-03-12 13:03:09', '2019-07-11 00:07:34', 0, NULL),
(795, 'bternentlj', 'Banky', 'Ternent', 2, '4189 Clyde Gallagher Crossing', '1985-06-12', '0942-6383929', 'bternentlj@twitpic.com', 'QQZxl4XAqtM', NULL, NULL, 0, 0, 0, 1, '72d57205a3906874fe4a6199877ecd74', '2019-09-25 03:43:21', '2019-02-13 20:49:01', 0, NULL),
(796, 'yswyndleylk', 'Yehudi', 'Swyndley', 2, '119 Sommers Street', '1976-01-13', '0947-523-7783', 'yswyndleylk@163.com', 'JEbmcpm', NULL, NULL, 0, 0, 0, 1, 'e2043ae5e3722545394091ad0feaa0db', '2019-02-10 18:17:33', '2019-02-11 12:04:02', 0, NULL),
(797, 'ibrabantll', 'Isadore', 'Brabant', 2, '5 Summer Ridge Court', '2010-01-10', '09637480452', 'ibrabantll@paypal.com', 'ljZmxBB', NULL, NULL, 0, 0, 0, 1, '561268ad7a64607f1666151910620d34', '2019-08-05 17:16:41', '2018-12-18 13:25:04', 0, NULL);
INSERT INTO `users` (`id`, `username`, `first_name`, `last_name`, `gender`, `address`, `birth_date`, `mobile_no`, `email`, `password`, `profile_picture`, `profile_picture_dir`, `follower_count`, `following_count`, `follow_request_count`, `activated`, `activation_code`, `created`, `modified`, `deleted`, `deleted_date`) VALUES
(798, 'acollisonlm', 'Allyn', 'Collison', 0, '764 School Center', '1970-03-27', '09536757391', 'acollisonlm@eventbrite.com', 'X9THcTqczRq', NULL, NULL, 0, 0, 0, 1, '18547f1c37255cdbd2451a0febfe7258', '2019-08-07 13:24:54', '2019-05-12 21:26:38', 0, NULL),
(799, 'nclaussonln', 'Noak', 'Clausson', 0, '11306 Northview Crossing', '2004-06-09', '09826789661', 'nclaussonln@ifeng.com', 'SATF1Ge', NULL, NULL, 0, 0, 0, 1, '02359f92aa613be8b3e2240ceed65d74', '2019-10-05 22:46:22', '2019-03-27 17:21:28', 0, NULL),
(800, 'fsmeuinlo', 'Fidole', 'Smeuin', 2, '05847 American Ash Center', '1995-02-13', '09860905456', 'fsmeuinlo@google.com', 'E7MATPiP', NULL, NULL, 0, 0, 0, 1, '9605c80525d2be418d47d2d6bdfddd8e', '2019-07-18 03:54:36', '2018-11-03 03:55:21', 0, NULL),
(801, 'nrolfelp', 'Nessie', 'Rolfe', 0, '9 Monterey Point', '2017-08-26', '09731370493', 'nrolfelp@sohu.com', 'SY9hZ9nIRt6q', NULL, NULL, 0, 0, 0, 1, '0c7803848e1f0c364ee84137741ff0cc', '2019-01-31 01:47:02', '2019-07-21 06:19:44', 0, NULL),
(802, 'rbrugsmalq', 'Radcliffe', 'Brugsma', 2, '781 Hansons Trail', '1976-12-07', '0918-1391453', 'rbrugsmalq@gizmodo.com', '09eGfQV51QQ', NULL, NULL, 0, 0, 0, 1, '47c13cc37599bcef02d8c1f9acb425fd', '2019-05-09 23:55:19', '2019-01-13 02:30:36', 0, NULL),
(803, 'cfoottitlr', 'Caresa', 'Foottit', 1, '61713 Vera Drive', '1985-08-08', '09084512834', 'cfoottitlr@bizjournals.com', 'ygc3m93aW', NULL, NULL, 0, 0, 0, 1, '5b4053952b9c7d09f64bdee0a022d94b', '2019-01-29 12:04:11', '2018-11-20 19:30:33', 0, NULL),
(804, 'kbagottls', 'Karena', 'Bagott', 0, '01569 Loftsgordon Trail', '2015-02-05', '0906-3840307', 'kbagottls@amazon.com', 'roHQ1oJXDeDq', NULL, NULL, 0, 0, 0, 1, '782f92f2a7c7a3de156878881f2a975c', '2019-07-11 03:12:16', '2019-06-10 20:52:48', 0, NULL),
(805, 'kbarnhamlt', 'Kendall', 'Barnham', 2, '17691 Tomscot Street', '1980-11-29', '09911921247', 'kbarnhamlt@nymag.com', 'HzZQ5Ovs', NULL, NULL, 0, 0, 0, 1, '66b7f6b829bf35656c1a690bcbd1a01a', '2019-07-25 12:15:18', '2019-06-28 13:31:24', 0, NULL),
(806, 'bmeiklemlu', 'Bud', 'Meiklem', 1, '4052 Barnett Hill', '1968-05-24', '0900-252-9058', 'bmeiklemlu@google.co.jp', 'QT35aNW', NULL, NULL, 0, 0, 0, 1, 'eec770efb987a6be3c9c4d98705a76b8', '2019-02-08 11:50:27', '2019-05-20 14:24:28', 0, NULL),
(807, 'sshackeltonlv', 'Stoddard', 'Shackelton', 1, '5764 Melby Junction', '1966-08-18', '0974500-1904', 'sshackeltonlv@canalblog.com', 'w51c122hO', NULL, NULL, 0, 0, 0, 1, '37979a271c54134f77dc7d3c6b666c7a', '2018-11-17 09:48:56', '2018-11-06 18:31:57', 0, NULL),
(808, 'sletchmorelw', 'Suzette', 'Letchmore', 0, '51 Golf Street', '2008-07-08', '0957856-7882', 'sletchmorelw@blogspot.com', 'LckiaKYuwwsE', NULL, NULL, 0, 0, 0, 1, '4fadd1eb45aa302679f70d8a9da781e0', '2019-07-27 04:06:07', '2019-07-17 14:57:09', 0, NULL),
(809, 'bmackibbonlx', 'Boyce', 'MacKibbon', 2, '4 Westend Junction', '1987-10-20', '0934747-1464', 'bmackibbonlx@blinklist.com', 'dbt0fbQpKn', NULL, NULL, 0, 0, 0, 1, 'c277d417144f05aaf698831bab4fc4af', '2019-01-19 00:08:43', '2019-03-27 05:10:17', 0, NULL),
(810, 'ztillmanly', 'Zared', 'Tillman', 2, '1341 Mcguire Lane', '1983-04-15', '09154316455', 'ztillmanly@sohu.com', '7CoGyI5', NULL, NULL, 0, 0, 0, 1, 'edcfbfba1f673d2f2af1db20a7dac5c1', '2019-08-20 11:38:52', '2019-01-04 03:10:14', 0, NULL),
(811, 'zworkeslz', 'Zara', 'Workes', 0, '539 Cascade Crossing', '1971-09-18', '09731615538', 'zworkeslz@newsvine.com', 'ooiM9Y0jjn', NULL, NULL, 0, 0, 0, 1, 'd2dd626b9952d2f09bb78c6e0d4b3345', '2019-07-29 22:30:57', '2019-05-23 21:57:03', 0, NULL),
(812, 'edutchm0', 'Ethel', 'Dutch', 2, '3444 Michigan Hill', '2000-05-25', '0905-0807980', 'edutchm0@chron.com', 'tSOE58loQ', NULL, NULL, 0, 0, 0, 1, '493796327ad0a759c08fa6b765acd4c7', '2019-05-12 14:31:36', '2019-06-05 16:50:58', 0, NULL),
(813, 'nreavellm1', 'Natassia', 'Reavell', 1, '0573 Old Gate Parkway', '1981-09-04', '0908602-3072', 'nreavellm1@baidu.com', '2PrxtmBwz8', NULL, NULL, 0, 0, 0, 1, '51722eeeafa453c2ffa21d76a1135817', '2019-03-20 01:30:39', '2019-06-28 12:26:46', 0, NULL),
(814, 'awiddowsm2', 'Avram', 'Widdows', 0, '8103 Delaware Way', '1980-11-16', '0924-659-1513', 'awiddowsm2@meetup.com', 'n7NyagZwnv', NULL, NULL, 0, 0, 0, 1, '7e950a9f97ca38fb5c6d46864ca5ef61', '2019-07-30 09:59:52', '2019-03-04 14:10:52', 0, NULL),
(815, 'cbickmorem3', 'Carlina', 'Bickmore', 0, '1153 Ronald Regan Crossing', '2000-09-07', '0902-2310175', 'cbickmorem3@telegraph.co.uk', 't3t1cEIHqUcl', NULL, NULL, 0, 0, 0, 1, '56976d3f7deb9c1af822972edc96e56a', '2019-08-22 13:44:51', '2019-05-17 11:27:18', 0, NULL),
(816, 'gmcduffm4', 'Gran', 'McDuff', 2, '6816 Dakota Way', '2010-03-06', '0902-2852762', 'gmcduffm4@seattletimes.com', 'XatoMIqqAZWK', NULL, NULL, 0, 0, 0, 1, '1a240c7af0b91c0faa5e6543bde4a8d2', '2019-03-03 19:18:57', '2019-04-10 07:11:44', 0, NULL),
(817, 'sriversm5', 'Sosanna', 'Rivers', 0, '0479 6th Point', '1985-08-08', '0984-597-1481', 'sriversm5@amazon.co.uk', 'XWKH7AHBofLz', NULL, NULL, 0, 0, 0, 1, '055150b5c6c73457438ec2157c9d2142', '2018-12-29 13:38:38', '2019-04-30 16:22:07', 0, NULL),
(818, 'rpickoverm6', 'Reggie', 'Pickover', 2, '9861 Dryden Crossing', '2000-09-25', '0957581-7564', 'rpickoverm6@amazon.co.jp', 'gMgWNW3DaTAn', NULL, NULL, 0, 0, 0, 1, 'afa02fe840568b274330b4035706d5f7', '2019-09-08 13:06:53', '2019-09-15 08:18:15', 0, NULL),
(819, 'kmeliam7', 'Kali', 'Melia', 1, '1 Lakeland Park', '1966-08-04', '0992-3846130', 'kmeliam7@comsenz.com', 'Jq3skxTOM', NULL, NULL, 0, 0, 0, 1, '709cb3a3fc807ec0cf1d7ad8240b4e72', '2018-11-24 11:34:12', '2019-05-13 02:43:17', 0, NULL),
(820, 'skimmincem8', 'Seumas', 'Kimmince', 0, '83 Forest Dale Pass', '2010-10-21', '09613773937', 'skimmincem8@t-online.de', '7PyyvsUu1', NULL, NULL, 0, 0, 0, 1, 'c6f5ae962485df0066d1d98f2c357e3d', '2018-12-16 02:55:49', '2019-06-26 07:40:15', 0, NULL),
(821, 'icavenm9', 'Isabelita', 'Caven', 1, '9092 Waubesa Junction', '1997-02-03', '0943-773-2679', 'icavenm9@photobucket.com', 'sqB7HfSHqPNA', NULL, NULL, 0, 0, 0, 1, '1bce65757412c888487ec1af508903d3', '2019-09-02 10:51:18', '2019-05-16 04:36:29', 0, NULL),
(822, 'jpelosma', 'Jacklyn', 'Pelos', 0, '147 Esch Way', '1986-08-30', '09272884661', 'jpelosma@barnesandnoble.com', 'DxnSCepsgYx', NULL, NULL, 0, 0, 0, 1, '0e13891bdecdb2b8540b7cfaee986681', '2019-07-26 18:07:09', '2018-11-06 04:52:14', 0, NULL),
(823, 'csnoxillmb', 'Christyna', 'Snoxill', 1, '35 Bluejay Street', '1995-05-06', '0999-696-1024', 'csnoxillmb@mtv.com', '2iDbQbYn9Spe', NULL, NULL, 0, 0, 0, 1, '3b7a22ce1b1c11cd36c0bac3e61798b8', '2019-03-31 23:50:32', '2019-06-10 17:14:09', 0, NULL),
(824, 'dlodewickmc', 'Danila', 'Lodewick', 2, '0 Cherokee Park', '2003-05-06', '09589787131', 'dlodewickmc@last.fm', 'LAHk4LFxHp', NULL, NULL, 0, 0, 0, 1, '8d4ac8ea873a68f92d4e91f68a4c5193', '2018-11-03 19:03:05', '2019-01-25 09:47:01', 0, NULL),
(825, 'amckernmd', 'Arluene', 'McKern', 1, '4424 Paget Road', '2007-02-02', '0908562-4423', 'amckernmd@psu.edu', 'CMZGNX0eo', NULL, NULL, 0, 0, 0, 1, '65bdf817b636b17aae0e5891c98394f5', '2018-12-16 11:23:56', '2019-05-02 22:58:45', 0, NULL),
(826, 'cmabonme', 'Chaddie', 'Mabon', 0, '7266 Sutherland Street', '2017-12-23', '09837373065', 'cmabonme@yellowpages.com', 'IS1uzcFs5', NULL, NULL, 0, 0, 0, 1, '0b0bd0f3d55f08dfdbe91eae6ec61ce0', '2019-09-16 08:50:58', '2018-12-02 16:32:53', 0, NULL),
(827, 'tpilsworthmf', 'Trevor', 'Pilsworth', 0, '407 Melby Alley', '1972-06-27', '09091774992', 'tpilsworthmf@soundcloud.com', 'bsPTiYf', NULL, NULL, 0, 0, 0, 1, '148f9ca28fac8e108d4ca1595388770f', '2019-03-12 08:21:37', '2019-07-22 01:08:04', 0, NULL),
(828, 'rbulbrookmg', 'Reeva', 'Bulbrook', 2, '94 Anzinger Place', '1987-01-11', '0945-1726079', 'rbulbrookmg@fda.gov', 'SrDIbMT4j', NULL, NULL, 0, 0, 0, 1, '5b06d9c99aa5f8db9cd7ad838d52e4ed', '2019-04-22 01:00:08', '2019-02-25 20:18:16', 0, NULL),
(829, 'dbanbrickmh', 'Debi', 'Banbrick', 1, '7255 Dakota Plaza', '2010-07-24', '0900-6770306', 'dbanbrickmh@so-net.ne.jp', '7Xhs8XKMujV', NULL, NULL, 0, 0, 0, 1, 'afbc159f854451106fce0efdaebf3edb', '2018-12-08 03:59:28', '2019-04-08 14:51:36', 0, NULL),
(830, 'mmatchittmi', 'Malanie', 'Matchitt', 1, '6557 Hoffman Junction', '1975-12-19', '0932301-4774', 'mmatchittmi@geocities.com', 'bXReo1wauP', NULL, NULL, 0, 0, 0, 1, 'c07eba72d4857b51a6d9cb5c1eb4e10f', '2019-08-24 13:01:45', '2019-10-27 06:22:50', 0, NULL),
(831, 'jmccannmj', 'Janina', 'McCann', 1, '55958 Randy Point', '2014-06-08', '0978184-5974', 'jmccannmj@yellowpages.com', 'QIcXDoKBZ', NULL, NULL, 0, 0, 0, 1, '637ec1e7a02103a6b799185b43080cea', '2019-01-20 04:12:38', '2019-06-03 02:40:53', 0, NULL),
(832, 'nbrownmk', 'Nancee', 'Brown', 2, '9 Larry Place', '1994-02-26', '0925-0798090', 'nbrownmk@bizjournals.com', 'vTgyY46DFic', NULL, NULL, 0, 0, 0, 1, '02043e2bc4ff8c56480e54655cddf90a', '2018-12-17 09:31:17', '2019-08-10 02:30:42', 0, NULL),
(833, 'ddecentml', 'Darwin', 'Decent', 1, '49720 Sachs Alley', '1997-02-24', '0925-3473868', 'ddecentml@bizjournals.com', 'sWMgmUtg', NULL, NULL, 0, 0, 0, 1, 'c80f9a4ffa9e9c5ae95f2b8a4e564f1b', '2019-04-06 12:01:55', '2019-10-20 05:55:34', 0, NULL),
(834, 'mriguardmm', 'Minnnie', 'Riguard', 1, '85450 Forest Dale Court', '2015-07-19', '0970-969-2642', 'mriguardmm@purevolume.com', 'INAntJWXmhG', NULL, NULL, 0, 0, 0, 1, '02713d7a62b40f114d2fccb0b5483f55', '2019-02-17 07:24:20', '2019-10-07 23:28:22', 0, NULL),
(835, 'ecleynemn', 'Elly', 'Cleyne', 1, '23745 Moulton Circle', '2011-02-18', '09863076449', 'ecleynemn@mayoclinic.com', 'Qtr8otRne', NULL, NULL, 0, 0, 0, 1, 'cb0b452bae33bfa78870a2df4335c1c2', '2018-12-15 07:09:11', '2018-12-12 08:32:53', 0, NULL),
(836, 'cstruttonmo', 'Charlton', 'Strutton', 0, '2 Sloan Drive', '2007-04-25', '0953-051-0766', 'cstruttonmo@ameblo.jp', 'gwSdXBwA7c8', NULL, NULL, 0, 0, 0, 1, '0f3cf8ae977f8b7f20ef3b228a361cf9', '2019-06-10 07:40:57', '2019-01-18 10:43:49', 0, NULL),
(837, 'paggottmp', 'Prudy', 'Aggott', 0, '39 Springs Center', '1967-06-06', '0926-0106305', 'paggottmp@theguardian.com', '0Djvnf7', NULL, NULL, 0, 0, 0, 1, '27ff127f432d2e2757916f5a60caf9a8', '2019-03-13 09:13:21', '2018-12-17 17:21:40', 0, NULL),
(838, 'jmintermq', 'Jocelyne', 'Minter', 2, '044 Caliangt Circle', '1966-09-21', '0913309-5766', 'jmintermq@sciencedirect.com', '093CmIkgm', NULL, NULL, 0, 0, 0, 1, 'cc9317b8cd5e2932342d922725dab668', '2019-08-11 08:17:04', '2019-08-19 16:55:08', 0, NULL),
(839, 'featmr', 'Francesca', 'Eat', 2, '778 Bultman Parkway', '2010-12-23', '0911-4130740', 'featmr@cpanel.net', 'PKSygEQRaeCb', NULL, NULL, 0, 0, 0, 1, '4664b87e7ebde3bd4e90522b348a7b4a', '2019-10-08 03:28:52', '2018-12-24 14:29:21', 0, NULL),
(840, 'fwilseems', 'Franklin', 'Wilsee', 1, '6 Lyons Alley', '2006-10-11', '09586815797', 'fwilseems@hexun.com', '5eTBGgSjA', NULL, NULL, 0, 0, 0, 1, '14a2fc570bb755d30bf2176165ac8745', '2019-10-22 06:56:30', '2019-07-27 05:02:52', 0, NULL),
(841, 'cperrettmt', 'Clari', 'Perrett', 0, '5 Milwaukee Drive', '1975-12-18', '0943-120-3306', 'cperrettmt@google.co.uk', 'nn7Vbz6FBR', NULL, NULL, 0, 0, 0, 1, '1e4995a9d90b9fb0b7ea4b5727bfa0a5', '2018-11-17 03:52:23', '2019-03-23 16:20:44', 0, NULL),
(842, 'bfassammu', 'Blinni', 'Fassam', 0, '50 Oneill Center', '2004-12-17', '09525685806', 'bfassammu@engadget.com', 'mdm4mVhxB7Hz', NULL, NULL, 0, 0, 0, 1, '818564dcec81634bf93bf0d94b747f95', '2019-05-11 16:21:46', '2019-07-03 00:10:05', 0, NULL),
(843, 'cfutchermv', 'Clevey', 'Futcher', 0, '12 Ohio Lane', '1997-01-04', '0968-640-1447', 'cfutchermv@amazon.com', 'edo5IcHUoJVX', NULL, NULL, 0, 0, 0, 1, 'fa227d322efdb60183f99d1abe538979', '2019-09-20 12:40:36', '2018-11-24 09:59:26', 0, NULL),
(844, 'cgalgeymw', 'Clement', 'Galgey', 2, '0873 Maywood Road', '2019-04-20', '0929-155-0838', 'cgalgeymw@shop-pro.jp', 'B1uW588', NULL, NULL, 0, 0, 0, 1, 'e0e9d0ec20479bf9dae08a6362276cd7', '2019-07-06 07:47:51', '2019-05-28 03:18:14', 0, NULL),
(845, 'rmcinnernymx', 'Richart', 'McInnerny', 0, '77239 North Hill', '1976-11-08', '0916-1875398', 'rmcinnernymx@digg.com', 'wAsVKDJ2te', NULL, NULL, 0, 0, 0, 1, '326957a07387d5cd8044c7e7ac888937', '2018-12-20 09:51:48', '2019-08-23 12:35:34', 0, NULL),
(846, 'lgrimmolbymy', 'Laird', 'Grimmolby', 1, '7643 Golf Course Center', '1970-01-14', '09490179800', 'lgrimmolbymy@ezinearticles.com', 'IacPg9B7', NULL, NULL, 0, 0, 0, 1, '216018b6fa7a01cc3369160be978aef1', '2018-11-25 05:25:04', '2019-05-18 15:06:06', 0, NULL),
(847, 'mharbachmz', 'Mechelle', 'Harbach', 0, '118 Oak Drive', '2015-05-24', '0958237-0914', 'mharbachmz@youtu.be', 'Sm56Be', NULL, NULL, 0, 0, 0, 1, '7140b8407cc8c353cf00cb0b70c91254', '2019-10-20 12:00:17', '2019-02-09 07:05:44', 0, NULL),
(848, 'nzackn0', 'Nick', 'Zack', 1, '90873 Hoepker Way', '1982-10-28', '0995-8480015', 'nzackn0@telegraph.co.uk', '8dAwc6q', NULL, NULL, 0, 0, 0, 1, '6cdef413ef006a355dea87cb3e95262b', '2019-10-09 04:41:29', '2018-11-20 09:10:49', 0, NULL),
(849, 'rpetherickn1', 'Ruggiero', 'Petherick', 1, '51 Aberg Way', '2008-03-11', '0969007-5217', 'rpetherickn1@tmall.com', 'kAQZiF7aDFT', NULL, NULL, 0, 0, 0, 1, '6ba5e9de3a99823a0c6a70f9b0b19f8b', '2019-09-14 11:09:07', '2019-05-01 15:43:13', 0, NULL),
(850, 'kkempshalln2', 'Kristal', 'Kempshall', 2, '9 Boyd Drive', '2017-04-24', '0973742-2728', 'kkempshalln2@typepad.com', 'dWbx8R9', NULL, NULL, 0, 0, 0, 1, '8ad3f4cd2b1b1ee9a85b0d06011d7f84', '2019-07-08 19:33:05', '2019-06-18 03:36:22', 0, NULL),
(851, 'sverduinn3', 'Skippie', 'Verduin', 2, '254 Talisman Junction', '2016-04-11', '09674015658', 'sverduinn3@dagondesign.com', 'cvMT718au', NULL, NULL, 0, 0, 0, 1, 'e4fdf3ad2355e4348cfac26bea3c2e06', '2019-01-26 06:39:56', '2018-11-03 07:42:33', 0, NULL),
(852, 'yoduilleainn4', 'Yolanthe', 'O\'Duilleain', 0, '276 Armistice Hill', '1974-04-30', '0974-2249286', 'yoduilleainn4@ucoz.ru', 'haWP7tucSgW', NULL, NULL, 0, 0, 0, 1, '2f0cce97a43e72d666380b36d9b0f05f', '2019-07-14 20:36:28', '2019-04-14 11:07:09', 0, NULL),
(853, 'fdossettern5', 'Fay', 'Dossetter', 2, '3 Shoshone Lane', '1970-06-30', '0934-0336806', 'fdossettern5@ow.ly', 'haGW4SVvJ', NULL, NULL, 0, 0, 0, 1, '5ce8a018ed72bc19ed7c756844d3cae9', '2019-05-23 06:40:47', '2019-06-16 22:53:57', 0, NULL),
(854, 'bborrien6', 'Burg', 'Borrie', 1, '54000 Evergreen Park', '1977-11-22', '0946-313-1427', 'bborrien6@cnet.com', 'Sna3anIe', NULL, NULL, 0, 0, 0, 1, 'eac0fedd65dd80cc301a4197388bbfb0', '2019-05-31 11:56:59', '2019-06-29 10:11:52', 0, NULL),
(855, 'dwildenn7', 'Doti', 'Wilden', 0, '51 Dawn Crossing', '1966-06-02', '0908743-7507', 'dwildenn7@msu.edu', '0Iud5fXGe3z', NULL, NULL, 0, 0, 0, 1, '2322207d5b52e3a3d9060df131920e2b', '2019-09-28 17:36:29', '2019-09-11 00:48:03', 0, NULL),
(856, 'lslinnn8', 'Lian', 'Slinn', 0, '2 Moose Place', '1992-07-11', '09029675344', 'lslinnn8@cafepress.com', 'LPAgOfKmeyr', NULL, NULL, 0, 0, 0, 1, '4edb36be4c81a12e3e12cc54196144d5', '2019-06-22 13:55:22', '2019-07-05 02:49:35', 0, NULL),
(857, 'fvannikovn9', 'Fleurette', 'Vannikov', 1, '772 Dayton Junction', '1977-08-11', '0945-339-5182', 'fvannikovn9@indiegogo.com', 'DGPW5lq', NULL, NULL, 0, 0, 0, 1, 'f04f5daa5067adfe87ad686bf17bcb9b', '2019-07-14 07:14:04', '2019-05-09 15:51:49', 0, NULL),
(858, 'rdranna', 'Rena', 'Dran', 1, '29 Dovetail Park', '1978-08-30', '0990-358-7830', 'rdranna@archive.org', 'Lg9lG1pOTPDl', NULL, NULL, 0, 0, 0, 1, '9d7dcab53d5a6da12417829580c1cbe5', '2019-01-26 19:18:19', '2019-05-31 02:38:49', 0, NULL),
(859, 'cboatswainnb', 'Constance', 'Boatswain', 2, '7525 Farragut Road', '1979-12-18', '09883658761', 'cboatswainnb@bloomberg.com', 'f0B968LZ86', NULL, NULL, 0, 0, 0, 1, 'bb91831f3e3d3fa7106d5d5506eb3844', '2019-03-30 00:14:03', '2019-03-19 13:47:54', 0, NULL),
(860, 'fmoorheadnc', 'Fredra', 'Moorhead', 1, '8249 Dahle Point', '1993-05-22', '09516584706', 'fmoorheadnc@netscape.com', 'Yy5ehOMptW', NULL, NULL, 0, 0, 0, 1, '1a827f971ee43d07e1527d93dd6907c1', '2019-04-04 13:02:12', '2019-02-26 09:19:36', 0, NULL),
(861, 'gtremainnd', 'Gaylor', 'Tremain', 0, '05 Texas Center', '2006-05-09', '09120026248', 'gtremainnd@wiley.com', 'IfpSZOIC', NULL, NULL, 0, 0, 0, 1, 'a5d5f28e9235a496e367c55b8a1560e8', '2019-04-08 15:37:24', '2019-10-24 15:20:40', 0, NULL),
(862, 'mwegnerne', 'Mikaela', 'Wegner', 2, '4 Hooker Terrace', '1979-03-14', '0932-098-5269', 'mwegnerne@google.co.jp', 'NBNwTK', NULL, NULL, 0, 0, 0, 1, 'ce95d92cc38f3b212bcf345fcab129f0', '2019-07-19 23:13:45', '2019-10-26 14:33:03', 0, NULL),
(863, 'ymcmonniesnf', 'Yulma', 'McMonnies', 1, '26192 Ohio Parkway', '1978-03-29', '0959-020-5610', 'ymcmonniesnf@sfgate.com', 'FxV9pL1VTHdw', NULL, NULL, 0, 0, 0, 1, '1aa121ae21a963cdca51ebf79244da7d', '2019-06-20 23:50:28', '2019-08-10 12:12:25', 0, NULL),
(864, 'skrammerng', 'Shurlocke', 'Krammer', 0, '3 Declaration Circle', '1977-05-14', '0935-044-5041', 'skrammerng@smh.com.au', 'fwOacPWWU', NULL, NULL, 0, 0, 0, 1, '019b08380bd22f67679d36ceffc358f3', '2019-07-16 19:15:54', '2019-10-07 20:21:35', 0, NULL),
(865, 'sbreednh', 'Selena', 'Breed', 2, '914 Porter Crossing', '1981-03-27', '0937647-9767', 'sbreednh@netvibes.com', 'vDmxnG0', NULL, NULL, 0, 0, 0, 1, '14d603641f101f14aa13ab2a04a7f837', '2019-01-07 06:03:46', '2019-07-03 02:52:41', 0, NULL),
(866, 'mtroakni', 'Maryellen', 'Troak', 1, '34 Kropf Junction', '1968-12-17', '0944754-3815', 'mtroakni@jalbum.net', 'YYpUKqFXk', NULL, NULL, 0, 0, 0, 1, 'cafac356eab6b6239226ae04b212b8df', '2019-09-30 07:29:08', '2019-01-05 19:35:20', 0, NULL),
(867, 'gbeattynj', 'Georgi', 'Beatty', 2, '13124 Esch Place', '1970-10-07', '09394849377', 'gbeattynj@google.ru', 'qC6YRjGlQ', NULL, NULL, 0, 0, 0, 1, '6fb20b74560a807053d0ece8f885e81c', '2019-09-15 15:02:54', '2018-12-15 04:28:53', 0, NULL),
(868, 'koglesnk', 'Kirbee', 'Ogles', 0, '3 Logan Lane', '2000-02-22', '09537902283', 'koglesnk@telegraph.co.uk', 'OHswZM', NULL, NULL, 0, 0, 0, 1, 'e08343ade3d8f968c68bfe2012d3c06b', '2018-12-17 18:32:55', '2019-08-09 23:33:29', 0, NULL),
(869, 'ekrellenl', 'Eleonora', 'Krelle', 1, '2021 Elka Parkway', '1970-08-02', '0913-075-3670', 'ekrellenl@tmall.com', 'TqMFLHwd', NULL, NULL, 0, 0, 0, 1, '40e0dcee2bcea898a4f64df5d652bec0', '2019-02-20 06:23:11', '2019-03-19 08:56:34', 0, NULL),
(870, 'edouldennm', 'Eada', 'Doulden', 0, '90242 Sunnyside Lane', '2013-10-28', '09058827059', 'edouldennm@apache.org', 'OoUqOLcHVVqU', NULL, NULL, 0, 0, 0, 1, '2f37f2abc484b9a0b2d4e01a872c5056', '2019-06-02 08:21:29', '2019-03-23 05:43:19', 0, NULL),
(871, 'mgaskoinnn', 'Meir', 'Gaskoin', 0, '2 Tennessee Point', '1982-12-12', '0907283-8555', 'mgaskoinnn@godaddy.com', 'BgMIuIt0DFt', NULL, NULL, 0, 0, 0, 1, 'f64ad258802b117381e8f7cea1a82c34', '2019-09-11 18:00:54', '2019-04-23 23:58:00', 0, NULL),
(872, 'cdearnalyno', 'Cilka', 'Dearnaly', 1, '54418 Bluejay Crossing', '1971-12-07', '0928476-7036', 'cdearnalyno@sogou.com', '7BjrQz', NULL, NULL, 0, 0, 0, 1, '71a32f1ee4f5684b7a36bd4e64a190a2', '2019-08-22 14:55:28', '2018-11-17 01:52:12', 0, NULL),
(873, 'stardiffnp', 'Stanleigh', 'Tardiff', 2, '683 Bayside Plaza', '1980-05-13', '0996-8584232', 'stardiffnp@telegraph.co.uk', '8Oq6ynkrd', NULL, NULL, 0, 0, 0, 1, 'e941b54d8bd107bcf9c3c645076e9a92', '2018-11-16 16:50:36', '2019-01-12 00:10:28', 0, NULL),
(874, 'mpercivalnq', 'Merla', 'Percival', 2, '1 Summit Point', '1983-12-08', '0970670-1511', 'mpercivalnq@nhs.uk', '3EbZzP7BIKx', NULL, NULL, 0, 0, 0, 1, '29682f7f5a3dc31a6818000badeaa767', '2019-01-19 21:03:12', '2019-01-05 19:08:06', 0, NULL),
(875, 'mwedmorenr', 'Maximilian', 'Wedmore.', 2, '4147 Mendota Place', '2006-04-04', '0977029-9169', 'mwedmorenr@jimdo.com', 'UQbh3ceIigk', NULL, NULL, 0, 0, 0, 1, '9ba47b613b265b2ce515964c4818295f', '2019-02-06 11:35:38', '2019-09-21 13:24:36', 0, NULL),
(876, 'cchapellowns', 'Curtis', 'Chapellow', 2, '82454 4th Park', '1984-02-11', '09151949207', 'cchapellowns@simplemachines.org', 'NwDzuzTv', NULL, NULL, 0, 0, 0, 1, '6e434d070d234bf7d5dfb4ebf9480e1a', '2019-10-22 06:11:48', '2019-03-25 17:08:05', 0, NULL),
(877, 'geytelnt', 'Gottfried', 'Eytel', 2, '50 West Plaza', '2002-02-13', '0978-7103598', 'geytelnt@arstechnica.com', 'SeIw4H', NULL, NULL, 0, 0, 0, 1, '4551fbeb7cb9035486b3fdcc8f4ec705', '2019-07-06 23:27:17', '2019-10-08 13:44:44', 0, NULL),
(878, 'gfuentenu', 'Gabby', 'Fuente', 2, '42 Summerview Way', '1966-07-18', '0994-7098878', 'gfuentenu@symantec.com', '8ETips', NULL, NULL, 0, 0, 0, 1, '6ec6bdcfb0ede70e2827017842a50ef5', '2019-07-09 21:01:46', '2018-11-29 03:00:03', 0, NULL),
(879, 'pkingstnenv', 'Pasquale', 'Kingstne', 1, '42 Morningstar Terrace', '1999-09-13', '0914-6908953', 'pkingstnenv@businesswire.com', 'ecEIfQwlTAo', NULL, NULL, 0, 0, 0, 1, 'eec4661d2845a252fbc3513169e77510', '2019-04-11 05:57:30', '2019-01-03 18:13:15', 0, NULL),
(880, 'bhidderleynw', 'Bank', 'Hidderley', 1, '30 High Crossing Point', '1966-12-10', '0971-8757350', 'bhidderleynw@163.com', '9az39v', NULL, NULL, 0, 0, 0, 1, '4fa662291c20c25a0fc578026924d225', '2019-04-15 00:19:22', '2019-09-15 13:12:44', 0, NULL),
(881, 'rlilenx', 'Robin', 'Lile', 2, '5 Vera Terrace', '1995-10-12', '0990-173-3834', 'rlilenx@networksolutions.com', 'HDmCmwu', NULL, NULL, 0, 0, 0, 1, '38b82da3fbe74782ab89cf17ae267994', '2019-07-24 18:45:30', '2019-09-18 07:00:54', 0, NULL),
(882, 'dskuseny', 'Dorthea', 'Skuse', 2, '6 Drewry Crossing', '1978-03-27', '0914259-8576', 'dskuseny@taobao.com', 'juFQ1PS5I', NULL, NULL, 0, 0, 0, 1, 'd49af0acfb9734931209e2c9c4562229', '2019-04-02 15:42:24', '2019-05-11 01:05:29', 0, NULL),
(883, 'ctrokernz', 'Cecilius', 'Troker', 1, '88 Donald Drive', '1980-09-19', '0994-2948413', 'ctrokernz@cloudflare.com', 'hQb3F5', NULL, NULL, 0, 0, 0, 1, '82037ff75bff4f53603cf602427f7adc', '2019-09-25 21:43:25', '2019-05-18 09:26:12', 0, NULL),
(884, 'jfilppettio0', 'Jillene', 'Filppetti', 1, '8 Sherman Lane', '1981-03-08', '09639700283', 'jfilppettio0@netvibes.com', 'LLflMa', NULL, NULL, 0, 0, 0, 1, 'a4fb02ba78d5312832aeef370555e5a9', '2018-12-07 01:49:42', '2019-01-06 13:28:53', 0, NULL),
(885, 'fmiliero1', 'Florrie', 'Milier', 1, '30 Waxwing Road', '1997-07-05', '0966-995-7910', 'fmiliero1@mayoclinic.com', '8JC4C5R5iws', NULL, NULL, 0, 0, 0, 1, '1091ef81a8a4b91ffe7de9fa28884f22', '2019-07-18 08:54:41', '2019-06-28 15:14:27', 0, NULL),
(886, 'csuermeiero2', 'Casandra', 'Suermeier', 0, '3 Algoma Plaza', '1983-01-23', '0987-4379735', 'csuermeiero2@paypal.com', 'tjV3Vae9x2', NULL, NULL, 0, 0, 0, 1, '369ce360030b7d50b569bf9fd3f2d270', '2019-02-05 17:22:16', '2019-05-26 22:31:06', 0, NULL),
(887, 'mpauluscho3', 'Marcelo', 'Paulusch', 1, '493 Fordem Pass', '2018-08-14', '09151912308', 'mpauluscho3@yahoo.com', 'ctPGCYyQFE', NULL, NULL, 0, 0, 0, 1, 'd079be9c78f828640cd750cf57bd6b59', '2019-09-27 13:57:21', '2019-06-25 09:47:15', 0, NULL),
(888, 'presideo4', 'Paddie', 'Reside', 1, '1 Mallory Road', '1983-03-13', '0918-5624913', 'presideo4@parallels.com', 'wbUUZCwF', NULL, NULL, 0, 0, 0, 1, '2867da967959d98e9be011f6bb56a0f4', '2019-09-18 10:29:41', '2019-03-23 19:33:37', 0, NULL),
(889, 'rtreato5', 'Reed', 'Treat', 1, '0779 Thierer Place', '2006-12-31', '0957-644-5253', 'rtreato5@deviantart.com', 'EYwqyrp8p', NULL, NULL, 0, 0, 0, 1, 'c628505d1ed6d9905062e3e2f704dfc7', '2019-09-06 17:27:17', '2019-09-15 18:24:52', 0, NULL),
(890, 'hromanso6', 'Hughie', 'Romans', 0, '099 Sunnyside Hill', '2016-04-24', '0987-868-5161', 'hromanso6@yolasite.com', 'hcHWitGM', NULL, NULL, 0, 0, 0, 1, 'bd7f8d4fd4a907ff9d589ee6e5bb9f09', '2019-07-25 14:32:10', '2019-08-05 11:37:55', 0, NULL),
(891, 'sfuluno7', 'Shaylah', 'Fulun', 0, '69 Riverside Road', '1982-06-27', '0945-1469827', 'sfuluno7@histats.com', 'g2YGKe', NULL, NULL, 0, 0, 0, 1, '3b95d8d6378e3ef74abf70f4404c6df1', '2019-06-23 17:52:14', '2019-04-08 09:30:54', 0, NULL),
(892, 'epowiso8', 'Englebert', 'Powis', 2, '58 Hanson Center', '2015-12-03', '0923-828-5571', 'epowiso8@51.la', '9qFryBl78kZU', NULL, NULL, 0, 0, 0, 1, 'b270d1884cfebbe18b2c133a6fac0520', '2018-11-10 08:35:05', '2019-03-07 14:47:31', 0, NULL),
(893, 'gmccurdyo9', 'Goober', 'McCurdy', 1, '587 Bellgrove Place', '1980-01-19', '09699620966', 'gmccurdyo9@bloglovin.com', '3AdAIl', NULL, NULL, 0, 0, 0, 1, 'fc2ea3bc28363a025bb162489b21c7a6', '2019-04-30 03:15:08', '2019-04-23 10:28:41', 0, NULL),
(894, 'faparkoa', 'Fonsie', 'Apark', 1, '0557 Chinook Road', '1973-08-14', '0983-167-6748', 'faparkoa@illinois.edu', 'mOGLi04Ck', NULL, NULL, 0, 0, 0, 1, '0c9724bad2494d795774956a60ea1051', '2018-12-31 02:11:00', '2019-09-13 14:59:24', 0, NULL),
(895, 'omurtonob', 'Olva', 'Murton', 0, '11 Garrison Road', '1981-02-25', '0911-0456057', 'omurtonob@list-manage.com', 'yPzNanV', NULL, NULL, 0, 0, 0, 1, 'f10d85293a5d4c16887e120ce41557e2', '2018-10-30 13:03:57', '2019-03-08 04:50:04', 0, NULL),
(896, 'bbendareoc', 'Breanne', 'Bendare', 1, '81195 New Castle Avenue', '2006-02-15', '0921-7903082', 'bbendareoc@opera.com', '4Xeb3M0k1dwi', NULL, NULL, 0, 0, 0, 1, '6fa094a8fc7477c077af1a60a9d289e4', '2019-01-25 07:30:05', '2019-08-21 00:27:46', 0, NULL),
(897, 'ndellcasaod', 'Nestor', 'Dell Casa', 1, '07 Melvin Alley', '1996-04-16', '0908040-6433', 'ndellcasaod@360.cn', 'iQOtqxHV', NULL, NULL, 0, 0, 0, 1, '242bff87bf85ae31fc3dd3cdcaf23f1a', '2019-10-26 15:38:29', '2019-09-17 06:07:17', 0, NULL),
(898, 'ljantonoe', 'Leonerd', 'Janton', 1, '9 Summer Ridge Lane', '1989-08-15', '0971-8286772', 'ljantonoe@oakley.com', 'YfVtu9Fv', NULL, NULL, 0, 0, 0, 1, '15faddd752d4d661f3d9fd4b2c803889', '2019-09-21 03:04:00', '2019-09-22 04:16:26', 0, NULL),
(899, 'mcomettoiof', 'Merrili', 'Comettoi', 2, '57676 Claremont Park', '2019-06-24', '0959-846-6273', 'mcomettoiof@google.it', 'CXUJ86H', NULL, NULL, 0, 0, 0, 1, '11ea4b567e5ebf7afa6020addb7d18aa', '2019-09-23 02:47:55', '2018-11-07 21:07:08', 0, NULL),
(900, 'yhadawayog', 'Yuri', 'Hadaway', 1, '2984 Meadow Ridge Junction', '1970-02-05', '0988-8653230', 'yhadawayog@uiuc.edu', 'gF294FuGW', NULL, NULL, 0, 0, 0, 1, '8df7ec64224b3b959fff2483b77a09dd', '2019-09-04 21:37:28', '2019-06-30 05:54:47', 0, NULL),
(901, 'mlukehurstoh', 'Marielle', 'Lukehurst', 0, '85 Summit Place', '2002-09-02', '0976-565-5196', 'mlukehurstoh@cnbc.com', 'pWbVttPrs', NULL, NULL, 0, 0, 0, 1, '554bb18c7aadef5cb92fc742ad26388b', '2019-04-05 11:47:50', '2019-03-23 10:15:47', 0, NULL),
(902, 'amcskeaganoi', 'Alyssa', 'McSkeagan', 1, '51379 Acker Pass', '1969-12-19', '09388704508', 'amcskeaganoi@reverbnation.com', 'd8CRD9WJ', NULL, NULL, 0, 0, 0, 1, '2d6d55d50dd10563bc293d42cf2af928', '2019-04-15 21:26:16', '2019-03-29 03:20:48', 0, NULL),
(903, 'tdunabieoj', 'Tandy', 'Dunabie', 1, '8727 Pleasure Circle', '2002-02-04', '09760856391', 'tdunabieoj@seattletimes.com', 'CL3g7p', NULL, NULL, 0, 0, 0, 1, 'e2deb4c81260134a20cca3b4c8e6838e', '2019-03-31 04:28:25', '2019-03-28 23:40:21', 0, NULL),
(904, 'kbothieok', 'Kalina', 'Bothie', 2, '554 Arapahoe Avenue', '2005-08-14', '0971855-6010', 'kbothieok@surveymonkey.com', 'gfXFoL3SCi', NULL, NULL, 0, 0, 0, 1, 'ec82887518c7d490db41f5648c62a1b4', '2019-03-01 18:15:38', '2019-05-20 06:50:00', 0, NULL),
(905, 'sjoerningol', 'Saunders', 'Joerning', 0, '499 Mallory Center', '1970-10-13', '0980-727-1741', 'sjoerningol@prnewswire.com', 'R7DyGbUL', NULL, NULL, 0, 0, 0, 1, 'd2d63df7d5539e1c338c74acbe065d34', '2019-09-20 07:53:20', '2019-09-08 23:34:38', 0, NULL),
(906, 'nmabbom', 'Nahum', 'Mabb', 2, '9 Crescent Oaks Center', '2001-09-30', '0933-341-0731', 'nmabbom@topsy.com', 'Fg8sasRP5', NULL, NULL, 0, 0, 0, 1, '90f8cb9a3677e59be80b1e1feec43ad2', '2019-10-12 05:51:31', '2018-11-30 16:03:23', 0, NULL),
(907, 'tmichelon', 'Tara', 'Michel', 2, '2 Buell Road', '1979-10-28', '0900-0744833', 'tmichelon@elegantthemes.com', 'dE8CgPMQo9Ie', NULL, NULL, 0, 0, 0, 1, '6e801a2dbe4193b276da73f56216dbd8', '2019-04-13 21:46:07', '2019-10-04 20:53:28', 0, NULL),
(908, 'sanfussooo', 'Salem', 'Anfusso', 0, '98 Green Alley', '1989-11-21', '0963-6808829', 'sanfussooo@ovh.net', 's5AFRON', NULL, NULL, 0, 0, 0, 1, 'b14ad1897b3a6cba107186da470d83a2', '2019-04-03 06:31:14', '2019-01-29 21:43:40', 0, NULL),
(909, 'lpiersonop', 'Leeland', 'Pierson', 2, '8609 Fuller Pass', '2015-08-09', '0960-2645772', 'lpiersonop@wix.com', 'GefebsZe', NULL, NULL, 0, 0, 0, 1, '3aa10d982fc5086253ecd3199c354d0d', '2019-05-25 20:02:51', '2019-06-12 03:29:50', 0, NULL),
(910, 'pdemarcooq', 'Porty', 'de Marco', 1, '45 Corscot Road', '1997-05-26', '09236294312', 'pdemarcooq@mapquest.com', 'x4RSvu', NULL, NULL, 0, 0, 0, 1, '8c2d727576f9056282c6855b459a7302', '2019-05-25 18:03:05', '2018-11-15 19:37:46', 0, NULL),
(911, 'jcostockor', 'Juditha', 'Costock', 0, '076 Loftsgordon Pass', '2015-06-10', '0959-885-4395', 'jcostockor@twitter.com', 'Wbbso3fGf', NULL, NULL, 0, 0, 0, 1, '401608bcf9568c2ba9503e42846d24f6', '2019-08-04 17:06:41', '2018-12-11 18:04:55', 0, NULL),
(912, 'amauroos', 'Ardelia', 'Mauro', 1, '499 Chive Street', '1990-09-24', '0936-382-6850', 'amauroos@abc.net.au', 'DMZU8Cix9', NULL, NULL, 0, 0, 0, 1, '072df907040f5cde2baf2d50de0565cd', '2018-12-28 07:31:41', '2019-06-04 05:22:48', 0, NULL),
(913, 'sdedmamot', 'Sunny', 'Dedmam', 2, '474 Farragut Park', '1988-01-18', '0934-748-4975', 'sdedmamot@macromedia.com', 'QtoWwdVJdZ', NULL, NULL, 0, 0, 0, 1, '933cd5afeb8bf97c58f3b08d4ce1b353', '2019-02-11 00:50:01', '2019-04-25 12:28:42', 0, NULL),
(914, 'aoverlowou', 'Austin', 'Overlow', 2, '08 Spaight Point', '2000-07-13', '0906-8312822', 'aoverlowou@elegantthemes.com', '7PsHHB2DlY', NULL, NULL, 0, 0, 0, 1, 'c872f1ee9b4ddb516b24bc5c78d4a1ec', '2019-09-14 20:44:18', '2019-03-22 07:35:16', 0, NULL),
(915, 'bstangeov', 'Burt', 'St Ange', 2, '60630 Gateway Junction', '2017-08-01', '0966-8627746', 'bstangeov@washingtonpost.com', '5xiNUI41ltW3', NULL, NULL, 0, 0, 0, 1, '25e15cbb0b208e8458ed806e5ad5dc68', '2018-12-03 13:00:50', '2018-11-16 05:40:33', 0, NULL),
(916, 'lbinfordow', 'Lorin', 'Binford', 0, '47 Algoma Drive', '2009-01-02', '0984-302-0744', 'lbinfordow@ted.com', 'ATeireCV93', NULL, NULL, 0, 0, 0, 1, '0bee06b5e223da8b5c9cfea806023ea5', '2019-09-27 01:31:10', '2019-05-07 12:01:29', 0, NULL),
(917, 'dandreichikox', 'Dara', 'Andreichik', 2, '5 Dayton Place', '1995-07-08', '0950-019-9617', 'dandreichikox@wired.com', 'Xglj9kwjArgW', NULL, NULL, 0, 0, 0, 1, 'a0023d24570c88624424c717d8215f09', '2019-01-13 04:57:35', '2019-01-27 20:20:14', 0, NULL),
(918, 'ghastoy', 'Garold', 'Hast', 0, '4 Sunbrook Park', '1992-01-20', '09917082766', 'ghastoy@unesco.org', 'iFLG5eIpsI', NULL, NULL, 0, 0, 0, 1, '2559b7e173d1483e3d22090db84e26d4', '2019-08-05 18:54:38', '2019-08-15 13:49:04', 0, NULL),
(919, 'fweatherupoz', 'Fredelia', 'Weatherup', 0, '99 Hollow Ridge Court', '2017-02-26', '09433571009', 'fweatherupoz@php.net', 'NoJ3DLKAv', NULL, NULL, 0, 0, 0, 1, '8a4a843942557139daafe606302737cc', '2018-12-14 02:39:02', '2019-03-03 02:47:00', 0, NULL),
(920, 'vmcguffiep0', 'Violante', 'McGuffie', 0, '1 Troy Center', '1965-11-17', '0923-727-7257', 'vmcguffiep0@wp.com', '4nNtc5Es2rS', NULL, NULL, 0, 0, 0, 1, '0a86e3b7869b7f088dfa5157b51f5f32', '2018-12-22 11:48:35', '2019-06-03 01:05:21', 0, NULL),
(921, 'deldrittp1', 'Desiree', 'Eldritt', 0, '10 Grayhawk Court', '1985-06-26', '0939916-2323', 'deldrittp1@eventbrite.com', '8yrhzvXckz', NULL, NULL, 0, 0, 0, 1, 'ace0623c2d434e7daf0ae31b021b1538', '2018-11-25 13:32:03', '2018-12-13 15:58:13', 0, NULL),
(922, 'blantuffp2', 'Bria', 'Lantuff', 2, '9 Stone Corner Street', '2003-05-18', '0948-554-2904', 'blantuffp2@tiny.cc', 'STduTmeMCGy', NULL, NULL, 0, 0, 0, 1, 'f01a224be723de58f9a47d281fbbce25', '2019-05-18 19:38:16', '2019-01-26 10:02:59', 0, NULL),
(923, 'bdurtnalp3', 'Bern', 'Durtnal', 1, '88 Northfield Way', '1974-01-05', '0945-7503694', 'bdurtnalp3@posterous.com', 'q5BPQWfXCC', NULL, NULL, 0, 0, 0, 1, 'd189ed0c84c6e444fa282bd816f77860', '2018-11-23 01:15:17', '2019-09-08 04:36:34', 0, NULL),
(924, 'mscogginp4', 'Merill', 'Scoggin', 1, '5407 Elmside Way', '1985-07-10', '09782193926', 'mscogginp4@hubpages.com', 'QbKaYt', NULL, NULL, 0, 0, 0, 1, '3eb54e19296659ae5856436137924d95', '2019-07-22 01:29:32', '2019-03-29 06:49:42', 0, NULL),
(925, 'penokssonp5', 'Parrnell', 'Enoksson', 1, '843 Reinke Place', '2002-10-09', '0986-686-5432', 'penokssonp5@1und1.de', 'Sx2Dk1VQX', NULL, NULL, 0, 0, 0, 1, '62ea0750c002d01d1d994c4452410267', '2019-05-26 16:07:38', '2019-01-18 07:28:26', 0, NULL),
(926, 'kgabalap6', 'Karrie', 'Gabala', 1, '30 Surrey Trail', '2003-02-22', '0937-1530893', 'kgabalap6@slashdot.org', 'zkLzpJ8u', NULL, NULL, 0, 0, 0, 1, 'd0397c44b1b5845d563ae12bf21a58b1', '2018-11-02 13:36:39', '2019-09-07 00:31:47', 0, NULL),
(927, 'tburnellp7', 'Terence', 'Burnell', 2, '45 Hayes Drive', '2012-10-29', '0921853-0441', 'tburnellp7@liveinternet.ru', 'o3qybePneY', NULL, NULL, 0, 0, 0, 1, '47db493392d80dbea76122b6a11809b7', '2019-08-20 05:12:22', '2019-09-27 09:51:43', 0, NULL),
(928, 'mcubberleyp8', 'Marice', 'Cubberley', 0, '9 Roxbury Way', '1994-12-13', '0969-587-6822', 'mcubberleyp8@vistaprint.com', 'Xj7xf4PIZb', NULL, NULL, 0, 0, 0, 1, 'c79048f7649ebbfc7896ca3685f49c90', '2019-01-22 11:06:52', '2019-02-01 18:40:25', 0, NULL),
(929, 'egartshorep9', 'Ermin', 'Gartshore', 0, '4 Sommers Trail', '1977-08-16', '0943-592-8278', 'egartshorep9@oakley.com', 'tgptIH', NULL, NULL, 0, 0, 0, 1, 'd6923ba432e9330b266bcc4c487511c0', '2019-06-27 07:34:16', '2019-06-25 21:05:03', 0, NULL),
(930, 'agooddypa', 'Amata', 'Gooddy', 1, '9 Blackbird Terrace', '1979-05-13', '09175289508', 'agooddypa@csmonitor.com', 'k8WsyrU6i', NULL, NULL, 0, 0, 0, 1, '8f2c06949764e1b8a1939acd43f9b27d', '2019-03-15 06:54:24', '2018-11-12 11:51:32', 0, NULL),
(931, 'tdelappb', 'Tybalt', 'Delap', 0, '1 Red Cloud Drive', '2016-05-07', '09858634054', 'tdelappb@imageshack.us', 'kDVCEgkwWeWr', NULL, NULL, 0, 0, 0, 1, '5121b2bb855c0f775d6c778cfdf3dea6', '2019-09-28 00:34:34', '2019-03-20 02:04:26', 0, NULL),
(932, 'lcroutearpc', 'Liam', 'Croutear', 1, '04512 Atwood Park', '1965-11-08', '0982-8155837', 'lcroutearpc@imageshack.us', 'Kt6Jacm', NULL, NULL, 0, 0, 0, 1, 'd67e3250f7a429fa7913d37fbd01b2f8', '2019-07-18 20:03:12', '2019-05-30 20:02:31', 0, NULL),
(933, 'btackespd', 'Brnaba', 'Tackes', 2, '03005 Washington Crossing', '1996-06-05', '0923418-8179', 'btackespd@nymag.com', 'AcSUrhMeP0v', NULL, NULL, 0, 0, 0, 1, 'e873efca8abae31f855049214d4391a2', '2019-10-02 06:37:22', '2019-06-15 06:14:21', 0, NULL),
(934, 'vcorkepe', 'Veronica', 'Corke', 2, '27267 Forest Run Trail', '2006-09-20', '0976-6479172', 'vcorkepe@spiegel.de', 'klEMAtB', NULL, NULL, 0, 0, 0, 1, '995d78c3dfeaeb8bfcf44aecb1147c7f', '2018-12-04 00:16:42', '2019-05-01 10:14:19', 0, NULL),
(935, 'fexonpf', 'Fabiano', 'Exon', 1, '73421 Larry Point', '1968-06-04', '09657830602', 'fexonpf@digg.com', 'KrJHSG3', NULL, NULL, 0, 0, 0, 1, '34f8512103546455a64f303ab5c7dcbc', '2019-05-27 00:41:09', '2019-08-25 19:08:37', 0, NULL),
(936, 'jpetytpg', 'Jayson', 'Petyt', 1, '27 Shelley Center', '1987-08-25', '0934110-4449', 'jpetytpg@google.pl', 'h4SkUi', NULL, NULL, 0, 0, 0, 1, '1f00f423c0bd8f2a83348ee8a77efbd1', '2018-11-04 09:20:36', '2019-01-08 12:36:47', 0, NULL),
(937, 'ncessfordph', 'Nydia', 'Cessford', 1, '337 Aberg Place', '1989-08-24', '0985-935-3821', 'ncessfordph@disqus.com', '30SDJMt6', NULL, NULL, 0, 0, 0, 1, '347290f53356bd8a46b1cb2d97b2d141', '2019-10-19 15:23:49', '2019-03-04 10:10:45', 0, NULL),
(938, 'bsoffepi', 'Barby', 'Soffe', 0, '3291 Algoma Pass', '2007-03-15', '0915-245-2676', 'bsoffepi@bbb.org', '3mBQaXAGIj', NULL, NULL, 0, 0, 0, 1, 'ee887b59815868419d848b88778604cd', '2018-12-29 20:41:16', '2019-05-21 23:34:08', 0, NULL),
(939, 'pantleypj', 'Padget', 'Antley', 2, '1717 Dottie Place', '1982-05-27', '0950-6247929', 'pantleypj@wordpress.com', '3FVpbDf', NULL, NULL, 0, 0, 0, 1, 'db270172256faa8c5ecc14ba91de5457', '2019-08-12 07:03:21', '2019-01-05 16:13:00', 0, NULL),
(940, 'azoldpk', 'Adina', 'Zold', 0, '367 Judy Court', '2003-01-04', '0921-4968028', 'azoldpk@jalbum.net', 'abHuShAF3', NULL, NULL, 0, 0, 0, 1, '088fee8c37b03124bef423b7418eab7f', '2019-01-16 04:59:00', '2019-03-23 06:29:23', 0, NULL),
(941, 'dcogerpl', 'Dulsea', 'Coger', 0, '46235 Bellgrove Road', '1988-12-30', '09415752063', 'dcogerpl@oakley.com', 'ZolXN1A', NULL, NULL, 0, 0, 0, 1, '208706ff11a17571e880f945702e0535', '2019-04-17 17:01:17', '2019-04-10 18:06:01', 0, NULL),
(942, 'tpatrichepm', 'Turner', 'Patriche', 2, '4 Warrior Avenue', '1981-02-24', '0977-985-0819', 'tpatrichepm@yolasite.com', 'HYMW7sMyo', NULL, NULL, 0, 0, 0, 1, '214bf60f6b87622e73e14be65e22536e', '2019-05-04 10:45:16', '2018-11-12 21:15:47', 0, NULL),
(943, 'mdewfallpn', 'Mellisa', 'Dewfall', 1, '6793 Paget Lane', '2010-10-09', '0903-018-5682', 'mdewfallpn@google.de', 'aSs4uy', NULL, NULL, 0, 0, 0, 1, 'ecdce4e2ee3bacd8fddf2b4ff8f468e1', '2019-07-27 12:50:28', '2019-03-05 13:42:49', 0, NULL),
(944, 'rhufferpo', 'Rodge', 'Huffer', 1, '918 Petterle Road', '1986-10-20', '0935-483-0350', 'rhufferpo@scientificamerican.com', 'HtlpBd', NULL, NULL, 0, 0, 0, 1, 'f0831f36187c19718d6b5d508941cfe6', '2019-10-02 18:32:39', '2018-12-09 10:59:44', 0, NULL),
(945, 'ethrowerpp', 'Erica', 'Thrower', 1, '2 Meadow Ridge Crossing', '1967-12-20', '0914929-3101', 'ethrowerpp@hud.gov', 'soHMc3hvs', NULL, NULL, 0, 0, 0, 1, '5ab9b828659a6b8721f341dc84821571', '2018-12-10 10:47:57', '2019-04-13 21:24:51', 0, NULL),
(946, 'tsotworthpq', 'Tatum', 'Sotworth', 1, '189 Grover Crossing', '1992-05-10', '0977-862-9204', 'tsotworthpq@google.fr', '1WOBVfW', NULL, NULL, 0, 0, 0, 1, '32649a34de9065c61fddce8f9c4802f5', '2018-12-03 16:06:21', '2019-08-14 16:08:42', 0, NULL),
(947, 'mduranpr', 'Marcela', 'Duran', 2, '193 Comanche Lane', '1998-08-09', '0939591-3754', 'mduranpr@home.pl', 'TzTyQUh', NULL, NULL, 0, 0, 0, 1, '7cd0acb5ad93df933c24ea87094e51aa', '2019-08-26 09:10:38', '2019-01-15 22:38:23', 0, NULL),
(948, 'bstapletonps', 'Benny', 'Stapleton', 1, '87 Towne Alley', '1972-02-25', '0975-9593503', 'bstapletonps@cam.ac.uk', 'R2oRysFSyS', NULL, NULL, 0, 0, 0, 1, '670723b1763122ccd2a4a0768947d8f0', '2019-08-22 06:11:45', '2019-05-07 08:08:06', 0, NULL),
(949, 'tmccarrellpt', 'Tommy', 'McCarrell', 2, '337 Brickson Park Junction', '1987-08-04', '0992593-4899', 'tmccarrellpt@bing.com', 'cgbxHx8Ruhk', NULL, NULL, 0, 0, 0, 1, 'c36c95ff2e2e22ad1a6203e7e74bde88', '2018-11-30 19:45:08', '2018-12-09 19:06:11', 0, NULL),
(950, 'ndellepu', 'Nessie', 'Delle', 0, '8 Jenna Pass', '1992-07-06', '09094181822', 'ndellepu@dropbox.com', '80qm11', NULL, NULL, 0, 0, 0, 1, 'a65ad36cad35cee45b5cbc96bd8afaae', '2019-03-01 12:40:51', '2019-04-06 22:53:59', 0, NULL),
(951, 'ncovendonpv', 'Nealson', 'Covendon', 2, '4230 Arapahoe Alley', '1989-06-05', '0937921-8524', 'ncovendonpv@alibaba.com', 'ZX0cUG5lD00s', NULL, NULL, 0, 0, 0, 1, 'e68283f3b8774862777c182486d69934', '2019-07-06 01:25:22', '2019-01-02 12:21:37', 0, NULL),
(952, 'kcheltnampw', 'Katleen', 'Cheltnam', 2, '1014 Orin Plaza', '2000-09-12', '09932344376', 'kcheltnampw@umich.edu', 'wBrVf3PD', NULL, NULL, 0, 0, 0, 1, 'cb2fabbae61c72a8a36de075022af451', '2019-08-26 01:59:58', '2019-01-12 05:38:01', 0, NULL),
(953, 'istrassepx', 'Isak', 'Strasse', 1, '25 Kipling Hill', '1968-01-21', '09865653482', 'istrassepx@hexun.com', 'qDXmCmdkA', NULL, NULL, 0, 0, 0, 1, 'b887b70a24e2e05400feba06bbc6df92', '2018-12-15 21:02:00', '2019-09-23 03:30:49', 0, NULL),
(954, 'mconvillepy', 'Meggy', 'Conville', 2, '96 Twin Pines Way', '1998-01-20', '0934-6915565', 'mconvillepy@spotify.com', 'bbtXz9BCpz5N', NULL, NULL, 0, 0, 0, 1, 'e81e9c9642384c4cf1bd555b4c29c14d', '2018-11-26 11:36:25', '2019-08-21 22:13:44', 0, NULL),
(955, 'ftyrrellpz', 'Frederigo', 'Tyrrell', 1, '7259 Toban Avenue', '1974-11-30', '0900-6037957', 'ftyrrellpz@fotki.com', 'MmUT1TeZAzq', NULL, NULL, 0, 0, 0, 1, 'bd30126fe98b3f354119cb550a83008e', '2019-03-14 05:04:41', '2019-03-20 14:26:38', 0, NULL),
(956, 'aconmanq0', 'Alvinia', 'Conman', 0, '110 Arizona Circle', '1990-04-12', '0949-1316450', 'aconmanq0@jigsy.com', 'JD6avWKdik', NULL, NULL, 0, 0, 0, 1, '00a889c9060a2d3555c4c16a0c69b359', '2019-02-03 03:05:42', '2019-05-27 08:31:15', 0, NULL),
(957, 'dcopemanq1', 'Devinne', 'Copeman', 1, '11 Coolidge Court', '1971-11-02', '09947488696', 'dcopemanq1@nationalgeographic.com', 'vpiYFUGfU', NULL, NULL, 0, 0, 0, 1, '887a6a0c389ae4860c119aaf37fcdfaf', '2019-09-10 03:26:54', '2019-07-18 00:09:58', 0, NULL),
(958, 'mwabeyq2', 'Matthaeus', 'Wabey', 1, '24032 Vernon Trail', '1969-12-03', '0907549-9771', 'mwabeyq2@dropbox.com', 'V1wCxlv', NULL, NULL, 0, 0, 0, 1, 'e0c75c8b979ee2fec63659da55377b7a', '2018-12-06 14:48:54', '2019-04-27 21:35:49', 0, NULL),
(959, 'blunamq3', 'Belita', 'Lunam', 1, '25 Novick Park', '1966-11-07', '0951868-7140', 'blunamq3@oracle.com', 'qS6Pq6IrlKs', NULL, NULL, 0, 0, 0, 1, '880e50edb6bc05b390309efa6cf586ef', '2019-04-10 13:32:25', '2019-01-18 12:06:44', 0, NULL),
(960, 'llockettq4', 'Lulu', 'Lockett', 2, '91 Schiller Crossing', '1970-11-17', '0958-2761512', 'llockettq4@bing.com', '1h96F1M', NULL, NULL, 0, 0, 0, 1, 'e3f5cf3b2c15dbeca8dd159486eddf78', '2019-04-15 06:51:40', '2019-05-14 06:41:59', 0, NULL),
(961, 'rcutlerq5', 'Rab', 'Cutler', 0, '5293 Rigney Parkway', '1989-02-05', '09524565613', 'rcutlerq5@topsy.com', 'ixxCf8IlvL', NULL, NULL, 0, 0, 0, 1, '2c64fab23bf4279f4f5e9a859003e2a0', '2019-08-22 09:57:07', '2019-08-31 13:05:56', 0, NULL),
(962, 'bmerrimentq6', 'Bette-ann', 'Merriment', 1, '81 Hanson Junction', '1990-06-07', '0945518-5552', 'bmerrimentq6@ucsd.edu', 'UbKhsHJuhZV3', NULL, NULL, 0, 0, 0, 1, '86ad21a5d3b6c30277a2f1180eae048d', '2019-10-22 02:31:44', '2019-10-09 06:18:39', 0, NULL),
(963, 'dlentq7', 'Dominique', 'Lent', 1, '86110 Bowman Circle', '1990-06-27', '0907-1075876', 'dlentq7@cnbc.com', 'CzITUO', NULL, NULL, 0, 0, 0, 1, '08070906926c456b7694f84af5a85620', '2019-03-28 14:15:37', '2019-01-12 03:08:11', 0, NULL),
(964, 'hkollatschq8', 'Herbert', 'Kollatsch', 0, '94 Tony Plaza', '2009-03-04', '0992268-9384', 'hkollatschq8@globo.com', '6PHkTRey', NULL, NULL, 0, 0, 0, 1, 'edb6554e08f0aa01d2ac087e1f7c32c0', '2019-08-21 10:46:42', '2019-09-27 14:52:01', 0, NULL),
(965, 'mdawltreyq9', 'Martainn', 'Dawltrey', 1, '130 Sundown Terrace', '2012-01-04', '09736038035', 'mdawltreyq9@arizona.edu', 'EDvsv2CYGzKP', NULL, NULL, 0, 0, 0, 1, 'e6d5e3af7af3f57f069ef8893b79977d', '2019-03-23 06:29:56', '2019-08-07 07:48:54', 0, NULL),
(966, 'fwibrowqa', 'Fredek', 'Wibrow', 2, '472 Eagan Road', '2012-01-11', '0934070-3839', 'fwibrowqa@1und1.de', 'rgbqpjhAFVeu', NULL, NULL, 0, 0, 0, 1, '960d5b9a0a5850374d4f7a69827184d1', '2019-10-21 20:37:46', '2019-04-15 16:36:44', 0, NULL),
(967, 'rbriggqb', 'Renault', 'Brigg', 0, '9 Mallory Center', '1968-09-05', '0955-7048278', 'rbriggqb@gnu.org', 'WPxNPMMcLep', NULL, NULL, 0, 0, 0, 1, 'a4e304298d42162387a4c9c3545b27a7', '2018-11-19 09:32:47', '2019-02-21 20:43:06', 0, NULL),
(968, 'jtwidleqc', 'Jinny', 'Twidle', 1, '57800 Elka Hill', '2001-10-13', '09801049740', 'jtwidleqc@example.com', 'sMnGiiCtz', NULL, NULL, 0, 0, 0, 1, '68e02e174222afdf1b2e1edad4fce7d3', '2019-10-27 12:11:19', '2018-11-28 05:52:22', 0, NULL),
(969, 'bormesqd', 'Bruce', 'Ormes', 1, '2178 Lunder Alley', '1985-12-02', '0959957-5554', 'bormesqd@irs.gov', 'fwGelw', NULL, NULL, 0, 0, 0, 1, 'b4b2559f7eab9b23d8ec00a5ba4a1f2d', '2019-07-02 02:09:14', '2018-10-31 13:33:40', 0, NULL),
(970, 'bsyselandqe', 'Broderic', 'Syseland', 2, '0859 Vermont Circle', '1986-07-04', '0963-828-9692', 'bsyselandqe@phoca.cz', 'opCBaDXHUI', NULL, NULL, 0, 0, 0, 1, '74331b034c748d8ea395f7cd4949dbf8', '2018-11-08 06:25:28', '2019-05-19 02:22:14', 0, NULL),
(971, 'bwadelinqf', 'Becki', 'Wadelin', 1, '2515 Canary Hill', '1981-08-12', '09439727674', 'bwadelinqf@deviantart.com', 'r7WwfxKub', NULL, NULL, 0, 0, 0, 1, '370481ffa634a7e21c4284446f49804b', '2019-08-21 22:12:36', '2018-12-26 22:09:56', 0, NULL),
(972, 'mazamqg', 'Myrna', 'Azam', 2, '3855 Esker Terrace', '1977-04-27', '09151103349', 'mazamqg@arstechnica.com', 'TWCNJeueY9', NULL, NULL, 0, 0, 0, 1, 'fddf901c97e495d75a713d16d07d96b7', '2019-05-20 21:20:39', '2019-05-07 23:36:07', 0, NULL),
(973, 'steesqh', 'Steward', 'Tees', 1, '51 Bunting Place', '1972-05-06', '0903097-1269', 'steesqh@goo.ne.jp', '7wt85iyERDCX', NULL, NULL, 0, 0, 0, 1, '62cb6623ddac5c8e2b9f11ebd28c737d', '2019-10-20 17:46:25', '2019-04-11 21:12:25', 0, NULL),
(974, 'ssealeafqi', 'Seamus', 'Sealeaf', 2, '3 Cody Way', '2019-05-27', '0948-581-8312', 'ssealeafqi@mysql.com', 'cIw6G1myR9h', NULL, NULL, 0, 0, 0, 1, '9a0fc4e34c6e4e1ae0b0f8169ab9b9e2', '2018-11-21 18:29:38', '2019-09-20 07:02:40', 0, NULL),
(975, 'mreckusqj', 'Maxy', 'Reckus', 1, '52670 Mockingbird Street', '1970-07-05', '09623013278', 'mreckusqj@imageshack.us', 'hF3LqI5zKYd', NULL, NULL, 0, 0, 0, 1, 'd1e6d4a98837a67aa204cc183d30e795', '2019-02-15 10:10:33', '2019-08-23 17:45:17', 0, NULL),
(976, 'etohillqk', 'Eartha', 'Tohill', 0, '8940 Northfield Lane', '1979-01-14', '09906220233', 'etohillqk@cdc.gov', 'xhIdnjxDixLG', NULL, NULL, 0, 0, 0, 1, '33057087e2047beddfac132061d44dc6', '2019-02-04 17:27:03', '2019-08-25 13:05:30', 0, NULL),
(977, 'ccarousql', 'Constantin', 'Carous', 2, '00 Summer Ridge Road', '1969-05-03', '0975862-4406', 'ccarousql@sciencedaily.com', '0Px3pJJmsZf9', NULL, NULL, 0, 0, 0, 1, '6b8bcfe085f1502c697edc0329aef776', '2019-01-09 04:06:01', '2019-08-11 00:12:20', 0, NULL),
(978, 'dfourcadeqm', 'Darda', 'Fourcade', 0, '677 Melvin Circle', '1971-02-22', '09810140712', 'dfourcadeqm@gov.uk', 'gs34dzTNu0Lw', NULL, NULL, 0, 0, 0, 1, '656fd651415e7250d40b9e7dc397c882', '2019-06-24 01:29:10', '2019-09-01 15:15:09', 0, NULL),
(979, 'dbaggalleyqn', 'Dorelia', 'Baggalley', 0, '03 Independence Parkway', '2012-04-13', '09261200794', 'dbaggalleyqn@com.com', 'NwffCJKVm', NULL, NULL, 0, 0, 0, 1, 'b8cec4e1f67af02af8c4d596103f2ed0', '2019-04-03 03:22:34', '2018-11-16 18:03:16', 0, NULL),
(980, 'cborgnetqo', 'Cordell', 'Borgnet', 0, '1 Mesta Junction', '2003-11-01', '0978-846-1775', 'cborgnetqo@jalbum.net', 'u74cMt', NULL, NULL, 0, 0, 0, 1, 'bf161085c5ebae2670802d5605179f9a', '2018-11-24 14:30:35', '2019-07-06 09:56:46', 0, NULL),
(981, 'jmckelveyqp', 'Julius', 'McKelvey', 1, '720 Melrose Alley', '2009-04-06', '0905-858-0729', 'jmckelveyqp@walmart.com', 'a1I5hN', NULL, NULL, 0, 0, 0, 1, '8ee1961f35a27a1fd1edb1e9d9b38f6e', '2019-10-04 14:00:06', '2019-02-25 04:08:34', 0, NULL),
(982, 'dlipproseqq', 'Doralynne', 'Lipprose', 2, '001 Garrison Park', '1973-04-07', '0938-8781247', 'dlipproseqq@telegraph.co.uk', 'hQQtm3hU', NULL, NULL, 0, 0, 0, 1, 'd8ccd969ac11304d6f7757aeab78eee2', '2018-11-14 16:23:43', '2019-10-23 19:36:46', 0, NULL),
(983, 'oalekseicikqr', 'Owen', 'Alekseicik', 0, '385 Sheridan Street', '2010-08-22', '0917-9174634', 'oalekseicikqr@fastcompany.com', 'PzshzcX0fhh1', NULL, NULL, 0, 0, 0, 1, '4132acf3a1a483790260a358db35c7b7', '2019-08-01 12:40:28', '2019-07-04 18:30:19', 0, NULL),
(984, 'tandricqs', 'Traver', 'Andric', 2, '93728 Dahle Park', '1966-07-23', '09087992111', 'tandricqs@dyndns.org', 'bES0C7h0hVUD', NULL, NULL, 0, 0, 0, 1, '189ae607425a68f0f62f4a8a1082d210', '2019-03-28 16:03:01', '2019-06-03 08:51:56', 0, NULL),
(985, 'dmonikerqt', 'Dianne', 'Moniker', 2, '68279 Sloan Avenue', '1981-10-12', '09138054911', 'dmonikerqt@google.co.jp', 'fv9b6AV5l865', NULL, NULL, 0, 0, 0, 1, '28a4430f49c5f1ea1a6aeee6cd23abb5', '2019-08-18 16:07:12', '2019-08-31 10:24:50', 0, NULL),
(986, 'mfugglequ', 'Margeaux', 'Fuggle', 1, '4 Bultman Drive', '1995-05-05', '0913-511-7512', 'mfugglequ@creativecommons.org', 'yL9lFMIWU', NULL, NULL, 0, 0, 0, 1, '5b9b604d0bef8b1e09849f268aebeeb6', '2019-03-18 16:33:55', '2019-08-14 06:09:00', 0, NULL),
(987, 'adomenichelliqv', 'Aeriel', 'Domenichelli', 0, '231 Sundown Street', '1999-10-19', '09780284970', 'adomenichelliqv@skype.com', 'L7Yzyvaf', NULL, NULL, 0, 0, 0, 1, 'd9ab8876d9e55eba197282f961cb0734', '2019-02-27 22:51:05', '2019-04-14 09:16:25', 0, NULL),
(988, 'eidillqw', 'Elroy', 'Idill', 0, '0 Bartillon Way', '1990-07-21', '0928-578-9489', 'eidillqw@instagram.com', 'LhRFdaDWX', NULL, NULL, 0, 0, 0, 1, '976834bba3c02d7b563d80d956af9e6c', '2019-05-01 15:04:28', '2019-08-18 21:03:27', 0, NULL),
(989, 'rdoxseyqx', 'Rania', 'Doxsey', 0, '61 Lunder Circle', '2012-12-04', '0952427-3035', 'rdoxseyqx@psu.edu', 'scDjusQ', NULL, NULL, 0, 0, 0, 1, '0de349af22bb33f476bc49ec4748bd4c', '2019-01-13 22:38:23', '2018-12-27 23:10:59', 0, NULL),
(990, 'scandlishqy', 'Sasha', 'Candlish', 2, '1 5th Park', '2005-12-03', '0908940-1631', 'scandlishqy@sfgate.com', 'HCDYRlzQjF', NULL, NULL, 0, 0, 0, 1, '1ff380088be546cfcef1aab854d634c1', '2018-12-22 06:46:50', '2019-03-24 06:59:08', 0, NULL),
(991, 'jkearnsqz', 'Judith', 'Kearns', 0, '8437 Sherman Lane', '1990-12-19', '0930488-5563', 'jkearnsqz@hhs.gov', 'fFhoUUr0D', NULL, NULL, 0, 0, 0, 1, 'b5029d5479fc410805bc01242fd1184c', '2018-11-05 02:41:52', '2018-11-09 04:28:07', 0, NULL),
(992, 'ccollsr0', 'Curtice', 'Colls', 1, '0117 Thompson Park', '1985-01-03', '0908725-7923', 'ccollsr0@people.com.cn', 'pCZo4ojNF1A', NULL, NULL, 0, 0, 0, 1, '33af9580643aab7c4f7b19817bbb1b66', '2018-12-20 09:21:29', '2019-10-23 20:24:39', 0, NULL),
(993, 'tdegregarior1', 'Tracie', 'De Gregario', 2, '9266 Tony Lane', '1976-01-30', '09454036747', 'tdegregarior1@webmd.com', 'nCO34Pl3', NULL, NULL, 0, 0, 0, 1, '396c5ded6c1642c7c7197bb3cbf4a836', '2019-07-17 15:34:25', '2019-04-08 04:30:24', 0, NULL),
(994, 'tmclorinanr2', 'Tibold', 'McLorinan', 0, '230 Nova Hill', '1967-01-29', '0915-758-9449', 'tmclorinanr2@scientificamerican.com', 'MUEuNaPpWS', NULL, NULL, 0, 0, 0, 1, '800691986bcde4d8a83da877be99b66e', '2019-01-04 09:20:18', '2018-11-01 07:01:39', 0, NULL),
(995, 'estraser3', 'Ezra', 'Strase', 2, '4210 Cardinal Way', '2003-06-01', '0931947-5260', 'estraser3@comcast.net', '5PpXXLWrZp', NULL, NULL, 0, 0, 0, 1, '5839df32c0b116f97a46b247689c9798', '2018-11-20 22:22:33', '2019-10-04 11:51:54', 0, NULL),
(996, 'rdiwellr4', 'Roxy', 'Diwell', 1, '8418 Jana Center', '2016-09-02', '09259418968', 'rdiwellr4@nytimes.com', 'uFt6cHTwr', NULL, NULL, 0, 0, 0, 1, 'd5fa47ec7b8b7a7aeedfadbcdf4fe70e', '2019-10-15 10:25:26', '2019-05-18 19:10:02', 0, NULL),
(997, 'pworsallsr5', 'Phillipp', 'Worsalls', 2, '339 Northwestern Terrace', '1977-02-05', '0912-182-6126', 'pworsallsr5@tripadvisor.com', 'MQB18n3', NULL, NULL, 0, 0, 0, 1, '800e5e04e0403b3eef9f64adf5a21e77', '2019-09-30 00:31:03', '2019-03-24 21:46:49', 0, NULL);
INSERT INTO `users` (`id`, `username`, `first_name`, `last_name`, `gender`, `address`, `birth_date`, `mobile_no`, `email`, `password`, `profile_picture`, `profile_picture_dir`, `follower_count`, `following_count`, `follow_request_count`, `activated`, `activation_code`, `created`, `modified`, `deleted`, `deleted_date`) VALUES
(998, 'nkerslaker6', 'Nicolas', 'Kerslake', 0, '0 Truax Road', '1994-05-30', '0945-5343890', 'nkerslaker6@vimeo.com', 'BKgKPGy', NULL, NULL, 0, 0, 0, 1, 'ecbb06e41b2d63274479f787148fb41c', '2019-09-13 02:16:07', '2019-03-04 23:21:03', 0, NULL),
(999, 'dphilcockr7', 'Derron', 'Philcock', 2, '92 Stone Corner Avenue', '1996-04-07', '0943178-8680', 'dphilcockr7@wikispaces.com', 'EiBGHFNW4GiX', NULL, NULL, 0, 0, 0, 1, '6b14a64e2e81592920076646de0eb100', '2018-12-21 11:59:10', '2019-06-12 00:04:02', 0, NULL),
(1000, 'bkempstoner8', 'Beryl', 'Kempstone', 2, '32139 Everett Junction', '1966-05-11', '09813091576', 'bkempstoner8@bbc.co.uk', 'dwmcTG60', NULL, NULL, 0, 0, 0, 1, '3b252c0584e4f5549eaf0586f6e93583', '2019-07-13 14:51:30', '2019-05-28 16:58:05', 0, NULL),
(1001, 'gheppenspallr9', 'Ginelle', 'Heppenspall', 2, '442 Comanche Center', '1998-10-02', '0915-7608972', 'gheppenspallr9@gmpg.org', 'EzbDC2jK5', NULL, NULL, 0, 0, 0, 1, '0659cc2792fe167ffe91a3bd0c78734a', '2019-07-18 14:27:40', '2019-08-17 16:25:23', 0, NULL),
(1002, 'ebugbeera', 'Elsey', 'Bugbee', 2, '79765 Hagan Hill', '2007-07-18', '09763314916', 'ebugbeera@cisco.com', 'ImJLl9E', NULL, NULL, 0, 0, 0, 1, '26ef4e79864c74dc389f272f669fa031', '2019-10-09 23:24:21', '2019-05-12 00:02:38', 0, NULL),
(1003, 'fgunnellrb', 'Fredrick', 'Gunnell', 0, '78 Victoria Circle', '2018-08-04', '0900-7260090', 'fgunnellrb@irs.gov', 'jd5ibdqll', NULL, NULL, 0, 0, 0, 1, '0eeb8a29df097f14ffbeccfc29268b4c', '2019-10-04 02:17:44', '2019-08-03 03:35:56', 0, NULL),
(1004, 'ressebyrc', 'Rebecca', 'Esseby', 2, '21651 Hooker Park', '2016-06-27', '09782702014', 'ressebyrc@state.gov', 'cZrFulR', NULL, NULL, 0, 0, 0, 1, '7d045207c2672ee7b5f6261b093d12b9', '2019-10-23 22:06:43', '2019-07-10 17:06:11', 0, NULL),
(1005, 'cjostrd', 'Claudia', 'Jost', 2, '571 Sycamore Junction', '2019-03-14', '0932-8000615', 'cjostrd@amazonaws.com', 'sFWWVS51U0Wv', NULL, NULL, 0, 0, 0, 1, 'bc65bda8b3894890d79f8a2afa789719', '2019-07-29 17:54:16', '2019-02-18 04:44:59', 0, NULL),
(1006, 'hboughtflowerre', 'Hagan', 'Boughtflower', 0, '4434 Toban Drive', '1966-01-17', '09189750363', 'hboughtflowerre@dyndns.org', 'dCFexc978C4d', NULL, NULL, 0, 0, 0, 1, 'b110f64be6e8a2801fe5a552e08207f8', '2019-05-09 14:55:29', '2019-01-06 14:51:33', 0, NULL),
(1007, 'cfarishrf', 'Cherye', 'Farish', 0, '0026 Del Mar Terrace', '1975-12-25', '0929-113-1809', 'cfarishrf@jimdo.com', 'vCN33IXbrx', NULL, NULL, 0, 0, 0, 1, '5f57f4806c6dcc91b70d60ebde1e1de4', '2019-09-25 04:04:41', '2019-03-14 21:57:45', 0, NULL),
(1008, 'tbadhamrg', 'Teddy', 'Badham', 1, '86348 Onsgard Street', '1973-08-30', '09281226903', 'tbadhamrg@a8.net', '2BgzeUYDeC', NULL, NULL, 0, 0, 0, 1, '3a71f07bdf82941e47aea5c77b6b1b6f', '2019-03-13 00:42:37', '2019-03-05 23:08:47', 0, NULL),
(1009, 'pheymannrh', 'Pat', 'Heymann', 1, '177 Lukken Park', '1999-04-07', '09198667565', 'pheymannrh@photobucket.com', 'oaGI1dZ', NULL, NULL, 0, 0, 0, 1, 'c4ea4826799bd66077f1f6d0b7f8a89a', '2018-12-12 14:21:16', '2019-03-02 16:59:11', 0, NULL),
(1010, 'sszanthori', 'Seward', 'Szantho', 0, '93 Melody Pass', '2007-06-27', '09463827098', 'sszanthori@timesonline.co.uk', 'F6CgpaAMbz0', NULL, NULL, 0, 0, 0, 1, 'a54c37b5e155199f2eed9ac63af8eeed', '2018-12-25 14:08:04', '2019-08-05 10:02:25', 0, NULL),
(1011, 'pkebellrj', 'Patrizius', 'Kebell', 0, '2 Leroy Junction', '1984-03-29', '09043298248', 'pkebellrj@privacy.gov.au', 'RmSSMcKL', NULL, NULL, 0, 0, 0, 1, 'd58cacf44aae530e9b1ec7fc8c0782df', '2019-08-21 04:27:40', '2019-08-29 12:30:19', 0, NULL),
(1012, 'hpedrirk', 'Hubey', 'Pedri', 1, '4592 Vera Plaza', '2008-03-11', '09887786863', 'hpedrirk@com.com', 'kMaG85Tpu', NULL, NULL, 0, 0, 0, 1, '55a171ae1a0c987bdaa5dbf602a4a18a', '2019-07-07 21:26:42', '2018-12-08 10:22:58', 0, NULL),
(1013, 'maltyrl', 'Marten', 'Alty', 0, '88188 Eagle Crest Lane', '1991-06-28', '0998482-5576', 'maltyrl@ifeng.com', 'qZrX4Ufqgp1l', NULL, NULL, 0, 0, 0, 1, '29a50b4f25173396156fb0bdd88367c2', '2019-08-05 08:56:29', '2019-02-26 17:41:27', 0, NULL),
(1014, 'fgravesrm', 'Fraser', 'Graves', 2, '90 Marcy Trail', '2000-11-17', '09271394417', 'fgravesrm@alibaba.com', 'V3huJ47yX0', NULL, NULL, 0, 0, 0, 1, 'ae39a138bbaf0cb31875d5481eb42a47', '2019-05-13 22:18:35', '2018-12-04 02:56:39', 0, NULL),
(1015, 'bizattrn', 'Barclay', 'Izatt', 1, '6 Straubel Drive', '2015-06-23', '0920-1314972', 'bizattrn@wordpress.com', 'vFWg5444dL', NULL, NULL, 0, 0, 0, 1, 'c471f273d10153e9641229bd093161d1', '2019-03-28 09:05:19', '2019-07-23 11:32:29', 0, NULL),
(1016, 'opetrusro', 'Ophelia', 'Petrus', 2, '77104 Oakridge Park', '2006-02-12', '0991-7020472', 'opetrusro@woothemes.com', 'M4FU2VvK', NULL, NULL, 0, 0, 0, 1, '1f9159b73420c3730ecbb5e97d587519', '2019-02-22 20:20:44', '2019-02-10 19:21:10', 0, NULL),
(1017, 'hsiviorrp', 'Hodge', 'Sivior', 0, '33 Steensland Trail', '2018-11-12', '09925911519', 'hsiviorrp@google.co.uk', 'lXM0YlEa7', NULL, NULL, 0, 0, 0, 1, '20af0c02514bf29ac90d61f876e8fb8d', '2019-08-30 22:25:32', '2019-02-19 02:09:28', 0, NULL),
(1018, 'rdeinertrq', 'Raphael', 'Deinert', 0, '648 Caliangt Pass', '1980-01-03', '09983371112', 'rdeinertrq@state.gov', 'AeQLuc', NULL, NULL, 0, 0, 0, 1, 'c3200abe2159ffd107bc621c0cf50f67', '2018-10-29 14:09:52', '2019-03-14 05:32:34', 0, NULL),
(1019, 'legdellrr', 'Libby', 'Egdell', 2, '3969 Dryden Hill', '1977-11-05', '09345443362', 'legdellrr@webmd.com', 'CRnMKGptC', NULL, NULL, 0, 0, 0, 1, '04df9343a7c6220616f017ff60216585', '2018-12-02 00:17:56', '2018-12-27 01:24:40', 0, NULL),
(1020, 'Sparky0', 'Jimmy Jake', 'Jimenez II', 0, '<script>alert(\'hey\');</script>', '2019-11-04', '', 'jimenez.jimmyjake@gmail.com', '$2a$10$.HRueF98OHIzz5.vp93cvejK1IklIG/hThYV70xKZtEQv3zZX5gh.', NULL, NULL, 0, 0, 0, 1, '95000ed753b565567d2ecf07d96f1cc4', '2019-11-04 13:15:53', '2019-11-04 13:15:53', 0, NULL),
(1021, 'Sparky00', 'Jimmy Jake', 'Jimenez', 0, '<script>alert(\'hey\');</script>', '2019-11-04', '0927-574-8828', 'jimenez.jimmyjake@gmail.com', '$2a$10$5Te/r9ClUeFlbWn8ttYEReeS3XG4qV8e3y6q9ahUtcz8puHE5siFW', NULL, NULL, 0, 0, 0, NULL, 'bd81ec5a010976b6e2c23119eed8b33e', '2019-11-04 13:16:39', '2019-11-04 13:16:39', 0, NULL),
(1022, 'Sparky000', 'Jimmy Jake', 'Jimenez II', 0, 'Mandaluyong', '2019-11-04', '0927-574-8828', 'jimenez.jimmyjake@gmail.com', '$2a$10$J6DYDTbSWU8WGtJ4VheL/OrR6y87CpDc6KyLC7V.P98fT2bxXtzYy', NULL, NULL, 0, 0, 0, 1, 'f27532c4a8222f7c13eca31fb50ee713', '2019-11-04 13:19:18', '2019-11-04 13:25:02', 0, NULL),
(1023, 'Sparky01', 'Hacks', 'Hacks', 0, '<script>confirm(\'hey\');</script>', '2019-11-04', '0927-574-8828', 'jimenez.jimmyjake@gmail.com', '$2a$10$0i/IyUTFEJblU7/98FEy4.44LYbfajq.8hGufeq0xvwcPQGwTKDae', NULL, NULL, 0, 0, 0, 1, 'ea5401ef5fa8eacf5645ae5b33ebf2db', '2019-11-04 13:42:19', '2019-11-04 13:43:12', 0, NULL);

--
-- Indexes for dumped tables
--

--
-- Indexes for table `comments`
--
ALTER TABLE `comments`
  ADD PRIMARY KEY (`id`),
  ADD KEY `user_id` (`user_id`),
  ADD KEY `post_id` (`post_id`),
  ADD KEY `comment_id` (`comment_id`);

--
-- Indexes for table `followers`
--
ALTER TABLE `followers`
  ADD PRIMARY KEY (`id`),
  ADD KEY `user_follower_id` (`user_follower_id`),
  ADD KEY `user_followee_id` (`user_followee_id`);

--
-- Indexes for table `likes`
--
ALTER TABLE `likes`
  ADD PRIMARY KEY (`id`),
  ADD KEY `user_id` (`user_id`),
  ADD KEY `post_id` (`post_id`);

--
-- Indexes for table `notifications`
--
ALTER TABLE `notifications`
  ADD PRIMARY KEY (`id`),
  ADD KEY `user_id` (`user_id`);

--
-- Indexes for table `posts`
--
ALTER TABLE `posts`
  ADD PRIMARY KEY (`id`),
  ADD KEY `user_id` (`user_id`),
  ADD KEY `user_share_id` (`user_share_id`),
  ADD KEY `post_id` (`post_id`);

--
-- Indexes for table `users`
--
ALTER TABLE `users`
  ADD PRIMARY KEY (`id`);

--
-- AUTO_INCREMENT for dumped tables
--

--
-- AUTO_INCREMENT for table `comments`
--
ALTER TABLE `comments`
  MODIFY `id` int(11) NOT NULL AUTO_INCREMENT, AUTO_INCREMENT=209;

--
-- AUTO_INCREMENT for table `followers`
--
ALTER TABLE `followers`
  MODIFY `id` int(11) NOT NULL AUTO_INCREMENT, AUTO_INCREMENT=80;

--
-- AUTO_INCREMENT for table `likes`
--
ALTER TABLE `likes`
  MODIFY `id` int(255) NOT NULL AUTO_INCREMENT, AUTO_INCREMENT=188;

--
-- AUTO_INCREMENT for table `notifications`
--
ALTER TABLE `notifications`
  MODIFY `id` int(11) NOT NULL AUTO_INCREMENT;

--
-- AUTO_INCREMENT for table `posts`
--
ALTER TABLE `posts`
  MODIFY `id` int(255) NOT NULL AUTO_INCREMENT, AUTO_INCREMENT=165;

--
-- AUTO_INCREMENT for table `users`
--
ALTER TABLE `users`
  MODIFY `id` int(11) NOT NULL AUTO_INCREMENT, AUTO_INCREMENT=1024;

--
-- Constraints for dumped tables
--

--
-- Constraints for table `comments`
--
ALTER TABLE `comments`
  ADD CONSTRAINT `comments_ibfk_1` FOREIGN KEY (`user_id`) REFERENCES `users` (`id`),
  ADD CONSTRAINT `comments_ibfk_2` FOREIGN KEY (`post_id`) REFERENCES `posts` (`id`),
  ADD CONSTRAINT `comments_ibfk_3` FOREIGN KEY (`comment_id`) REFERENCES `comments` (`id`) ON DELETE CASCADE,
  ADD CONSTRAINT `comments_ibfk_4` FOREIGN KEY (`comment_id`) REFERENCES `comments` (`id`);

--
-- Constraints for table `followers`
--
ALTER TABLE `followers`
  ADD CONSTRAINT `followers_ibfk_1` FOREIGN KEY (`user_follower_id`) REFERENCES `users` (`id`),
  ADD CONSTRAINT `followers_ibfk_2` FOREIGN KEY (`user_followee_id`) REFERENCES `users` (`id`);

--
-- Constraints for table `likes`
--
ALTER TABLE `likes`
  ADD CONSTRAINT `likes_ibfk_1` FOREIGN KEY (`user_id`) REFERENCES `users` (`id`),
  ADD CONSTRAINT `likes_ibfk_2` FOREIGN KEY (`post_id`) REFERENCES `posts` (`id`);

--
-- Constraints for table `notifications`
--
ALTER TABLE `notifications`
  ADD CONSTRAINT `notifications_ibfk_1` FOREIGN KEY (`user_id`) REFERENCES `users` (`id`);

--
-- Constraints for table `posts`
--
ALTER TABLE `posts`
  ADD CONSTRAINT `posts_ibfk_1` FOREIGN KEY (`user_id`) REFERENCES `users` (`id`),
  ADD CONSTRAINT `posts_ibfk_2` FOREIGN KEY (`user_share_id`) REFERENCES `users` (`id`),
  ADD CONSTRAINT `posts_ibfk_3` FOREIGN KEY (`post_id`) REFERENCES `posts` (`id`);
COMMIT;

/*!40101 SET CHARACTER_SET_CLIENT=@OLD_CHARACTER_SET_CLIENT */;
/*!40101 SET CHARACTER_SET_RESULTS=@OLD_CHARACTER_SET_RESULTS */;
/*!40101 SET COLLATION_CONNECTION=@OLD_COLLATION_CONNECTION */;
